library,term,traits_tested,traits_P_lt_0_005,minimum_P,maximum_P,minimum_BH_FDR,FDR_significant_any_trait
Reactome_2022,CRMPs In Sema3A Signaling R-HSA-399956,3,3,0.00013544,0.0016368,0.5916865306122449,False
GO_BP_2023,Regulation Of Microtubule-Based Process (GO:0032886),3,3,0.00034045,0.0023681,0.5916865306122449,False
GO_BP_2023,Regulation Of Proteasomal Protein Catabolic Process (GO:0061136),3,3,0.00037844,0.0024456,0.5916865306122449,False
GO_BP_2023,Calcium Ion Import (GO:0070509),3,3,0.00061329,0.0029504,0.5916865306122449,False
GO_BP_2023,Smooth Muscle Cell Differentiation (GO:0051145),3,3,0.00060432,0.0030697,0.5916865306122449,False
GO_BP_2023,Chromatin Organization (GO:0006325),3,3,0.0014894,0.0047063,0.5916865306122449,False
GO_BP_2023,Regulation Of Lipid Transport (GO:0032368),3,2,0.0016015,0.005883,0.5931829444444445,False
Reactome_2022,"Cobalamin (Cbl, Vitamin B12) Transport And Metabolism R-HSA-196741",3,2,0.0018603,0.0064161,0.5916865306122449,False
GO_BP_2023,Negative Regulation Of Protein Serine/Threonine Kinase Activity (GO:0071901),3,2,0.0013794,0.00668,0.5916865306122449,False
GO_BP_2023,Proteasomal Protein Catabolic Process (GO:0010498),3,2,0.00017193,0.0068407,0.5916865306122449,False
GO_BP_2023,Extrinsic Apoptotic Signaling Pathway In Absence Of Ligand (GO:0097192),3,2,0.00035123,0.0070959,0.5916865306122449,False
GO_BP_2023,Proteasome-Mediated Ubiquitin-Dependent Protein Catabolic Process (GO:0043161),3,2,0.0019907,0.0076431,0.5916865306122449,False
GO_BP_2023,Response To Retinoic Acid (GO:0032526),3,2,0.0016284,0.007987,0.5916865306122449,False
GO_BP_2023,Regulation Of Dendrite Morphogenesis (GO:0048814),3,2,0.0035503,0.010398,0.6472500555555556,False
Reactome_2022,P75 NTR Receptor-Mediated Signaling R-HSA-193704,3,2,0.002012,0.010651,0.6472500555555556,False
GO_BP_2023,Cardiac Atrium Morphogenesis (GO:0003209),3,2,0.0022999,0.011214,0.5916865306122449,False
Reactome_2022,Hedgehog On State R-HSA-5632684,3,2,0.00061009,0.016295,0.5916865306122449,False
Reactome_2022,Acetylcholine Neurotransmitter Release Cycle R-HSA-264642,3,2,0.001668,0.017866,0.5916865306122449,False
GO_BP_2023,Regulation Of Proteolysis Involved In Protein Catabolic Process (GO:1903050),3,2,0.0011651,0.017997,0.6472500555555556,False
Reactome_2022,Cellular Response To Chemical Stress R-HSA-9711123,3,2,0.0013326,0.019433,0.5916865306122449,False
GO_BP_2023,Negative Regulation Of Osteoblast Differentiation (GO:0045668),3,2,0.0035364,0.019716,0.5916865306122449,False
GO_BP_2023,N-glycan Processing (GO:0006491),3,2,0.0023198,0.020939,0.5916865306122449,False
GO_BP_2023,"Wnt Signaling Pathway, Planar Cell Polarity Pathway (GO:0060071)",3,2,0.0015402,0.021307,0.5916865306122449,False
GO_BP_2023,Regulation Of Transforming Growth Factor Beta Production (GO:0071634),3,2,0.0034796,0.021632,0.5916865306122449,False
GO_BP_2023,Positive Regulation Of DNA Metabolic Process (GO:0051054),3,2,0.0010429,0.025283,0.6472500555555556,False
GO_BP_2023,Protein Targeting To Lysosome (GO:0006622),3,2,0.002618,0.026708,0.6472500555555556,False
GO_BP_2023,Positive Regulation Of Mitochondrion Organization (GO:0010822),3,2,0.00016227,0.034248,0.6420865333333333,False
Reactome_2022,Death Receptor Signaling R-HSA-73887,3,2,0.00027385,0.036624,0.6420865333333333,False
GO_BP_2023,Positive Regulation Of Intracellular Protein Transport (GO:0090316),3,2,0.00051875,0.043779,0.5916865306122449,False
GO_BP_2023,Positive Regulation Of Ossification (GO:0045778),3,2,0.0014899,0.045691,0.6472500555555556,False
GO_BP_2023,Cellular Response To Retinoic Acid (GO:0071300),3,2,0.0029805,0.051248,0.5916865306122449,False
GO_BP_2023,post-Golgi Vesicle-Mediated Transport (GO:0006892),3,2,0.0018891,0.055342,0.5916865306122449,False
GO_BP_2023,Negative Regulation Of MAPK Cascade (GO:0043409),3,1,0.0037552,0.0086695,0.5916865306122449,False
GO_BP_2023,Negative Regulation Of Ion Transmembrane Transporter Activity (GO:0032413),3,1,0.0041228,0.01109,0.6472500555555556,False
Reactome_2022,Regulation Of RUNX2 Expression And Activity R-HSA-8939902,3,1,0.0043113,0.011538,0.5916865306122449,False
Reactome_2022,"Cell Death Signaling Via NRAGE, NRIF And NADE R-HSA-204998",3,1,0.0026451,0.01166,0.5916865306122449,False
GO_BP_2023,Positive Regulation Of Chemokine Production (GO:0032722),3,1,0.0020716,0.01292,0.5931829444444445,False
GO_BP_2023,Regulation Of Ubiquitin-Dependent Protein Catabolic Process (GO:2000058),3,1,0.0044478,0.015482,0.6472500555555556,False
GO_BP_2023,Regulation Of Autophagy Of Mitochondrion (GO:1903146),3,1,0.0033741,0.016029,0.5916865306122449,False
GO_BP_2023,Positive Regulation Of Proteolysis Involved In Protein Catabolic Process (GO:1903052),3,1,0.0031338,0.018496,0.6472500555555556,False
Reactome_2022,RHOA GTPase Cycle R-HSA-8980692,3,1,0.0034521,0.021166,0.5916865306122449,False
Reactome_2022,Uptake Of Dietary Cobalamins Into Enterocytes R-HSA-9758881,3,1,0.0036027,0.022622,0.5916865306122449,False
GO_BP_2023,Negative Regulation Of Oxidative Stress-Induced Intrinsic Apoptotic Signaling Pathway (GO:1902176),3,1,0.0034804,0.024021,0.5916865306122449,False
GO_BP_2023,Negative Regulation Of Nucleic Acid-Templated Transcription (GO:1903507),3,1,0.0047333,0.03279,0.5916865306122449,False
GO_BP_2023,Regulation Of Establishment Of Planar Polarity (GO:0090175),3,1,0.0043651,0.035387,0.5916865306122449,False
GO_BP_2023,Cytoskeleton Organization (GO:0007010),3,1,0.0013236,0.036707,0.6802615333333333,False
GO_BP_2023,Inositol Lipid-Mediated Signaling (GO:0048017),3,1,0.0011081,0.039052,0.6472500555555556,False
GO_BP_2023,Myotube Differentiation (GO:0014902),3,1,0.0039714,0.042657,0.6892383970588236,False
GO_BP_2023,Regulation Of Blood Circulation (GO:1903522),3,1,0.0036572,0.050416,0.5916865306122449,False
Reactome_2022,GLI3 Is Processed To GLI3R By Proteasome R-HSA-5610785,3,1,0.0025314,0.060469,0.5916865306122449,False
GO_BP_2023,Cardiac Right Ventricle Morphogenesis (GO:0003215),3,1,0.0043973,0.065012,0.5916865306122449,False
GO_BP_2023,Regulation Of Epidermal Growth Factor Receptor Signaling Pathway (GO:0042058),3,1,0.0049964,0.065394,0.7827946511627907,False
GO_BP_2023,Immune Response-Regulating Cell Surface Receptor Signaling Pathway (GO:0002768),3,1,0.0045163,0.073924,0.6472500555555556,False
Reactome_2022,Regulation Of BACH1 Activity R-HSA-9708530,3,1,0.0041903,0.08551,0.7827946511627907,False
GO_BP_2023,Regulation Of Vascular Endothelial Growth Factor Receptor Signaling Pathway (GO:0030947),3,1,0.0022234,0.092664,0.7827946511627907,False
Reactome_2022,NR1H2 And NR1H3-mediated Signaling R-HSA-9024446,3,1,0.003373,0.092761,0.7827946511627907,False
Reactome_2022,Metabolism Of Porphyrins R-HSA-189445,3,1,0.0049463,0.097725,0.5916865306122449,False
Reactome_2022,Degradation Of GLI1 By Proteasome R-HSA-5610780,3,1,0.0048115,0.10532,0.5916865306122449,False
GO_BP_2023,Regulation Of Proteolysis (GO:0030162),3,1,0.0017085,0.12007,0.5916865306122449,False
GO_BP_2023,Regulation Of Cytoskeleton Organization (GO:0051493),3,1,0.0014113,0.12514,0.5916865306122449,False
GO_BP_2023,Negative Regulation Of Cell Differentiation (GO:0045596),3,1,0.0022285,0.13137,0.5916865306122449,False
GO_BP_2023,Positive Regulation Of DNA Replication (GO:0045740),3,1,0.0046777,0.15225,0.7827946511627907,False
GO_BP_2023,Endothelium Development (GO:0003158),3,1,0.001705,0.17976,0.7232041666666666,False
GO_BP_2023,Positive Regulation Of Epithelial To Mesenchymal Transition (GO:0010718),3,1,0.004702,0.50441,0.5916865306122449,False
GO_BP_2023,Regulation Of Epithelial To Mesenchymal Transition (GO:0010717),3,1,0.003526,0.85383,0.5916865306122449,False
Reactome_2022,Defects In Vitamin And Cofactor Metabolism R-HSA-3296482,3,0,0.0053201,0.011146,0.5916865306122449,False
GO_BP_2023,Negative Regulation Of MAP Kinase Activity (GO:0043407),3,0,0.0053645,0.01239,0.6472500555555556,False
GO_BP_2023,Mesenchymal Cell Differentiation (GO:0048762),3,0,0.0068667,0.012463,0.6472500555555556,False
GO_BP_2023,Negative Regulation Of Cellular Response To Growth Factor Stimulus (GO:0090288),3,0,0.0053541,0.012781,0.6472500555555556,False
GO_BP_2023,Positive Regulation Of Mitochondrial Outer Membrane Permeabilization Involved In Apoptotic Signaling Pathway (GO:1901030),3,0,0.0060392,0.013133,0.6472500555555556,False
GO_BP_2023,Transcription By RNA Polymerase II (GO:0006366),3,0,0.011424,0.013265,0.755170909090909,False
GO_BP_2023,Intracellular Sodium Ion Homeostasis (GO:0006883),3,0,0.0092079,0.017937,0.6892383970588236,False
GO_BP_2023,Regulation Of Microtubule Cytoskeleton Organization (GO:0070507),3,0,0.0067253,0.018122,0.6472500555555556,False
GO_BP_2023,Bile Acid And Bile Salt Transport (GO:0015721),3,0,0.0093851,0.019961,0.6906112,False
Reactome_2022,Transcription Of E2F Targets Under Negative Control By DREAM Complex R-HSA-1362277,3,0,0.0056645,0.019985,0.5916865306122449,False
Reactome_2022,GSK3B And BTRC:CUL1-mediated-degradation Of NFE2L2 R-HSA-9762114,3,0,0.0062931,0.020222,0.5931829444444445,False
GO_BP_2023,Regulation Of Fibroblast Migration (GO:0010762),3,0,0.018988,0.022459,0.7646050657894736,False
GO_BP_2023,Positive Regulation Of T-helper 1 Type Immune Response (GO:0002827),3,0,0.0076718,0.023237,0.6773927288135594,False
GO_BP_2023,Embryo Development Ending In Birth Or Egg Hatching (GO:0009792),3,0,0.0090332,0.024122,0.726716796875,False
GO_BP_2023,Protein Localization To Condensed Chromosome (GO:1903083),3,0,0.022206,0.024905,0.7684385119047619,False
GO_BP_2023,Negative Regulation Of Macrophage Derived Foam Cell Differentiation (GO:0010745),3,0,0.0056548,0.02523,0.6472500555555556,False
GO_BP_2023,Glomerular Filtration (GO:0003094),3,0,0.00786,0.025596,0.7364463013698631,False
GO_BP_2023,Regulation Of Transcription Initiation By RNA Polymerase II (GO:0060260),3,0,0.0092956,0.027069,0.7279169846153846,False
GO_BP_2023,Positive Regulation Of DNA-templated Transcription Initiation (GO:2000144),3,0,0.0095057,0.028043,0.7326160810810811,False
Reactome_2022,Nuclear Receptor Transcription Pathway R-HSA-383280,3,0,0.0060392,0.029574,0.6472500555555556,False
GO_BP_2023,"Positive Regulation Of mRNA Splicing, Via Spliceosome (GO:0048026)",3,0,0.0067092,0.029592,0.7598961313868613,False
Reactome_2022,NRAGE Signals Death Thru JNK R-HSA-193648,3,0,0.011796,0.030303,0.7615670886075949,False
Reactome_2022,Asymmetric Localization Of PCP Proteins R-HSA-4608870,3,0,0.0055272,0.030739,0.5916865306122449,False
GO_BP_2023,Regulation Of Cellular Component Organization (GO:0051128),3,0,0.022001,0.030792,0.7646050657894736,False
Reactome_2022,DCC Mediated Attractive Signaling R-HSA-418885,3,0,0.0061818,0.030883,0.7615670886075949,False
GO_BP_2023,Regulation Of Protein Targeting To Mitochondrion (GO:1903214),3,0,0.0085088,0.031164,0.7235604666666667,False
GO_BP_2023,Outflow Tract Septum Morphogenesis (GO:0003148),3,0,0.014356,0.031286,0.7827946511627907,False
GO_BP_2023,Membrane Protein Proteolysis (GO:0033619),3,0,0.020243,0.031516,0.7646050657894736,False
GO_BP_2023,Positive Regulation Of Sodium Ion Transmembrane Transporter Activity (GO:2000651),3,0,0.014135,0.032476,0.7827946511627907,False
GO_BP_2023,protein-DNA Complex Organization (GO:0071824),3,0,0.0094976,0.03335,0.6906112,False
Reactome_2022,Defects In Cobalamin (B12) Metabolism R-HSA-3296469,3,0,0.0051767,0.033641,0.5916865306122449,False
Reactome_2022,Signaling By Hedgehog R-HSA-5358351,3,0,0.0061807,0.034186,0.5931829444444445,False
Reactome_2022,KEAP1-NFE2L2 Pathway R-HSA-9755511,3,0,0.01051,0.034356,0.7326160810810811,False
GO_BP_2023,Regulation Of Intrinsic Apoptotic Signaling Pathway (GO:2001242),3,0,0.031191,0.034861,0.8111107075471697,False
GO_BP_2023,Regulation Of Phosphoprotein Phosphatase Activity (GO:0043666),3,0,0.016582,0.036107,0.7598961313868613,False
GO_BP_2023,G Protein-Coupled Glutamate Receptor Signaling Pathway (GO:0007216),3,0,0.016132,0.036706,0.7827946511627907,False
GO_BP_2023,Negative Regulation Of Sodium Ion Transmembrane Transporter Activity (GO:2000650),3,0,0.014967,0.037869,0.7827946511627907,False
GO_BP_2023,Regulation Of Autophagy (GO:0010506),3,0,0.0269,0.038547,0.8298750915750917,False
Reactome_2022,Semaphorin Interactions R-HSA-373755,3,0,0.0064138,0.038694,0.6773927288135594,False
GO_BP_2023,Sensory Perception Of Light Stimulus (GO:0050953),3,0,0.023116,0.039598,0.8273067857142858,False
GO_BP_2023,Positive Regulation Of mRNA Processing (GO:0050685),3,0,0.012084,0.039629,0.7795909677419355,False
GO_BP_2023,Positive Regulation Of Protein Dephosphorylation (GO:0035307),3,0,0.0053358,0.039835,0.5916865306122449,False
GO_BP_2023,Regulation Of Fibroblast Growth Factor Receptor Signaling Pathway (GO:0040036),3,0,0.018283,0.040968,0.7646050657894736,False
GO_BP_2023,Atrial Septum Morphogenesis (GO:0060413),3,0,0.019351,0.041361,0.7598961313868613,False
Reactome_2022,Cell-extracellular Matrix Interactions R-HSA-446353,3,0,0.024404,0.04165,0.8273067857142858,False
Reactome_2022,Downstream TCR Signaling R-HSA-202424,3,0,0.027135,0.041997,0.8273067857142858,False
GO_BP_2023,Regulation Of Insulin Receptor Signaling Pathway (GO:0046626),3,0,0.018721,0.042195,0.7598961313868613,False
Reactome_2022,Activation Of SMO R-HSA-5635838,3,0,0.028173,0.042424,0.8298750915750917,False
GO_BP_2023,Chromatin Remodeling (GO:0006338),3,0,0.018679,0.042466,0.7827946511627907,False
Reactome_2022,Other Semaphorin Interactions R-HSA-416700,3,0,0.030903,0.043225,0.8273067857142858,False
Reactome_2022,TGF-beta Receptor Signaling Activates SMADs R-HSA-2173789,3,0,0.016397,0.043957,0.7598961313868613,False
GO_BP_2023,Actomyosin Structure Organization (GO:0031032),3,0,0.020777,0.043996,0.8011737121212121,False
GO_BP_2023,RNA Modification (GO:0009451),3,0,0.021564,0.044374,0.8273067857142858,False
GO_BP_2023,Regulation Of Synapse Organization (GO:0050807),3,0,0.026266,0.045072,0.7995480193236716,False
Reactome_2022,Transcriptional Regulation By RUNX2 R-HSA-8878166,3,0,0.034928,0.045855,0.8446783644859814,False
GO_BP_2023,Ventricular Cardiac Muscle Tissue Development (GO:0003229),3,0,0.030323,0.04603,0.8273067857142858,False
GO_BP_2023,Retinoic Acid Receptor Signaling Pathway (GO:0048384),3,0,0.019454,0.046074,0.7827946511627907,False
GO_BP_2023,Mitochondrion Transport Along Microtubule (GO:0047497),3,0,0.017944,0.046091,0.7598961313868613,False
Reactome_2022,FBXL7 Down-Regulates AURKA During Mitotic Entry And In Early Mitosis R-HSA-8854050,3,0,0.02432,0.046985,0.8273067857142858,False
GO_BP_2023,Regulation Of Phosphorylation (GO:0042325),3,0,0.027088,0.047132,0.8273067857142858,False
GO_BP_2023,Negative Regulation Of Protein Depolymerization (GO:1901880),3,0,0.041009,0.047557,0.8298750915750917,False
GO_BP_2023,Membrane Protein Intracellular Domain Proteolysis (GO:0031293),3,0,0.022149,0.04781,0.7646050657894736,False
Reactome_2022,G Alpha (12/13) Signaling Events R-HSA-416482,3,0,0.018775,0.048655,0.7827946511627907,False
GO_BP_2023,Regulation Of Intracellular Signal Transduction (GO:1902531),3,0,0.033711,0.04904,0.8111107075471697,False
Reactome_2022,Cyclin E Associated Events During G1/S Transition R-HSA-69202,3,0,0.01604,0.049784,0.7598961313868613,False
Reactome_2022,"Nucleotide-binding Domain, Leucine Rich Repeat Containing NLR Signaling Pathways R-HSA-168643",3,0,0.032329,0.0498,0.8411479499999999,False
GO_BP_2023,Striated Muscle Cell Development (GO:0055002),3,0,0.021631,0.049803,0.8155688148148149,False
GO_BP_2023,Anterograde Axonal Transport (GO:0008089),3,0,0.026954,0.05064,0.7995480193236716,False
GO_BP_2023,Ubiquitin-Dependent Protein Catabolic Process (GO:0006511),3,0,0.0099483,0.051031,0.7326160810810811,False
GO_BP_2023,Regulation Of cAMP-mediated Signaling (GO:0043949),3,0,0.02573,0.051508,0.8273067857142858,False
GO_BP_2023,Regulation Of Protein Kinase B Signaling (GO:0051896),3,0,0.021187,0.051592,0.8273067857142858,False
Reactome_2022,Signaling By B Cell Receptor (BCR) R-HSA-983705,3,0,0.024612,0.051952,0.7684385119047619,False
Reactome_2022,Antigen processing-Cross Presentation R-HSA-1236975,3,0,0.013694,0.05298,0.7598961313868613,False
GO_BP_2023,Regulation Of Establishment Of Protein Localization (GO:0070201),3,0,0.012704,0.053322,0.7598961313868613,False
Reactome_2022,Gene And Protein Expression By JAK-STAT Signaling After Interleukin-12 Stimulation R-HSA-8950505,3,0,0.042098,0.053949,0.8635484411764706,False
Reactome_2022,Hedgehog Off State R-HSA-5610787,3,0,0.014614,0.054076,0.7598961313868613,False
Reactome_2022,Signaling By ROBO Receptors R-HSA-376176,3,0,0.018278,0.054254,0.7598961313868613,False
GO_BP_2023,Regulation Of Small GTPase Mediated Signal Transduction (GO:0051056),3,0,0.0315,0.055206,0.7995480193236716,False
GO_BP_2023,Regulation Of Gastrulation (GO:0010470),3,0,0.01027,0.055265,0.7326160810810811,False
Reactome_2022,NOTCH4 Activation And Transmission Of Signal To Nucleus R-HSA-9013700,3,0,0.02473,0.055514,0.8273067857142858,False
GO_BP_2023,rRNA Modification (GO:0000154),3,0,0.022565,0.056468,0.7646050657894736,False
GO_BP_2023,Protein K48-linked Ubiquitination (GO:0070936),3,0,0.041182,0.057326,0.8635484411764706,False
GO_BP_2023,Positive Regulation Of Establishment Of Protein Localization To Mitochondrion (GO:1903749),3,0,0.0091541,0.057348,0.6892383970588236,False
GO_BP_2023,Regulation Of Cellular Response To Transforming Growth Factor Beta Stimulus (GO:1903844),3,0,0.018356,0.057473,0.8503912258064517,False
GO_BP_2023,Negative Regulation Of Cold-Induced Thermogenesis (GO:0120163),3,0,0.015055,0.058402,0.7827946511627907,False
GO_BP_2023,Negative Regulation Of Supramolecular Fiber Organization (GO:1902904),3,0,0.049071,0.059752,0.8635484411764706,False
GO_BP_2023,Regulation Of Protein-Containing Complex Assembly (GO:0043254),3,0,0.024623,0.060173,0.8492287962962963,False
Reactome_2022,FCERI Mediated NF-kB Activation R-HSA-2871837,3,0,0.029186,0.060352,0.8273067857142858,False
GO_BP_2023,Sodium-Independent Organic Anion Transport (GO:0043252),3,0,0.018851,0.060564,0.8273067857142858,False
GO_BP_2023,Cholesterol Efflux (GO:0033344),3,0,0.042805,0.060595,0.8604618021201413,False
Reactome_2022,Detoxification Of Reactive Oxygen Species R-HSA-3299685,3,0,0.035284,0.060629,0.8446783644859814,False
GO_BP_2023,Neural Tube Closure (GO:0001843),3,0,0.031272,0.060892,0.8273067857142858,False
GO_BP_2023,Atrial Cardiac Muscle Tissue Development (GO:0003228),3,0,0.023907,0.06113,0.7955800512820512,False
GO_BP_2023,Lymphocyte Activation Involved In Immune Response (GO:0002285),3,0,0.025363,0.061211,0.7684385119047619,False
GO_BP_2023,Regulation Of Microtubule Depolymerization (GO:0031114),3,0,0.027216,0.06265,0.7780630555555557,False
GO_BP_2023,Negative Regulation Of Cytoskeleton Organization (GO:0051494),3,0,0.052384,0.06272,0.8766172752043597,False
GO_BP_2023,Regulation Of Protein Catabolic Process (GO:0042176),3,0,0.034557,0.062766,0.821939859813084,False
GO_BP_2023,Regulation Of Protein Tyrosine Kinase Activity (GO:0061097),3,0,0.037431,0.064571,0.8601226180257511,False
GO_BP_2023,Protein Quality Control For Misfolded Or Incompletely Synthesized Proteins (GO:0006515),3,0,0.033515,0.064958,0.8446783644859814,False
GO_BP_2023,Mesoderm Formation (GO:0001707),3,0,0.0087206,0.065608,0.8273067857142858,False
GO_BP_2023,Positive Regulation Of Protein Targeting To Mitochondrion (GO:1903955),3,0,0.011414,0.065781,0.7598961313868613,False
GO_BP_2023,Lipoprotein Localization (GO:0044872),3,0,0.032114,0.065942,0.7995480193236716,False
Reactome_2022,Heme Biosynthesis R-HSA-189451,3,0,0.017371,0.066123,0.7598961313868613,False
GO_BP_2023,Regulation Of Protein-Containing Complex Disassembly (GO:0043244),3,0,0.038536,0.0663,0.8601226180257511,False
GO_BP_2023,Positive Regulation Of Phosphatase Activity (GO:0010922),3,0,0.029865,0.06801,0.7943846354166667,False
GO_BP_2023,Regulation Of Potassium Ion Transmembrane Transporter Activity (GO:1901016),3,0,0.043374,0.068046,0.8298750915750917,False
GO_BP_2023,Renal Filtration (GO:0097205),3,0,0.024663,0.068168,0.8273067857142858,False
GO_BP_2023,Positive Regulation Of Dendrite Morphogenesis (GO:0050775),3,0,0.012869,0.068804,0.8273067857142858,False
GO_BP_2023,Retina Homeostasis (GO:0001895),3,0,0.011726,0.068846,0.7615670886075949,False
Reactome_2022,Transport Of Organic Anions R-HSA-879518,3,0,0.019005,0.06939,0.8273067857142858,False
Reactome_2022,Signaling By NOTCH1 R-HSA-1980143,3,0,0.019057,0.06979,0.7827946511627907,False
GO_BP_2023,Axonal Transport Of Mitochondrion (GO:0019896),3,0,0.029525,0.069836,0.7995480193236716,False
GO_BP_2023,Negative Regulation Of Metabolic Process (GO:0009892),3,0,0.0071427,0.069878,0.7364463013698631,False
GO_BP_2023,Negative Regulation Of Multicellular Organismal Process (GO:0051241),3,0,0.016684,0.07008,0.7827946511627907,False
GO_BP_2023,Dosage Compensation By Inactivation Of X Chromosome (GO:0009048),3,0,0.052166,0.070098,0.8635484411764706,False
Reactome_2022,Role Of Phospholipids In Phagocytosis R-HSA-2029485,3,0,0.038936,0.0706,0.8601226180257511,False
GO_BP_2023,Pseudouridine Synthesis (GO:0001522),3,0,0.033561,0.070634,0.8446783644859814,False
GO_BP_2023,Eye Photoreceptor Cell Development (GO:0042462),3,0,0.050602,0.071011,0.8919786206896552,False
GO_BP_2023,Cellular Response To Oxidative Stress (GO:0034599),3,0,0.052652,0.072278,0.8874128476821191,False
Reactome_2022,Mitotic G2-G2/M Phases R-HSA-453274,3,0,0.052505,0.073102,0.8766172752043597,False
GO_BP_2023,Negative Regulation Of Insulin Receptor Signaling Pathway (GO:0046627),3,0,0.063036,0.07341,0.8766172752043597,False
GO_BP_2023,NAD Biosynthetic Process (GO:0009435),3,0,0.034223,0.073852,0.8298750915750917,False
GO_BP_2023,Positive Regulation Of Catabolic Process (GO:0009896),3,0,0.067222,0.074029,0.8848690726817042,False
Reactome_2022,Oxygen-dependent Proline Hydroxylation Of Hypoxia-inducible Factor Alpha R-HSA-1234176,3,0,0.0229,0.074133,0.7684385119047619,False
Reactome_2022,N-Glycan Antennae Elongation R-HSA-975577,3,0,0.02224,0.074599,0.8262890510948905,False
GO_BP_2023,Mesoderm Morphogenesis (GO:0048332),3,0,0.010903,0.075427,0.7827946511627907,False
GO_BP_2023,Regulation Of Cellular Metabolic Process (GO:0031323),3,0,0.01905,0.075499,0.7598961313868613,False
Reactome_2022,Signal Transduction By L1 R-HSA-445144,3,0,0.053323,0.07578,0.8635484411764706,False
GO_BP_2023,Positive Regulation Of BMP Signaling Pathway (GO:0030513),3,0,0.0091375,0.075873,0.726716796875,False
GO_BP_2023,Negative Regulation Of Release Of Cytochrome C From Mitochondria (GO:0090201),3,0,0.067256,0.077574,0.8848690726817042,False
GO_BP_2023,Lipoprotein Transport (GO:0042953),3,0,0.029771,0.078821,0.7943846354166667,False
Reactome_2022,Activated NOTCH1 Transmits Signal To Nucleus R-HSA-2122948,3,0,0.040069,0.079903,0.8642000423728814,False
GO_BP_2023,Regulation Of Organelle Organization (GO:0033043),3,0,0.03804,0.080006,0.8601226180257511,False
Reactome_2022,Degradation Of GLI2 By Proteasome R-HSA-5610783,3,0,0.0053865,0.080147,0.5916865306122449,False
GO_BP_2023,Positive Regulation Of Purine Nucleotide Biosynthetic Process (GO:1900373),3,0,0.011048,0.080737,0.7427381578947369,False
GO_BP_2023,Protein Localization To Kinetochore (GO:0034501),3,0,0.063206,0.081091,0.8766172752043597,False
GO_BP_2023,Positive Regulation Of Catalytic Activity (GO:0043085),3,0,0.027503,0.081344,0.7795909677419355,False
GO_BP_2023,Regulation Of Peptidyl-Serine Phosphorylation Of STAT Protein (GO:0033139),3,0,0.013297,0.081479,0.7598961313868613,False
GO_BP_2023,Non-Canonical Wnt Signaling Pathway (GO:0035567),3,0,0.014957,0.081799,0.7598961313868613,False
GO_BP_2023,Ceramide Biosynthetic Process (GO:0046513),3,0,0.012216,0.083222,0.7827946511627907,False
Reactome_2022,Ketone Body Metabolism R-HSA-74182,3,0,0.043106,0.083442,0.8724378717201167,False
GO_BP_2023,RNA Phosphodiester Bond Hydrolysis (GO:0090501),3,0,0.04772,0.084366,0.8604618021201413,False
GO_BP_2023,Mesenchymal Cell Migration (GO:0090497),3,0,0.028813,0.084382,0.8635484411764706,False
Reactome_2022,Class I MHC Mediated Antigen Processing And Presentation R-HSA-983169,3,0,0.037861,0.084564,0.8601226180257511,False
GO_BP_2023,Transcription Preinitiation Complex Assembly (GO:0070897),3,0,0.007127,0.084682,0.6364285964912281,False
GO_BP_2023,Regulation Of Supramolecular Fiber Organization (GO:1902903),3,0,0.019476,0.085771,0.7646050657894736,False
Reactome_2022,Translation Of Structural Proteins R-HSA-9683701,3,0,0.04166,0.085824,0.8635484411764706,False
Reactome_2022,Josephin Domain DUBs R-HSA-5689877,3,0,0.024109,0.085874,0.7995480193236716,False
GO_BP_2023,Cellular Response To Misfolded Protein (GO:0071218),3,0,0.025988,0.08616,0.7735609356725146,False
GO_BP_2023,"Protein Localization To Chromosome, Centromeric Region (GO:0071459)",3,0,0.031456,0.086946,0.8273067857142858,False
GO_BP_2023,Spliceosomal Complex Assembly (GO:0000245),3,0,0.04451,0.086998,0.8298750915750917,False
GO_BP_2023,Epithelial To Mesenchymal Transition (GO:0001837),3,0,0.058877,0.087722,0.8848690726817042,False
Reactome_2022,TCR Signaling R-HSA-202403,3,0,0.048858,0.088129,0.8635484411764706,False
Reactome_2022,Interleukin-12 Family Signaling R-HSA-447115,3,0,0.07895,0.088343,0.9046810444874276,False
Reactome_2022,Regulation Of Expression Of SLITs And ROBOs R-HSA-9010553,3,0,0.030434,0.089549,0.7955800512820512,False
GO_BP_2023,Cellular Respiration (GO:0045333),3,0,0.034361,0.089708,0.8446783644859814,False
Reactome_2022,Ubiquitin Mediated Degradation Of Phosphorylated Cdc25A R-HSA-69601,3,0,0.036506,0.089873,0.8298750915750917,False
GO_BP_2023,Regulation Of Plasma Membrane Bounded Cell Projection Organization (GO:0120035),3,0,0.048379,0.09103,0.8618889930555556,False
GO_BP_2023,Regulation Of Microtubule Polymerization (GO:0031113),3,0,0.013594,0.091447,0.7827946511627907,False
GO_BP_2023,Regulation Of Transforming Growth Factor Beta Receptor Signaling Pathway (GO:0017015),3,0,0.033775,0.091594,0.8111107075471697,False
Reactome_2022,RAC1 GTPase Cycle R-HSA-9013149,3,0,0.08454,0.091858,0.9046810444874276,False
GO_BP_2023,Protein Localization To Lysosome (GO:0061462),3,0,0.076412,0.092389,0.9061465200764818,False
GO_BP_2023,DNA Methylation (GO:0006306),3,0,0.045002,0.09269,0.8635484411764706,False
GO_BP_2023,Positive Regulation Of Protein Kinase B Signaling (GO:0051897),3,0,0.085012,0.093153,0.9046810444874276,False
GO_BP_2023,Positive Regulation Of DNA Repair (GO:0045739),3,0,0.010181,0.094024,0.7827946511627907,False
GO_BP_2023,Muscle Tissue Morphogenesis (GO:0060415),3,0,0.030479,0.094266,0.7955800512820512,False
GO_BP_2023,Negative Regulation Of Cellular Response To Insulin Stimulus (GO:1900077),3,0,0.066377,0.094589,0.8848690726817042,False
GO_BP_2023,Visual Perception (GO:0007601),3,0,0.073204,0.095358,0.9090356792144026,False
GO_BP_2023,Positive Regulation Of Transcription Initiation By RNA Polymerase II (GO:0060261),3,0,0.052365,0.095378,0.8635484411764706,False
GO_BP_2023,Regulation Of Protein Modification Process (GO:0031399),3,0,0.0094704,0.095735,0.7827946511627907,False
GO_BP_2023,Phosphatidylinositol-Mediated Signaling (GO:0048015),3,0,0.0070729,0.095986,0.8155688148148149,False
GO_BP_2023,Positive Regulation Of Peptidyl-Serine Phosphorylation Of STAT Protein (GO:0033141),3,0,0.035233,0.096708,0.8297403686635945,False
GO_BP_2023,Regulation Of Carbohydrate Metabolic Process (GO:0006109),3,0,0.095101,0.096917,0.9090356792144026,False
GO_BP_2023,Regulation Of Megakaryocyte Differentiation (GO:0045652),3,0,0.010107,0.097185,0.7326160810810811,False
GO_BP_2023,Negative Regulation Of Oxidative Stress-Induced Cell Death (GO:1903202),3,0,0.05596,0.097809,0.9090356792144026,False
Reactome_2022,RHOBTB2 GTPase Cycle R-HSA-9013418,3,0,0.088208,0.098298,0.9046810444874276,False
GO_BP_2023,Proteolysis Involved In Protein Catabolic Process (GO:0051603),3,0,0.032417,0.098639,0.7995480193236716,False
GO_BP_2023,RNA Polymerase II Preinitiation Complex Assembly (GO:0051123),3,0,0.014846,0.098944,0.7598961313868613,False
GO_BP_2023,Protein Targeting To Vacuole (GO:0006623),3,0,0.035519,0.098979,0.8635484411764706,False
GO_BP_2023,Fatty Acid Biosynthetic Process (GO:0006633),3,0,0.057167,0.099895,0.895692034883721,False
GO_BP_2023,Platelet-Derived Growth Factor Receptor Signaling Pathway (GO:0048008),3,0,0.060534,0.099959,0.895692034883721,False
GO_BP_2023,Positive Regulation Of Protein Modification Process (GO:0031401),3,0,0.059188,0.10019,0.8751797471910112,False
GO_BP_2023,Glycosaminoglycan Biosynthetic Process (GO:0006024),3,0,0.038808,0.10052,0.8635484411764706,False
GO_BP_2023,Modification-Dependent Protein Catabolic Process (GO:0019941),3,0,0.048257,0.10058,0.8618889930555556,False
GO_BP_2023,Negative Regulation Of Protein Metabolic Process (GO:0051248),3,0,0.022189,0.10062,0.8503912258064517,False
Reactome_2022,RHOBTB GTPase Cycle R-HSA-9706574,3,0,0.089376,0.10082,0.9046810444874276,False
GO_BP_2023,Glycosphingolipid Biosynthetic Process (GO:0006688),3,0,0.01746,0.10085,0.7598961313868613,False
GO_BP_2023,Negative Regulation Of Microtubule Depolymerization (GO:0007026),3,0,0.058946,0.10102,0.9090356792144026,False
GO_BP_2023,Negative Regulation Of Cell Junction Assembly (GO:1901889),3,0,0.077185,0.10116,0.9090356792144026,False
GO_BP_2023,Regulation Of Amyloid Fibril Formation (GO:1905906),3,0,0.04613,0.10119,0.8635484411764706,False
Reactome_2022,NRIF Signals Cell Death From Nucleus R-HSA-205043,3,0,0.071813,0.10199,0.9090356792144026,False
Reactome_2022,Activation Of NF-kappaB In B Cells R-HSA-1169091,3,0,0.070102,0.10206,0.9090356792144026,False
Reactome_2022,Signaling By CSF3 (G-CSF) R-HSA-9674555,3,0,0.012297,0.10212,0.7727374074074075,False
GO_BP_2023,Calcium-Mediated Signaling (GO:0019722),3,0,0.0086115,0.10213,0.7827946511627907,False
GO_BP_2023,Positive Regulation Of Dephosphorylation (GO:0035306),3,0,0.064249,0.10216,0.8848690726817042,False
Reactome_2022,Signaling By NOTCH4 R-HSA-9013694,3,0,0.037204,0.10248,0.8298750915750917,False
GO_BP_2023,Calcium-Mediated Signaling Using Intracellular Calcium Source (GO:0035584),3,0,0.039077,0.10249,0.8601226180257511,False
GO_BP_2023,Regulation Of Osteoblast Differentiation (GO:0045667),3,0,0.04404,0.10275,0.884001893939394,False
GO_BP_2023,Limb Morphogenesis (GO:0035108),3,0,0.027961,0.10315,0.7795909677419355,False
Reactome_2022,Degradation Of DVL R-HSA-4641258,3,0,0.037795,0.1039,0.8298750915750917,False
Hallmark_2020,Glycolysis,3,0,0.086408,0.10433,0.9090356792144026,False
GO_BP_2023,Positive Regulation Of Establishment Of Protein Localization (GO:1904951),3,0,0.087322,0.10491,0.9090356792144026,False
GO_BP_2023,Regulation Of Dendrite Development (GO:0050773),3,0,0.0091328,0.10492,0.8273067857142858,False
GO_BP_2023,Positive Regulation Of Superoxide Anion Generation (GO:0032930),3,0,0.011921,0.10575,0.7584736249999999,False
Reactome_2022,Sema3A PAK Dependent Axon Repulsion R-HSA-399954,3,0,0.055395,0.10576,0.895692034883721,False
Reactome_2022,Inactivation Of CSF3 (G-CSF) Signaling R-HSA-9705462,3,0,0.015897,0.10589,0.7827946511627907,False
GO_BP_2023,Branched-Chain Amino Acid Catabolic Process (GO:0009083),3,0,0.051806,0.10618,0.8874128476821191,False
Reactome_2022,G2/M Transition R-HSA-69275,3,0,0.069107,0.10636,0.8848690726817042,False
GO_BP_2023,Negative Regulation Of Potassium Ion Transmembrane Transport (GO:1901380),3,0,0.055562,0.1064,0.895692034883721,False
GO_BP_2023,mRNA Transcription By RNA Polymerase II (GO:0042789),3,0,0.055219,0.10644,0.8810252032520325,False
GO_BP_2023,Polyol Metabolic Process (GO:0019751),3,0,0.098229,0.10652,0.9090356792144026,False
GO_BP_2023,Negative Regulation Of Cation Transmembrane Transport (GO:1904063),3,0,0.034909,0.10677,0.8446783644859814,False
GO_BP_2023,Protein Autophosphorylation (GO:0046777),3,0,0.055055,0.1075,0.9017457051282052,False
GO_BP_2023,Regulation Of Mitochondrial Translation (GO:0070129),3,0,0.035268,0.10752,0.8297403686635945,False
GO_BP_2023,Response To Sterol (GO:0036314),3,0,0.051798,0.10847,0.8937569636963696,False
GO_BP_2023,Negative Regulation Of Developmental Process (GO:0051093),3,0,0.041922,0.10865,0.8781192592592593,False
Reactome_2022,Maturation Of Nucleoprotein R-HSA-9683610,3,0,0.06053,0.10894,0.8751797471910112,False
GO_BP_2023,Negative Regulation Of Axon Extension Involved In Axon Guidance (GO:0048843),3,0,0.042884,0.10897,0.8635484411764706,False
Reactome_2022,Inflammasomes R-HSA-622312,3,0,0.048757,0.10902,0.8618889930555556,False
GO_BP_2023,Vesicle-Mediated Transport To The Plasma Membrane (GO:0098876),3,0,0.039626,0.1091,0.8298750915750917,False
GO_BP_2023,rRNA Base Methylation (GO:0070475),3,0,0.033783,0.10943,0.8111107075471697,False
Reactome_2022,p75NTR Recruits Signaling Complexes R-HSA-209543,3,0,0.07198,0.10966,0.9090356792144026,False
GO_BP_2023,Cellular Response To UV (GO:0034644),3,0,0.091333,0.10971,0.9090356792144026,False
Reactome_2022,RUNX1 Interacts With Co-Factors Whose Precise Effect On RUNX1 Targets Is Not Known R-HSA-8939243,3,0,0.014224,0.11089,0.7827946511627907,False
GO_BP_2023,G1/S Transition Of Mitotic Cell Cycle (GO:0000082),3,0,0.097578,0.11097,0.9090356792144026,False
Reactome_2022,Vpu Mediated Degradation Of CD4 R-HSA-180534,3,0,0.028921,0.11182,0.7872079679144385,False
Reactome_2022,Stimuli-sensing Channels R-HSA-2672351,3,0,0.071868,0.11216,0.9109985401459854,False
GO_BP_2023,Protein Oxidation (GO:0018158),3,0,0.078635,0.11236,0.9046810444874276,False
GO_BP_2023,Negative Regulation Of Transmembrane Receptor Protein Serine/Threonine Kinase Signaling Pathway (GO:0090101),3,0,0.058419,0.1126,0.895692034883721,False
GO_BP_2023,Negative Regulation Of Phosphatase Activity (GO:0010923),3,0,0.061496,0.11261,0.8766172752043597,False
Reactome_2022,Biological Oxidations R-HSA-211859,3,0,0.036821,0.11274,0.8298750915750917,False
GO_BP_2023,Phosphatidylinositol Phosphate Biosynthetic Process (GO:0046854),3,0,0.067549,0.11381,0.9109985401459854,False
Reactome_2022,CDC42 GTPase Cycle R-HSA-9013148,3,0,0.025334,0.11397,0.7684385119047619,False
GO_BP_2023,Response To Reactive Oxygen Species (GO:0000302),3,0,0.03573,0.11403,0.8635484411764706,False
GO_BP_2023,Cardiac Muscle Tissue Morphogenesis (GO:0055008),3,0,0.027727,0.11405,0.8635484411764706,False
Reactome_2022,RHOU GTPase Cycle R-HSA-9013420,3,0,0.038477,0.11405,0.8298750915750917,False
Reactome_2022,Nuclear Events Mediated By NFE2L2 R-HSA-9759194,3,0,0.072481,0.11453,0.9109985401459854,False
Reactome_2022,Cross-presentation Of Soluble Exogenous Antigens (Endosomes) R-HSA-1236978,3,0,0.020453,0.11463,0.7598961313868613,False
GO_BP_2023,Protein Maturation By Iron-Sulfur Cluster Transfer (GO:0097428),3,0,0.017316,0.1155,0.8503912258064517,False
GO_BP_2023,Regulation Of Protein Import Into Nucleus (GO:0042306),3,0,0.068489,0.11589,0.9109985401459854,False
GO_BP_2023,Positive Regulation Of DNA Binding (GO:0043388),3,0,0.048813,0.116,0.8881686428571428,False
Reactome_2022,Cyclin A:Cdk2-associated Events At S Phase Entry R-HSA-69656,3,0,0.024621,0.11609,0.7684385119047619,False
Reactome_2022,Phase 2 - Plateau Phase R-HSA-5576893,3,0,0.011676,0.11644,0.7563482278481012,False
GO_BP_2023,Positive Regulation Of Glycolytic Process (GO:0045821),3,0,0.071668,0.1165,0.9109985401459854,False
GO_BP_2023,Ganglioside Metabolic Process (GO:0001573),3,0,0.054838,0.11687,0.8635484411764706,False
Reactome_2022,Interleukin-12 Signaling R-HSA-9020591,3,0,0.089685,0.1179,0.9046810444874276,False
GO_BP_2023,ATP Biosynthetic Process (GO:0006754),3,0,0.10031,0.11817,0.9109985401459854,False
GO_BP_2023,Regulation Of Microtubule Polymerization Or Depolymerization (GO:0031110),3,0,0.0065259,0.11827,0.5940211785714286,False
Hallmark_2020,Angiogenesis,3,0,0.040978,0.11827,0.8635484411764706,False
GO_BP_2023,mRNA Modification (GO:0016556),3,0,0.023211,0.11848,0.8503912258064517,False
Reactome_2022,Metabolism Of Polyamines R-HSA-351202,3,0,0.017379,0.11858,0.7598961313868613,False
GO_BP_2023,Photoreceptor Cell Development (GO:0042461),3,0,0.04323,0.11918,0.8635484411764706,False
Reactome_2022,G0 And Early G1 R-HSA-1538133,3,0,0.063591,0.12022,0.9041564480874318,False
GO_BP_2023,Negative Regulation Of Alcohol Biosynthetic Process (GO:1902931),3,0,0.022049,0.1204,0.7646050657894736,False
GO_BP_2023,Mucosal Immune Response (GO:0002385),3,0,0.0071493,0.12072,0.6498203035714285,False
GO_BP_2023,Regulation Of Anatomical Structure Morphogenesis (GO:0022603),3,0,0.071158,0.1211,0.9109985401459854,False
Hallmark_2020,UV Response Up,3,0,0.064179,0.12116,0.9046810444874276,False
GO_BP_2023,Negative Regulation Of Vascular Endothelial Growth Factor Receptor Signaling Pathway (GO:0030948),3,0,0.061038,0.12129,0.9109985401459854,False
Reactome_2022,CLEC7A (Dectin-1) Signaling R-HSA-5607764,3,0,0.013006,0.12194,0.7684385119047619,False
GO_BP_2023,Organelle Organization (GO:0006996),3,0,0.091306,0.12197,0.9046810444874276,False
GO_BP_2023,Intestinal Lipid Absorption (GO:0098856),3,0,0.090611,0.12256,0.9090356792144026,False
GO_BP_2023,SCF-dependent Proteasomal Ubiquitin-Dependent Protein Catabolic Process (GO:0031146),3,0,0.01687,0.1229,0.8273067857142858,False
GO_BP_2023,Ventricular Cardiac Muscle Tissue Morphogenesis (GO:0055010),3,0,0.015027,0.12319,0.8273067857142858,False
Reactome_2022,PECAM1 Interactions R-HSA-210990,3,0,0.028082,0.1233,0.8635484411764706,False
Reactome_2022,Recycling Of Bile Acids And Salts R-HSA-159418,3,0,0.075827,0.12345,0.913314680232558,False
Reactome_2022,N-glycan Antennae Elongation In medial/trans-Golgi R-HSA-975576,3,0,0.047139,0.1235,0.8881686428571428,False
GO_BP_2023,Branched-Chain Amino Acid Metabolic Process (GO:0009081),3,0,0.064533,0.12452,0.8848690726817042,False
GO_BP_2023,Odontogenesis (GO:0042476),3,0,0.035838,0.12616,0.8601226180257511,False
GO_BP_2023,Positive Regulation Of Cardiac Muscle Cell Proliferation (GO:0060045),3,0,0.03974,0.12698,0.8635484411764706,False
GO_BP_2023,Myofibril Assembly (GO:0030239),3,0,0.052703,0.12749,0.8635484411764706,False
Reactome_2022,Regulation Of Signaling By CBL R-HSA-912631,3,0,0.082038,0.12749,0.9046810444874276,False
GO_BP_2023,Regulation Of BMP Signaling Pathway (GO:0030510),3,0,0.079236,0.12804,0.9061465200764818,False
GO_BP_2023,Regulation Of Lipid Metabolic Process (GO:0019216),3,0,0.040333,0.12844,0.8642520588235294,False
Reactome_2022,APC/C-mediated Degradation Of Cell Cycle Proteins R-HSA-174143,3,0,0.040704,0.12852,0.8635484411764706,False
Reactome_2022,Fc Epsilon Receptor (FCERI) Signaling R-HSA-2454202,3,0,0.028951,0.12894,0.8273067857142858,False
GO_BP_2023,Retrograde Axonal Transport (GO:0008090),3,0,0.062085,0.12926,0.9024907458563536,False
GO_BP_2023,ncRNA-mediated Post-Transcriptional Gene Silencing (GO:0035194),3,0,0.099719,0.12957,0.9142010813887308,False
Reactome_2022,Acyl Chain Remodelling Of PE R-HSA-1482839,3,0,0.07837,0.13008,0.9109985401459854,False
GO_BP_2023,Neural Crest Cell Migration (GO:0001755),3,0,0.018516,0.13017,0.8503912258064517,False
GO_BP_2023,Positive Regulation Of Peptidyl-Tyrosine Phosphorylation (GO:0050731),3,0,0.065578,0.13196,0.9045205135135136,False
Reactome_2022,Downstream Signaling Events Of B Cell Receptor (BCR) R-HSA-1168372,3,0,0.036182,0.13256,0.8298750915750917,False
GO_BP_2023,Energy Derivation By Oxidation Of Organic Compounds (GO:0015980),3,0,0.02734,0.13283,0.8273067857142858,False
GO_BP_2023,Positive Regulation Of Telomerase RNA Localization To Cajal Body (GO:1904874),3,0,0.020383,0.13284,0.7598961313868613,False
GO_BP_2023,Pharyngeal System Development (GO:0060037),3,0,0.054575,0.13331,0.8635484411764706,False
GO_BP_2023,Heparan Sulfate Proteoglycan Metabolic Process (GO:0030201),3,0,0.02726,0.13385,0.7780630555555557,False
Reactome_2022,Signaling By SCF-KIT R-HSA-1433557,3,0,0.083183,0.13396,0.9142010813887308,False
GO_BP_2023,Macrophage Differentiation (GO:0030225),3,0,0.038566,0.13404,0.8635484411764706,False
Reactome_2022,Insulin Processing R-HSA-264876,3,0,0.016715,0.13429,0.7598961313868613,False
GO_BP_2023,Tube Closure (GO:0060606),3,0,0.08943,0.13525,0.9142010813887308,False
GO_BP_2023,Maintenance Of Protein Location In Nucleus (GO:0051457),3,0,0.099262,0.13528,0.9142010813887308,False
Reactome_2022,Transcription Of E2F Targets Under Negative Control By P107 (RBL1) And P130 (RBL2) In Complex With HDAC1 R-HSA-1362300,3,0,0.10361,0.136,0.9142010813887308,False
GO_BP_2023,O-glycan Processing (GO:0016266),3,0,0.016163,0.1363,0.7598961313868613,False
GO_BP_2023,Proton Transmembrane Transport (GO:1902600),3,0,0.096808,0.13658,0.9090356792144026,False
GO_BP_2023,Regulation Of Cytokine-Mediated Signaling Pathway (GO:0001959),3,0,0.016341,0.13671,0.7598961313868613,False
GO_BP_2023,mRNA Transcription (GO:0009299),3,0,0.096349,0.13671,0.9109985401459854,False
GO_BP_2023,Microtubule Nucleation (GO:0007020),3,0,0.049571,0.13743,0.8635484411764706,False
GO_BP_2023,Neuron Migration (GO:0001764),3,0,0.033715,0.138,0.8446783644859814,False
GO_BP_2023,Positive Regulation Of Reactive Oxygen Species Biosynthetic Process (GO:1903428),3,0,0.088377,0.13823,0.9090356792144026,False
GO_BP_2023,Regulation Of Axon Extension Involved In Axon Guidance (GO:0048841),3,0,0.040412,0.13847,0.8635484411764706,False
GO_BP_2023,Myeloid Leukocyte Differentiation (GO:0002573),3,0,0.09749,0.13931,0.9109985401459854,False
Reactome_2022,Keratan Sulfate/Keratin Metabolism R-HSA-1638074,3,0,0.019626,0.13932,0.7598961313868613,False
GO_BP_2023,Membrane Protein Ectodomain Proteolysis (GO:0006509),3,0,0.039993,0.13946,0.8298750915750917,False
GO_BP_2023,Cardiac Ventricle Morphogenesis (GO:0003208),3,0,0.098059,0.14011,0.9142010813887308,False
Reactome_2022,SEMA3A-Plexin Repulsion Signaling By Inhibiting Integrin Adhesion R-HSA-399955,3,0,0.098939,0.14016,0.9090356792144026,False
Reactome_2022,Negative Regulation Of NOTCH4 Signaling R-HSA-9604323,3,0,0.072827,0.14049,0.9109985401459854,False
Hallmark_2020,Hedgehog Signaling,3,0,0.025864,0.14112,0.7735609356725146,False
Reactome_2022,Killing Mechanisms R-HSA-9664420,3,0,0.088911,0.14122,0.9142010813887308,False
Reactome_2022,Glycogen Synthesis R-HSA-3322077,3,0,0.11723,0.14132,0.9142010813887308,False
Reactome_2022,Phase I - Functionalization Of Compounds R-HSA-211945,3,0,0.097008,0.14187,0.9142010813887308,False
Reactome_2022,ER-Phagosome Pathway R-HSA-1236974,3,0,0.057256,0.14199,0.8988341176470588,False
GO_BP_2023,Positive Regulation Of Peptidyl-Lysine Acetylation (GO:2000758),3,0,0.040827,0.14222,0.8635484411764706,False
GO_BP_2023,Negative Regulation Of Epithelial Cell Differentiation (GO:0030857),3,0,0.11669,0.14228,0.9142010813887308,False
GO_BP_2023,Regulation Of Axon Extension (GO:0030516),3,0,0.036383,0.14234,0.8635484411764706,False
Reactome_2022,Regulation Of RUNX3 Expression And Activity R-HSA-8941858,3,0,0.13309,0.14248,0.9142010813887308,False
GO_BP_2023,ERAD Pathway (GO:0036503),3,0,0.03291,0.14322,0.8635484411764706,False
GO_BP_2023,Cellular Response To Epidermal Growth Factor Stimulus (GO:0071364),3,0,0.085416,0.14417,0.9142010813887308,False
GO_BP_2023,Negative Regulation Of Receptor-Mediated Endocytosis (GO:0048261),3,0,0.079505,0.14523,0.9142010813887308,False
GO_BP_2023,Negative Regulation Of Peptidyl-Serine Phosphorylation (GO:0033137),3,0,0.066239,0.14536,0.8848690726817042,False
GO_BP_2023,Ceramide Metabolic Process (GO:0006672),3,0,0.11876,0.14538,0.9142010813887308,False
Reactome_2022,Molecules Associated With Elastic Fibres R-HSA-2129379,3,0,0.06417,0.14556,0.8827710810810812,False
Reactome_2022,RHOV GTPase Cycle R-HSA-9013424,3,0,0.056933,0.14557,0.8635484411764706,False
Reactome_2022,Regulation Of Apoptosis R-HSA-169911,3,0,0.058252,0.1456,0.910877225609756,False
Reactome_2022,NR1H3 And NR1H2 Regulate Gene Expression Linked To Cholesterol Transport And Efflux R-HSA-9029569,3,0,0.015167,0.14574,0.8273067857142858,False
GO_BP_2023,Regulation Of Intrinsic Apoptotic Signaling Pathway In Response To DNA Damage By P53 Class Mediator (GO:1902165),3,0,0.10478,0.1461,0.9090356792144026,False
GO_BP_2023,Regulation Of Nucleotide-Excision Repair (GO:2000819),3,0,0.014885,0.14629,0.7827946511627907,False
GO_BP_2023,Negative Chemotaxis (GO:0050919),3,0,0.010596,0.14654,0.8503912258064517,False
GO_BP_2023,Semaphorin-Plexin Signaling Pathway (GO:0071526),3,0,0.10719,0.14665,0.9109985401459854,False
Reactome_2022,Cytochrome P450 - Arranged By Substrate Type R-HSA-211897,3,0,0.077547,0.14737,0.9046810444874276,False
GO_BP_2023,Sensory Perception Of Taste (GO:0050909),3,0,0.11498,0.14812,0.9109985401459854,False
GO_BP_2023,Regulation Of Dendritic Spine Morphogenesis (GO:0061001),3,0,0.095927,0.14825,0.9090356792144026,False
GO_BP_2023,Positive Regulation Of Response To Stimulus (GO:0048584),3,0,0.067383,0.1492,0.9142010813887308,False
GO_BP_2023,Positive Regulation Of Histone Acetylation (GO:0035066),3,0,0.12454,0.15065,0.9142010813887308,False
GO_BP_2023,Regulation Of Macrophage Derived Foam Cell Differentiation (GO:0010743),3,0,0.029549,0.15091,0.8635484411764706,False
GO_BP_2023,Prostanoid Biosynthetic Process (GO:0046457),3,0,0.12111,0.15097,0.9142010813887308,False
GO_BP_2023,Receptor Clustering (GO:0043113),3,0,0.015293,0.15207,0.7827946511627907,False
GO_BP_2023,Positive Regulation Of Interleukin-6 Production (GO:0032755),3,0,0.093266,0.15207,0.9109985401459854,False
GO_BP_2023,Small GTPase Mediated Signal Transduction (GO:0007264),3,0,0.083466,0.15249,0.9046810444874276,False
Reactome_2022,RNA Polymerase III Transcription Initiation R-HSA-76046,3,0,0.095812,0.15262,0.9090356792144026,False
Reactome_2022,RHO GTPase Cycle R-HSA-9012999,3,0,0.013409,0.1529,0.7598961313868613,False
GO_BP_2023,MAPK Cascade (GO:0000165),3,0,0.02205,0.15327,0.8503912258064517,False
GO_BP_2023,Regulation Of Leukocyte Activation (GO:0002694),3,0,0.090342,0.15512,0.9046810444874276,False
GO_BP_2023,Axon Guidance (GO:0007411),3,0,0.031294,0.15541,0.8635484411764706,False
Reactome_2022,SARS-CoV-1 Infection R-HSA-9678108,3,0,0.039421,0.15625,0.8635484411764706,False
GO_BP_2023,Positive Regulation Of Cytokine-Mediated Signaling Pathway (GO:0001961),3,0,0.044087,0.15625,0.884001893939394,False
GO_BP_2023,Wound Healing (GO:0042060),3,0,0.034895,0.15628,0.8298750915750917,False
GO_BP_2023,Positive Regulation Of Histone Methylation (GO:0031062),3,0,0.055847,0.15665,0.895692034883721,False
GO_BP_2023,"Positive Regulation Of DNA-templated Transcription, Elongation (GO:0032786)",3,0,0.0085292,0.15676,0.7235604666666667,False
GO_BP_2023,Positive Regulation Of Cilium Assembly (GO:0045724),3,0,0.0089351,0.15747,0.726716796875,False
Hallmark_2020,Notch Signaling,3,0,0.10063,0.15791,0.9142010813887308,False
GO_BP_2023,Purine Ribonucleoside Triphosphate Biosynthetic Process (GO:0009206),3,0,0.024142,0.15812,0.8503912258064517,False
GO_BP_2023,Positive Regulation Of Programmed Cell Death (GO:0043068),3,0,0.1074,0.15817,0.9142010813887308,False
GO_BP_2023,Positive Regulation Of Extrinsic Apoptotic Signaling Pathway (GO:2001238),3,0,0.10752,0.15824,0.9142010813887308,False
GO_BP_2023,Chordate Embryonic Development (GO:0043009),3,0,0.019569,0.15871,0.7598961313868613,False
GO_BP_2023,Ganglioside Biosynthetic Process (GO:0001574),3,0,0.082638,0.15927,0.9142010813887308,False
GO_BP_2023,rRNA Methylation (GO:0031167),3,0,0.022801,0.15938,0.7646050657894736,False
GO_BP_2023,Pulmonary Valve Morphogenesis (GO:0003184),3,0,0.016139,0.15952,0.7598961313868613,False
GO_BP_2023,Positive Regulation Of Protein Import Into Nucleus (GO:0042307),3,0,0.12008,0.16019,0.9142010813887308,False
Reactome_2022,TRP Channels R-HSA-3295583,3,0,0.059826,0.16027,0.9142010813887308,False
Reactome_2022,"TICAM1, RIP1-mediated IKK Complex Recruitment R-HSA-168927",3,0,0.048221,0.16062,0.8881686428571428,False
GO_BP_2023,Erythrocyte Development (GO:0048821),3,0,0.005696,0.16071,0.5916865306122449,False
GO_BP_2023,Regulation Of Myeloid Cell Differentiation (GO:0045637),3,0,0.024973,0.16126,0.8503912258064517,False
Reactome_2022,RNA Polymerase III Abortive And Retractive Initiation R-HSA-749476,3,0,0.10441,0.16126,0.9090356792144026,False
Reactome_2022,Degradation Of Beta-Catenin By Destruction Complex R-HSA-195253,3,0,0.02452,0.16183,0.7684385119047619,False
GO_BP_2023,Response To Endoplasmic Reticulum Stress (GO:0034976),3,0,0.049589,0.16265,0.8635484411764706,False
GO_BP_2023,Regulation Of G0 To G1 Transition (GO:0070316),3,0,0.03456,0.16277,0.8446783644859814,False
GO_BP_2023,Cellular Response To Type III Interferon (GO:0071358),3,0,0.15623,0.16291,0.9142010813887308,False
GO_BP_2023,Type III Interferon-Mediated Signaling Pathway (GO:0038196),3,0,0.15623,0.16291,0.9142010813887308,False
GO_BP_2023,Negative Regulation Of Intrinsic Apoptotic Signaling Pathway (GO:2001243),3,0,0.037155,0.16402,0.8635484411764706,False
GO_BP_2023,Presynapse Organization (GO:0099172),3,0,0.078951,0.16494,0.9142010813887308,False
GO_BP_2023,"Synaptic Transmission, Glutamatergic (GO:0035249)",3,0,0.10855,0.16497,0.9142010813887308,False
GO_BP_2023,Positive Regulation Of Protein Localization (GO:1903829),3,0,0.014808,0.1652,0.7598961313868613,False
Reactome_2022,Role Of Second Messengers In Netrin-1 Signaling R-HSA-418890,3,0,0.04011,0.16529,0.8635484411764706,False
Reactome_2022,APC:Cdc20 Mediated Degradation Of Cell Cycle Proteins Before Cycle Checkpoint Satisfied R-HSA-179419,3,0,0.11619,0.16547,0.9142010813887308,False
GO_BP_2023,Regulation Of Delayed Rectifier Potassium Channel Activity (GO:1902259),3,0,0.0096496,0.16591,0.7326160810810811,False
GO_BP_2023,Ceramide Catabolic Process (GO:0046514),3,0,0.1237,0.16609,0.9142010813887308,False
Reactome_2022,Regulation Of FZD By Ubiquitination R-HSA-4641263,3,0,0.11611,0.16646,0.9109985401459854,False
GO_BP_2023,Transcription Initiation At RNA Polymerase II Promoter (GO:0006367),3,0,0.031712,0.16696,0.7995480193236716,False
GO_BP_2023,Embryonic Skeletal System Development (GO:0048706),3,0,0.019774,0.16713,0.7684385119047619,False
GO_BP_2023,Cell Cycle G1/S Phase Transition (GO:0044843),3,0,0.1288,0.1675,0.9142010813887308,False
Reactome_2022,Downregulation Of TGF-beta Receptor Signaling R-HSA-2173788,3,0,0.089439,0.16839,0.9142010813887308,False
GO_BP_2023,Protein Polyubiquitination (GO:0000209),3,0,0.11977,0.16859,0.9142010813887308,False
Reactome_2022,Early Phase Of HIV Life Cycle R-HSA-162594,3,0,0.083714,0.16869,0.9046810444874276,False
GO_BP_2023,Embryonic Axis Specification (GO:0000578),3,0,0.11958,0.16912,0.9142010813887308,False
Reactome_2022,Regulation Of Activated PAK-2p34 By Proteasome Mediated Degradation R-HSA-211733,3,0,0.069099,0.16988,0.9142010813887308,False
GO_BP_2023,Positive Regulation Of Histone Deacetylation (GO:0031065),3,0,0.057977,0.17002,0.910877225609756,False
GO_BP_2023,Secondary Palate Development (GO:0062009),3,0,0.14339,0.17051,0.9142010813887308,False
GO_BP_2023,NADPH Regeneration (GO:0006740),3,0,0.08226,0.17052,0.9142010813887308,False
GO_BP_2023,Post-Transcriptional Gene Silencing (GO:0016441),3,0,0.046687,0.17065,0.8635484411764706,False
GO_BP_2023,Negative Regulation Of Protein Kinase B Signaling (GO:0051898),3,0,0.03519,0.17077,0.8635484411764706,False
Reactome_2022,Pentose Phosphate Pathway R-HSA-71336,3,0,0.05947,0.17097,0.9142010813887308,False
Reactome_2022,APC/C:Cdc20 Mediated Degradation Of Mitotic Proteins R-HSA-176409,3,0,0.10241,0.17101,0.9142010813887308,False
Reactome_2022,DAP12 Interactions R-HSA-2172127,3,0,0.15081,0.17117,0.9142010813887308,False
GO_BP_2023,Primary miRNA Processing (GO:0031053),3,0,0.13965,0.17123,0.9142010813887308,False
Reactome_2022,Vif-mediated Degradation Of APOBEC3G R-HSA-180585,3,0,0.040221,0.17129,0.8298750915750917,False
GO_BP_2023,Eye Photoreceptor Cell Differentiation (GO:0001754),3,0,0.015611,0.17141,0.8503912258064517,False
Reactome_2022,Mitophagy R-HSA-5205647,3,0,0.058153,0.17184,0.895692034883721,False
Reactome_2022,Aspirin ADME R-HSA-9749641,3,0,0.11396,0.17184,0.9109985401459854,False
Reactome_2022,IRAK1 Recruits IKK Complex R-HSA-937039,3,0,0.061147,0.17188,0.9142010813887308,False
GO_BP_2023,Negative Regulation Of Microtubule Polymerization Or Depolymerization (GO:0031111),3,0,0.032889,0.17194,0.8048317788461539,False
Reactome_2022,Ubiquitin-dependent Degradation Of Cyclin D R-HSA-75815,3,0,0.027968,0.17232,0.7795909677419355,False
Reactome_2022,Phase II - Conjugation Of Compounds R-HSA-156580,3,0,0.11632,0.17268,0.9142010813887308,False
GO_BP_2023,Actin Filament Capping (GO:0051693),3,0,0.10179,0.17276,0.9090356792144026,False
GO_BP_2023,Barbed-End Actin Filament Capping (GO:0051016),3,0,0.10179,0.17276,0.9090356792144026,False
GO_BP_2023,Negative Regulation Of Intrinsic Apoptotic Signaling Pathway In Response To DNA Damage By P53 Class Mediator (GO:1902166),3,0,0.11889,0.17279,0.9142010813887308,False
GO_BP_2023,Myoblast Differentiation (GO:0045445),3,0,0.13,0.17299,0.9142010813887308,False
GO_BP_2023,Regulation Of Transcription By RNA Polymerase III (GO:0006359),3,0,0.11471,0.17303,0.9142010813887308,False
GO_BP_2023,"Mitochondrial Electron Transport, Ubiquinol To Cytochrome C (GO:0006122)",3,0,0.060961,0.17306,0.8751797471910112,False
Reactome_2022,Neurotransmitter Clearance R-HSA-112311,3,0,0.16185,0.17332,0.9142010813887308,False
GO_BP_2023,Negative Regulation Of Striated Muscle Cell Differentiation (GO:0051154),3,0,0.13889,0.17381,0.9142010813887308,False
GO_BP_2023,Regulation Of Clathrin-Dependent Endocytosis (GO:2000369),3,0,0.056189,0.17388,0.9024907458563536,False
Reactome_2022,rRNA Processing In Mitochondrion R-HSA-8868766,3,0,0.10502,0.17412,0.9090356792144026,False
GO_BP_2023,Regulation Of Small Molecule Metabolic Process (GO:0062012),3,0,0.041643,0.1745,0.8298750915750917,False
GO_BP_2023,Xenobiotic Transport (GO:0042908),3,0,0.14808,0.17452,0.9142010813887308,False
GO_BP_2023,Negative Regulation Of Hydrolase Activity (GO:0051346),3,0,0.11741,0.17462,0.9142010813887308,False
Reactome_2022,SCF-beta-TrCP Mediated Degradation Of Emi1 R-HSA-174113,3,0,0.04,0.17487,0.8298750915750917,False
GO_BP_2023,Cellular Response To Chemical Stress (GO:0062197),3,0,0.094369,0.17553,0.9142010813887308,False
Reactome_2022,Constitutive Signaling By NOTCH1 HD+PEST Domain Mutants R-HSA-2894862,3,0,0.030387,0.17722,0.8601226180257511,False
GO_BP_2023,Negative Regulation Of Calcineurin-Mediated Signaling (GO:0106057),3,0,0.11479,0.17736,0.9142010813887308,False
GO_BP_2023,Negative Regulation Of calcineurin-NFAT Signaling Cascade (GO:0070885),3,0,0.11479,0.17736,0.9142010813887308,False
GO_BP_2023,Negative Regulation Of Neuron Death (GO:1901215),3,0,0.13085,0.17787,0.9142010813887308,False
GO_BP_2023,Cellular Response To Thyroid Hormone Stimulus (GO:0097067),3,0,0.08693,0.17879,0.9046810444874276,False
GO_BP_2023,Monoubiquitinated Protein Deubiquitination (GO:0035520),3,0,0.10075,0.1794,0.9142010813887308,False
GO_BP_2023,Sarcomere Organization (GO:0045214),3,0,0.082679,0.17958,0.9046810444874276,False
GO_BP_2023,Regulation Of Protein Dephosphorylation (GO:0035304),3,0,0.10245,0.17969,0.9142010813887308,False
GO_BP_2023,Positive Regulation Of Microtubule Polymerization (GO:0031116),3,0,0.033051,0.18004,0.8411479499999999,False
GO_BP_2023,DNA-templated Transcription Elongation (GO:0006354),3,0,0.14086,0.18021,0.9142010813887308,False
Reactome_2022,FCGR Activation R-HSA-2029481,3,0,0.07356,0.18062,0.9142010813887308,False
GO_BP_2023,Positive Regulation Of Bone Mineralization (GO:0030501),3,0,0.0073115,0.1807,0.8273067857142858,False
GO_BP_2023,Microvillus Assembly (GO:0030033),3,0,0.10133,0.18084,0.9142010813887308,False
GO_BP_2023,Negative Regulation Of Intrinsic Apoptotic Signaling Pathway By P53 Class Mediator (GO:1902254),3,0,0.1003,0.18095,0.9090356792144026,False
GO_BP_2023,Regulation Of Wnt Signaling Pathway (GO:0030111),3,0,0.13364,0.18095,0.9142010813887308,False
GO_BP_2023,Positive Regulation Of Protein Deacetylation (GO:0090312),3,0,0.019284,0.18108,0.7598961313868613,False
GO_BP_2023,Positive Regulation Of Intracellular Transport (GO:0032388),3,0,0.065895,0.18109,0.9142010813887308,False
GO_BP_2023,Positive Regulation Of Neuron Differentiation (GO:0045666),3,0,0.084675,0.18109,0.9142010813887308,False
GO_BP_2023,Response To Cholesterol (GO:0070723),3,0,0.1506,0.18213,0.9142010813887308,False
GO_BP_2023,Positive Regulation Of ERAD Pathway (GO:1904294),3,0,0.15942,0.18234,0.9142010813887308,False
GO_BP_2023,Regulation Of Mesenchymal Cell Proliferation (GO:0010464),3,0,0.13901,0.18241,0.9142010813887308,False
GO_BP_2023,Regulation Of AMPA Receptor Activity (GO:2000311),3,0,0.058791,0.18257,0.8724378717201167,False
GO_BP_2023,Regulation Of Oxidative Stress-Induced Intrinsic Apoptotic Signaling Pathway (GO:1902175),3,0,0.085386,0.18282,0.9142010813887308,False
GO_BP_2023,Monocyte Differentiation (GO:0030224),3,0,0.12952,0.18287,0.9142010813887308,False
Reactome_2022,Host Interactions Of HIV Factors R-HSA-162909,3,0,0.14886,0.18298,0.9142010813887308,False
GO_BP_2023,Platelet Aggregation (GO:0070527),3,0,0.11868,0.18317,0.9109985401459854,False
GO_BP_2023,Generation Of Neurons (GO:0048699),3,0,0.055194,0.18409,0.8635484411764706,False
GO_BP_2023,Positive Regulation Of Stress-Activated Protein Kinase Signaling Cascade (GO:0070304),3,0,0.022783,0.18422,0.8503912258064517,False
GO_BP_2023,Inner Ear Receptor Cell Stereocilium Organization (GO:0060122),3,0,0.080651,0.18453,0.9142010813887308,False
GO_BP_2023,Sphingolipid Biosynthetic Process (GO:0030148),3,0,0.051836,0.18474,0.8635484411764706,False
Reactome_2022,"Respiratory Electron Transport, ATP Synthesis By Chemiosmotic Coupling, Heat Production By Uncoupling Proteins R-HSA-163200",3,0,0.11905,0.1849,0.9142010813887308,False
GO_BP_2023,Antigen Processing And Presentation Of Peptide Antigen Via MHC Class I (GO:0002474),3,0,0.12674,0.18493,0.9142010813887308,False
Reactome_2022,NF-kB Activation Thru FADD/RIP-1 Pathway Mediated By Caspase-8 And -10 R-HSA-933543,3,0,0.016563,0.18523,0.7598961313868613,False
GO_BP_2023,Glycolipid Biosynthetic Process (GO:0009247),3,0,0.11755,0.18529,0.9142010813887308,False
Reactome_2022,Methylation R-HSA-156581,3,0,0.18098,0.18542,0.9142010813887308,False
GO_BP_2023,Neuron Projection Development (GO:0031175),3,0,0.070755,0.18546,0.9142010813887308,False
GO_BP_2023,Embryonic Appendage Morphogenesis (GO:0035113),3,0,0.086633,0.18563,0.9142010813887308,False
Reactome_2022,UCH Proteinases R-HSA-5689603,3,0,0.14593,0.18586,0.9142010813887308,False
Reactome_2022,VxPx Cargo-Targeting To Cilium R-HSA-5620916,3,0,0.044431,0.18652,0.8298750915750917,False
GO_BP_2023,Heart Process (GO:0003015),3,0,0.14092,0.1866,0.9142010813887308,False
GO_BP_2023,Regulation Of DNA Repair (GO:0006282),3,0,0.03253,0.18683,0.8396957575757575,False
Reactome_2022,Hh Mutants Abrogate Ligand Secretion R-HSA-5387390,3,0,0.1133,0.1873,0.9142010813887308,False
GO_BP_2023,RNA Methylation (GO:0001510),3,0,0.10706,0.18737,0.9142010813887308,False
GO_BP_2023,Linoleic Acid Metabolic Process (GO:0043651),3,0,0.029965,0.18783,0.7943846354166667,False
GO_BP_2023,Cellular Response To Salt (GO:1902075),3,0,0.123,0.18814,0.9142010813887308,False
Reactome_2022,C-type Lectin Receptors (CLRs) R-HSA-5621481,3,0,0.065751,0.18818,0.9045205135135136,False
GO_BP_2023,Long-Chain Fatty Acid Biosynthetic Process (GO:0042759),3,0,0.13178,0.18876,0.9142010813887308,False
GO_BP_2023,miRNA Processing (GO:0035196),3,0,0.074192,0.18887,0.901282291169451,False
GO_BP_2023,Negative Regulation Of Defense Response To Virus (GO:0050687),3,0,0.10616,0.18888,0.9142010813887308,False
Reactome_2022,Cdc20:Phospho-APC/C Mediated Degradation Of Cyclin A R-HSA-174184,3,0,0.13079,0.18897,0.9142010813887308,False
GO_BP_2023,Regulation Of Trans-Synaptic Signaling (GO:0099177),3,0,0.14527,0.1898,0.9142010813887308,False
GO_BP_2023,Positive Regulation Of Protein Localization To Membrane (GO:1905477),3,0,0.12336,0.1902,0.913314680232558,False
GO_BP_2023,Axon Development (GO:0061564),3,0,0.0072996,0.19045,0.8273067857142858,False
GO_BP_2023,Presynapse Assembly (GO:0099054),3,0,0.11899,0.19089,0.9109985401459854,False
GO_BP_2023,Muscle Contraction (GO:0006936),3,0,0.12006,0.19235,0.9142010813887308,False
Reactome_2022,Transcriptional Activation Of Mitochondrial Biogenesis R-HSA-2151201,3,0,0.079805,0.19241,0.9142010813887308,False
GO_BP_2023,Arginine Metabolic Process (GO:0006525),3,0,0.10406,0.19266,0.9142010813887308,False
GO_BP_2023,Glutamate Receptor Signaling Pathway (GO:0007215),3,0,0.1015,0.19328,0.9142010813887308,False
GO_BP_2023,3'-UTR-mediated mRNA Destabilization (GO:0061158),3,0,0.16215,0.19329,0.9142010813887308,False
GO_BP_2023,Positive Regulation Of Protein Maturation (GO:1903319),3,0,0.011395,0.19334,0.8503912258064517,False
GO_BP_2023,Regulation Of ERK1 And ERK2 Cascade (GO:0070372),3,0,0.1293,0.19354,0.9142010813887308,False
GO_BP_2023,Positive Regulation Of Autophagy (GO:0010508),3,0,0.15704,0.19364,0.9142010813887308,False
GO_BP_2023,Cognition (GO:0050890),3,0,0.12171,0.19423,0.9142010813887308,False
GO_BP_2023,"RNA Splicing, Via Transesterification Reactions (GO:0000375)",3,0,0.13689,0.1943,0.9142010813887308,False
Reactome_2022,APC/C:Cdh1 Mediated Degradation Of Cdc20 And APC/C:Cdh1 Targets In Late Mitosis/Early G1 R-HSA-174178,3,0,0.10199,0.19431,0.9109985401459854,False
GO_BP_2023,Regulation Of Homotypic Cell-Cell Adhesion (GO:0034110),3,0,0.13465,0.19499,0.9142010813887308,False
Reactome_2022,Translocation Of SLC2A4 (GLUT4) To Plasma Membrane R-HSA-1445148,3,0,0.18139,0.19504,0.9142010813887308,False
GO_BP_2023,Regulation Of Telomerase RNA Localization To Cajal Body (GO:1904872),3,0,0.040705,0.19512,0.8298750915750917,False
Reactome_2022,TNF Signaling R-HSA-75893,3,0,0.006546,0.19517,0.8503912258064517,False
GO_BP_2023,Innate Immune Response Activating Cell Surface Receptor Signaling Pathway (GO:0002220),3,0,0.15425,0.1955,0.9142010813887308,False
GO_BP_2023,Positive Regulation Of Protein Tyrosine Kinase Activity (GO:0061098),3,0,0.053465,0.19566,0.8635484411764706,False
GO_BP_2023,Regulation Of Epithelial Cell Differentiation (GO:0030856),3,0,0.11747,0.19569,0.9109985401459854,False
Reactome_2022,Regulation Of Ornithine Decarboxylase (ODC) R-HSA-350562,3,0,0.050266,0.19574,0.8762121232876712,False
GO_BP_2023,mRNA Export From Nucleus (GO:0006406),3,0,0.15383,0.19583,0.9142010813887308,False
GO_BP_2023,Skin Development (GO:0043588),3,0,0.15712,0.19623,0.9142010813887308,False
GO_BP_2023,Golgi To Endosome Transport (GO:0006895),3,0,0.12742,0.1964,0.9142010813887308,False
GO_BP_2023,Response To UV (GO:0009411),3,0,0.12981,0.19642,0.9142010813887308,False
GO_BP_2023,Inositol Phosphate Biosynthetic Process (GO:0032958),3,0,0.091324,0.19668,0.9046810444874276,False
GO_BP_2023,Regulation Of Macroautophagy (GO:0016241),3,0,0.024779,0.19679,0.8446783644859814,False
Reactome_2022,AUF1 (hnRNP D0) Binds And Destabilizes mRNA R-HSA-450408,3,0,0.12302,0.1977,0.9142010813887308,False
GO_BP_2023,Regulation Of Macrophage Cytokine Production (GO:0010935),3,0,0.16537,0.19784,0.9142010813887308,False
GO_BP_2023,Axonal Transport (GO:0098930),3,0,0.068336,0.198,0.9142010813887308,False
GO_BP_2023,Modulation Of Chemical Synaptic Transmission (GO:0050804),3,0,0.16366,0.19812,0.9142010813887308,False
GO_BP_2023,Cellular Response To Light Stimulus (GO:0071482),3,0,0.088427,0.19876,0.9046810444874276,False
GO_BP_2023,Clathrin-Dependent Endocytosis (GO:0072583),3,0,0.020264,0.19912,0.7598961313868613,False
GO_BP_2023,Regulation Of Carbohydrate Catabolic Process (GO:0043470),3,0,0.16164,0.19912,0.9142010813887308,False
GO_BP_2023,Midbrain Dopaminergic Neuron Differentiation (GO:1904948),3,0,0.12312,0.19932,0.9142010813887308,False
GO_BP_2023,Regulation Of Granulocyte Macrophage Colony-Stimulating Factor Production (GO:0032645),3,0,0.1456,0.1995,0.9142010813887308,False
GO_BP_2023,Central Nervous System Myelination (GO:0022010),3,0,0.089194,0.19994,0.9142010813887308,False
GO_BP_2023,Electron Transport Chain (GO:0022900),3,0,0.10193,0.20004,0.9142010813887308,False
GO_BP_2023,Regulation Of Stem Cell Population Maintenance (GO:2000036),3,0,0.12313,0.20064,0.9142010813887308,False
GO_BP_2023,B Cell Activation (GO:0042113),3,0,0.11714,0.20069,0.9109985401459854,False
Reactome_2022,Signaling By NOTCH R-HSA-157118,3,0,0.15571,0.2007,0.9142010813887308,False
Reactome_2022,Activation Of APC/C And APC/C:Cdc20 Mediated Degradation Of Mitotic Proteins R-HSA-176814,3,0,0.13363,0.20078,0.9142010813887308,False
GO_BP_2023,Regulation Of Amyloid-Beta Formation (GO:1902003),3,0,0.081928,0.20085,0.9046810444874276,False
GO_BP_2023,Regulation Of Viral Entry Into Host Cell (GO:0046596),3,0,0.040819,0.20115,0.8298750915750917,False
Reactome_2022,STAT5 Activation Downstream Of FLT3 ITD Mutants R-HSA-9702518,3,0,0.17089,0.20123,0.9142010813887308,False
GO_BP_2023,Regulation Of DNA Methylation-Dependent Heterochromatin Formation (GO:0090308),3,0,0.076056,0.20143,0.9142010813887308,False
Reactome_2022,Peptide Chain Elongation R-HSA-156902,3,0,0.080988,0.20174,0.9142010813887308,False
Reactome_2022,Energy Dependent Regulation Of mTOR By LKB1-AMPK R-HSA-380972,3,0,0.16059,0.20183,0.9142010813887308,False
GO_BP_2023,Organic Cyclic Compound Catabolic Process (GO:1901361),3,0,0.13772,0.20245,0.9142010813887308,False
GO_BP_2023,Second-Messenger-Mediated Signaling (GO:0019932),3,0,0.046926,0.20277,0.8635484411764706,False
GO_BP_2023,Regulation Of Release Of Cytochrome C From Mitochondria (GO:0090199),3,0,0.017935,0.2034,0.8503912258064517,False
Reactome_2022,Budding And Maturation Of HIV Virion R-HSA-162588,3,0,0.14272,0.2047,0.9142010813887308,False
GO_BP_2023,T Cell Activation Involved In Immune Response (GO:0002286),3,0,0.011739,0.20474,0.7563482278481012,False
GO_BP_2023,Sprouting Angiogenesis (GO:0002040),3,0,0.070239,0.20543,0.8915623690773067,False
GO_BP_2023,Regulation Of Establishment Of Protein Localization To Telomere (GO:0070203),3,0,0.085319,0.20644,0.9142010813887308,False
GO_BP_2023,Positive Regulation Of Transcription Elongation By RNA Polymerase II (GO:0032968),3,0,0.0062032,0.20645,0.5931829444444445,False
GO_BP_2023,Regulation Of Superoxide Anion Generation (GO:0032928),3,0,0.03908,0.20663,0.8298750915750917,False
GO_BP_2023,Regulation Of Behavior (GO:0050795),3,0,0.042904,0.20731,0.8298750915750917,False
GO_BP_2023,Fc Receptor Signaling Pathway (GO:0038093),3,0,0.011678,0.20734,0.7615670886075949,False
GO_BP_2023,Sphingomyelin Metabolic Process (GO:0006684),3,0,0.044816,0.2075,0.8635484411764706,False
GO_BP_2023,Regulation Of Vasoconstriction (GO:0019229),3,0,0.052079,0.20856,0.8635484411764706,False
GO_BP_2023,Positive Regulation Of Nucleocytoplasmic Transport (GO:0046824),3,0,0.1234,0.2087,0.9142010813887308,False
GO_BP_2023,Regulation Of Neuron Projection Development (GO:0010975),3,0,0.032295,0.20875,0.7995480193236716,False
GO_BP_2023,Neuron Development (GO:0048666),3,0,0.028488,0.20922,0.7795909677419355,False
GO_BP_2023,Negative Regulation Of Axon Extension (GO:0030517),3,0,0.0091922,0.20935,0.8503912258064517,False
Reactome_2022,RNA Polymerase III Transcription Initiation From Type 3 Promoter R-HSA-76071,3,0,0.046528,0.21114,0.8635484411764706,False
Reactome_2022,Carnitine Metabolism R-HSA-200425,3,0,0.042721,0.21141,0.8635484411764706,False
GO_BP_2023,Microtubule Polymerization (GO:0046785),3,0,0.097779,0.2124,0.9090356792144026,False
GO_BP_2023,Positive Regulation Of Lipid Catabolic Process (GO:0050996),3,0,0.097146,0.21287,0.9090356792144026,False
GO_BP_2023,Cytoskeleton-Dependent Cytokinesis (GO:0061640),3,0,0.042251,0.21295,0.8298750915750917,False
GO_BP_2023,Microvillus Organization (GO:0032528),3,0,0.11731,0.21339,0.9142010813887308,False
Reactome_2022,RHOC GTPase Cycle R-HSA-9013106,3,0,0.11406,0.21368,0.9109985401459854,False
GO_BP_2023,Ameboidal-Type Cell Migration (GO:0001667),3,0,0.098977,0.21405,0.9090356792144026,False
GO_BP_2023,Negative Regulation Of Protein Localization To Nucleus (GO:1900181),3,0,0.018784,0.21406,0.7598961313868613,False
GO_BP_2023,Positive Regulation Of Cardiac Muscle Tissue Growth (GO:0055023),3,0,0.04124,0.21444,0.8635484411764706,False
GO_BP_2023,Positive Regulation Of Axonogenesis (GO:0050772),3,0,0.10466,0.21452,0.9142010813887308,False
GO_BP_2023,Prostaglandin Biosynthetic Process (GO:0001516),3,0,0.15849,0.21455,0.9142010813887308,False
Reactome_2022,RHOBTB1 GTPase Cycle R-HSA-9013422,3,0,0.046639,0.21463,0.8635484411764706,False
GO_BP_2023,Regulation Of Voltage-Gated Calcium Channel Activity (GO:1901385),3,0,0.10826,0.21478,0.9090356792144026,False
GO_BP_2023,Aminoglycan Biosynthetic Process (GO:0006023),3,0,0.14904,0.21506,0.9142010813887308,False
GO_BP_2023,Protein Deubiquitination (GO:0016579),3,0,0.1869,0.21535,0.9142010813887308,False
Reactome_2022,HIV Infection R-HSA-162906,3,0,0.067079,0.21582,0.8848690726817042,False
GO_BP_2023,Protein Hydroxylation (GO:0018126),3,0,0.073432,0.21702,0.901282291169451,False
Reactome_2022,Deregulated CDK5 Triggers Neurodegenerative Pathways In Alzheimers Disease Models R-HSA-8862803,3,0,0.19028,0.2171,0.9142010813887308,False
GO_BP_2023,"Negative Regulation Of Gene Expression, Epigenetic (GO:0045814)",3,0,0.046833,0.21713,0.8635484411764706,False
Reactome_2022,Antigen Activates B Cell Receptor Leading To Second Messenger Generation R-HSA-983695,3,0,0.12606,0.21746,0.9142010813887308,False
GO_BP_2023,Regulation Of Response To Cytokine Stimulus (GO:0060759),3,0,0.15895,0.21763,0.9142010813887308,False
GO_BP_2023,Positive Regulation Of Amyloid-Beta Formation (GO:1902004),3,0,0.17859,0.21767,0.9142010813887308,False
GO_BP_2023,Response To Axon Injury (GO:0048678),3,0,0.058597,0.2177,0.910877225609756,False
GO_BP_2023,Primary Neural Tube Formation (GO:0014020),3,0,0.13366,0.21805,0.9142010813887308,False
GO_BP_2023,Atrial Septum Development (GO:0003283),3,0,0.12055,0.21855,0.9109985401459854,False
GO_BP_2023,Calcium Ion Transport (GO:0006816),3,0,0.13201,0.21873,0.9142010813887308,False
GO_BP_2023,Epidermal Growth Factor Receptor Signaling Pathway (GO:0007173),3,0,0.036868,0.21878,0.8635484411764706,False
Reactome_2022,RNA Polymerase III Transcription Initiation From Type 1 Promoter R-HSA-76061,3,0,0.17109,0.21888,0.9142010813887308,False
GO_BP_2023,Regulation Of Protein Autophosphorylation (GO:0031952),3,0,0.18875,0.21931,0.9142010813887308,False
GO_BP_2023,Regulation Of T-helper 2 Cell Cytokine Production (GO:2000551),3,0,0.01253,0.2195,0.7598961313868613,False
Reactome_2022,Orc1 Removal From Chromatin R-HSA-68949,3,0,0.088469,0.22086,0.9046810444874276,False
Reactome_2022,Prolactin Receptor Signaling R-HSA-1170546,3,0,0.13773,0.22114,0.9142010813887308,False
GO_BP_2023,Anterior/Posterior Axis Specification (GO:0009948),3,0,0.046253,0.22203,0.8635484411764706,False
GO_BP_2023,Sphingosine Metabolic Process (GO:0006670),3,0,0.14507,0.22215,0.9142010813887308,False
GO_BP_2023,B Cell Differentiation (GO:0030183),3,0,0.028738,0.22232,0.8635484411764706,False
GO_BP_2023,Regulation Of Opsonization (GO:1903027),3,0,0.16598,0.22244,0.9142010813887308,False
Reactome_2022,Role Of LAT2/NTAL/LAB On Calcium Mobilization R-HSA-2730905,3,0,0.026974,0.22261,0.8635484411764706,False
GO_BP_2023,Fatty Acid Beta-Oxidation Using acyl-CoA Dehydrogenase (GO:0033539),3,0,0.072769,0.22265,0.9142010813887308,False
Reactome_2022,Late SARS-CoV-2 Infection Events R-HSA-9772573,3,0,0.13779,0.22321,0.9142010813887308,False
Reactome_2022,APC/C:Cdc20 Mediated Degradation Of Securin R-HSA-174154,3,0,0.14778,0.22327,0.9142010813887308,False
GO_BP_2023,Negative Regulation Of Neuron Apoptotic Process (GO:0043524),3,0,0.1323,0.22373,0.9142010813887308,False
GO_BP_2023,Regulation Of Protein Kinase C Signaling (GO:0090036),3,0,0.17935,0.2238,0.9142010813887308,False
GO_BP_2023,Negative Regulation Of Wnt Signaling Pathway (GO:0030178),3,0,0.20861,0.22407,0.9142010813887308,False
Reactome_2022,Processing Of Intronless Pre-mRNAs R-HSA-77595,3,0,0.063899,0.22426,0.9142010813887308,False
GO_BP_2023,Negative Regulation Of Cell Activation (GO:0050866),3,0,0.2119,0.2243,0.9142010813887308,False
GO_BP_2023,Sphingolipid Catabolic Process (GO:0030149),3,0,0.19677,0.22446,0.9142010813887308,False
GO_BP_2023,Negative Regulation Of Chemotaxis (GO:0050922),3,0,0.11319,0.22457,0.9109985401459854,False
GO_BP_2023,Mature B Cell Differentiation Involved In Immune Response (GO:0002313),3,0,0.12669,0.22478,0.9142010813887308,False
GO_BP_2023,Negative Regulation Of BMP Signaling Pathway (GO:0030514),3,0,0.17578,0.22485,0.9142010813887308,False
GO_BP_2023,Protein Kinase C-activating G Protein-Coupled Receptor Signaling Pathway (GO:0007205),3,0,0.012727,0.22493,0.8503912258064517,False
GO_BP_2023,Regulation Of Cellular Response To Stress (GO:0080135),3,0,0.049364,0.22497,0.8635484411764706,False
Reactome_2022,FCERI Mediated Ca+2 Mobilization R-HSA-2871809,3,0,0.16663,0.22544,0.9142010813887308,False
Reactome_2022,Branched-chain Amino Acid Catabolism R-HSA-70895,3,0,0.13469,0.22613,0.9142010813887308,False
Reactome_2022,Signaling By NOTCH2 R-HSA-1980145,3,0,0.10617,0.22618,0.9142010813887308,False
GO_BP_2023,Porphyrin-Containing Compound Catabolic Process (GO:0006787),3,0,0.1242,0.22683,0.9142010813887308,False
GO_BP_2023,Histone H3 Acetylation (GO:0043966),3,0,0.19472,0.22692,0.9142010813887308,False
GO_BP_2023,Stress-Activated MAPK Cascade (GO:0051403),3,0,0.17242,0.22701,0.9142010813887308,False
GO_BP_2023,Regulation Of Multicellular Organismal Development (GO:2000026),3,0,0.13519,0.22745,0.9142010813887308,False
Reactome_2022,Mitochondrial Protein Import R-HSA-1268020,3,0,0.17549,0.22814,0.9142010813887308,False
GO_BP_2023,Plasma Membrane Bounded Cell Projection Organization (GO:0120036),3,0,0.053059,0.22899,0.8911672131147542,False
Hallmark_2020,TGF-beta Signaling,3,0,0.057647,0.22905,0.8635484411764706,False
GO_BP_2023,Regulation Of Glycolytic Process (GO:0006110),3,0,0.013876,0.22919,0.7598961313868613,False
Reactome_2022,Keratan Sulfate Degradation R-HSA-2022857,3,0,0.12427,0.22927,0.9142010813887308,False
Reactome_2022,Mitochondrial Biogenesis R-HSA-1592230,3,0,0.13724,0.22948,0.9142010813887308,False
GO_BP_2023,Negative Regulation Of Intracellular Protein Transport (GO:0090317),3,0,0.027016,0.22961,0.7780630555555557,False
GO_BP_2023,Lipid Modification (GO:0030258),3,0,0.027515,0.22968,0.7780630555555557,False
GO_BP_2023,Positive Regulation Of Autophagy Of Mitochondrion (GO:1903599),3,0,0.17098,0.22981,0.9142010813887308,False
GO_BP_2023,Regulation Of MAP Kinase Activity (GO:0043405),3,0,0.050712,0.22984,0.8635484411764706,False
GO_BP_2023,T Cell Chemotaxis (GO:0010818),3,0,0.074071,0.23007,0.901282291169451,False
Reactome_2022,HDMs Demethylate Histones R-HSA-3214842,3,0,0.11049,0.23054,0.9142010813887308,False
GO_BP_2023,Positive Regulation Of Stem Cell Differentiation (GO:2000738),3,0,0.0623,0.23066,0.9142010813887308,False
Reactome_2022,Deubiquitination R-HSA-5688426,3,0,0.024221,0.23078,0.7684385119047619,False
GO_BP_2023,Regulation Of Response To Endoplasmic Reticulum Stress (GO:1905897),3,0,0.10085,0.23096,0.9090356792144026,False
GO_BP_2023,Sodium Ion Import Across Plasma Membrane (GO:0098719),3,0,0.12382,0.23112,0.9142010813887308,False
GO_BP_2023,Nucleosome Disassembly (GO:0006337),3,0,0.14481,0.23123,0.9142010813887308,False
GO_BP_2023,Protein Stabilization (GO:0050821),3,0,0.0081796,0.23146,0.8503912258064517,False
Reactome_2022,Interleukin-7 Signaling R-HSA-1266695,3,0,0.11804,0.23155,0.9142010813887308,False
GO_BP_2023,Positive Regulation Of Cysteine-Type Endopeptidase Activity (GO:2001056),3,0,0.1526,0.23173,0.9142010813887308,False
GO_BP_2023,Glycoprotein Metabolic Process (GO:0009100),3,0,0.015184,0.23225,0.7598961313868613,False
GO_BP_2023,Negative Regulation Of Stem Cell Population Maintenance (GO:1902455),3,0,0.032987,0.23264,0.8635484411764706,False
GO_BP_2023,Proton Motive Force-Driven Mitochondrial ATP Synthesis (GO:0042776),3,0,0.082276,0.23267,0.9142010813887308,False
GO_BP_2023,Regulation Of Cartilage Development (GO:0061035),3,0,0.073114,0.2331,0.9142010813887308,False
Reactome_2022,IKK Complex Recruitment Mediated By RIP1 R-HSA-937041,3,0,0.11703,0.23331,0.9142010813887308,False
Reactome_2022,Signaling By FLT3 Fusion Proteins R-HSA-9703465,3,0,0.072999,0.23362,0.901282291169451,False
GO_BP_2023,"Regulation Of mRNA Splicing, Via Spliceosome (GO:0048024)",3,0,0.090522,0.23372,0.9046810444874276,False
GO_BP_2023,Regulation Of Protein Phosphorylation (GO:0001932),3,0,0.090055,0.23384,0.9046810444874276,False
Reactome_2022,Signaling By FLT3 ITD And TKD Mutants R-HSA-9703648,3,0,0.1077,0.23386,0.9090356792144026,False
Reactome_2022,Signaling By FGFR4 In Disease R-HSA-5655291,3,0,0.04164,0.23425,0.8635484411764706,False
GO_BP_2023,Tight Junction Assembly (GO:0120192),3,0,0.15143,0.23431,0.9142010813887308,False
Hallmark_2020,Myogenesis,3,0,0.20394,0.23439,0.9142010813887308,False
Reactome_2022,NIK To Noncanonical NF-kB Signaling R-HSA-5676590,3,0,0.075775,0.23443,0.9142010813887308,False
GO_BP_2023,Integrin-Mediated Signaling Pathway (GO:0007229),3,0,0.1637,0.23475,0.9142010813887308,False
GO_BP_2023,Positive Regulation Of Defense Response To Bacterium (GO:1900426),3,0,0.16967,0.23485,0.9142010813887308,False
GO_BP_2023,Negative Regulation Of Cell Development (GO:0010721),3,0,0.11257,0.2349,0.9142010813887308,False
GO_BP_2023,mRNA Methylation (GO:0080009),3,0,0.095699,0.23508,0.9090356792144026,False
Reactome_2022,Keratan Sulfate Biosynthesis R-HSA-2022854,3,0,0.020812,0.2353,0.7646050657894736,False
GO_BP_2023,Neutrophil Activation (GO:0042119),3,0,0.1662,0.23633,0.9142010813887308,False
GO_BP_2023,Regulation Of Signal Transduction By P53 Class Mediator (GO:1901796),3,0,0.060038,0.23641,0.8751797471910112,False
GO_BP_2023,Protein Ubiquitination (GO:0016567),3,0,0.15008,0.23647,0.9142010813887308,False
GO_BP_2023,Rho Protein Signal Transduction (GO:0007266),3,0,0.047754,0.23685,0.8635484411764706,False
GO_BP_2023,'De Novo' Post-Translational Protein Folding (GO:0051084),3,0,0.17502,0.23696,0.9142010813887308,False
Reactome_2022,MAP3K8 (TPL2)-dependent MAPK1/3 Activation R-HSA-5684264,3,0,0.092155,0.23721,0.9142010813887308,False
GO_BP_2023,Negative Regulation Of Amyloid Fibril Formation (GO:1905907),3,0,0.069137,0.23755,0.8848690726817042,False
Reactome_2022,ALK Mutants Bind TKIs R-HSA-9700645,3,0,0.017746,0.23758,0.7598961313868613,False
GO_BP_2023,Positive Regulation Of Fatty Acid Metabolic Process (GO:0045923),3,0,0.042955,0.23764,0.8635484411764706,False
GO_BP_2023,Regulation Of Cilium Assembly (GO:1902017),3,0,0.19975,0.23781,0.9142010813887308,False
GO_BP_2023,DNA Geometric Change (GO:0032392),3,0,0.014652,0.23785,0.8503912258064517,False
GO_BP_2023,DNA Alkylation (GO:0006305),3,0,0.13777,0.2382,0.9142010813887308,False
Reactome_2022,NOTCH1 Intracellular Domain Regulates Transcription R-HSA-2122947,3,0,0.10002,0.23871,0.9090356792144026,False
GO_BP_2023,Phosphorylation (GO:0016310),3,0,0.17108,0.23874,0.9142010813887308,False
GO_BP_2023,Negative Regulation Of Proteolysis Involved In Protein Catabolic Process (GO:1903051),3,0,0.040772,0.23896,0.8298750915750917,False
GO_BP_2023,Positive Regulation Of Substrate Adhesion-Dependent Cell Spreading (GO:1900026),3,0,0.14638,0.23901,0.9142010813887308,False
GO_BP_2023,Regulation Of Myelination (GO:0031641),3,0,0.12544,0.23971,0.9142010813887308,False
GO_BP_2023,protein-DNA Complex Disassembly (GO:0032986),3,0,0.13771,0.23979,0.9142010813887308,False
GO_BP_2023,Positive Regulation Of Cell-Substrate Adhesion (GO:0010811),3,0,0.1641,0.24011,0.9142010813887308,False
Reactome_2022,Formation Of ATP By Chemiosmotic Coupling R-HSA-163210,3,0,0.13931,0.24027,0.9142010813887308,False
GO_BP_2023,Proton Motive Force-Driven ATP Synthesis (GO:0015986),3,0,0.10987,0.24028,0.9142010813887308,False
GO_BP_2023,Mitochondrial Respiratory Chain Complex Assembly (GO:0033108),3,0,0.15291,0.24078,0.9142010813887308,False
GO_BP_2023,Regulation Of Stress-Activated MAPK Cascade (GO:0032872),3,0,0.15977,0.2408,0.9142010813887308,False
GO_BP_2023,T Cell Differentiation In Thymus (GO:0033077),3,0,0.11363,0.24096,0.9109985401459854,False
GO_BP_2023,Positive Regulation Of Cysteine-Type Endopeptidase Activity Involved In Apoptotic Process (GO:0043280),3,0,0.18886,0.24123,0.9142010813887308,False
GO_BP_2023,Urogenital System Development (GO:0001655),3,0,0.19286,0.24147,0.9142010813887308,False
GO_BP_2023,Response To Calcium Ion (GO:0051592),3,0,0.0534,0.24177,0.8911672131147542,False
GO_BP_2023,Positive Regulation Of B Cell Proliferation (GO:0030890),3,0,0.028216,0.24195,0.7795909677419355,False
Reactome_2022,SRP-dependent Cotranslational Protein Targeting To Membrane R-HSA-1799339,3,0,0.18138,0.24231,0.9142010813887308,False
Reactome_2022,Regulation Of RAS By GAPs R-HSA-5658442,3,0,0.13372,0.24269,0.9142010813887308,False
Reactome_2022,Telomere Extension By Telomerase R-HSA-171319,3,0,0.068017,0.24356,0.8848690726817042,False
GO_BP_2023,Regulation Of Cyclin-Dependent Protein Serine/Threonine Kinase Activity (GO:0000079),3,0,0.025896,0.24399,0.8503912258064517,False
GO_BP_2023,Regulation Of Cardiac Muscle Cell Proliferation (GO:0060043),3,0,0.11125,0.24411,0.9109985401459854,False
Reactome_2022,Integration Of Provirus R-HSA-162592,3,0,0.23053,0.24467,0.9142010813887308,False
GO_BP_2023,Regulation Of Mitochondrion Organization (GO:0010821),3,0,0.050741,0.24492,0.8635484411764706,False
GO_BP_2023,Sterol Biosynthetic Process (GO:0016126),3,0,0.20195,0.24528,0.9142010813887308,False
GO_BP_2023,Cell Surface Toll-Like Receptor Signaling Pathway (GO:0140895),3,0,0.15428,0.24545,0.9142010813887308,False
Reactome_2022,mRNA 3-End Processing R-HSA-72187,3,0,0.054207,0.24598,0.8958234740259741,False
Reactome_2022,Hedgehog Ligand Biogenesis R-HSA-5358346,3,0,0.12556,0.24602,0.9142010813887308,False
GO_BP_2023,JNK Cascade (GO:0007254),3,0,0.15275,0.24616,0.9142010813887308,False
GO_BP_2023,Protein Modification By Small Protein Removal (GO:0070646),3,0,0.18986,0.24618,0.9142010813887308,False
Reactome_2022,SCF(Skp2)-mediated Degradation Of P27/P21 R-HSA-187577,3,0,0.16882,0.24653,0.9142010813887308,False
Reactome_2022,WNT Ligand Biogenesis And Trafficking R-HSA-3238698,3,0,0.19412,0.24718,0.9142010813887308,False
Reactome_2022,NOTCH2 Activation And Transmission Of Signal To Nucleus R-HSA-2979096,3,0,0.055742,0.24728,0.8635484411764706,False
GO_BP_2023,Endocardial Cushion Development (GO:0003197),3,0,0.17629,0.24762,0.9142010813887308,False
GO_BP_2023,Negative Regulation Of JNK Cascade (GO:0046329),3,0,0.094504,0.24791,0.9090356792144026,False
GO_BP_2023,Histone H2A Ubiquitination (GO:0033522),3,0,0.074857,0.24812,0.9142010813887308,False
Hallmark_2020,UV Response Dn,3,0,0.02125,0.24814,0.8503912258064517,False
Reactome_2022,Degradation Of AXIN R-HSA-4641257,3,0,0.065337,0.24824,0.9142010813887308,False
Reactome_2022,RNA Polymerase III Transcription Initiation From Type 2 Promoter R-HSA-76066,3,0,0.18339,0.24835,0.9142010813887308,False
Reactome_2022,Signaling By ERBB4 R-HSA-1236394,3,0,0.079318,0.24893,0.9046810444874276,False
GO_BP_2023,Negative Regulation Of TOR Signaling (GO:0032007),3,0,0.12592,0.24915,0.9142010813887308,False
GO_BP_2023,Substantia Nigra Development (GO:0021762),3,0,0.1029,0.24969,0.9090356792144026,False
GO_BP_2023,Positive Regulation Of Mitochondrial Translation (GO:0070131),3,0,0.067214,0.25069,0.9142010813887308,False
GO_BP_2023,Pulmonary Valve Development (GO:0003177),3,0,0.1404,0.25094,0.9142010813887308,False
Reactome_2022,Class I Peroxisomal Membrane Protein Import R-HSA-9603798,3,0,0.09749,0.25099,0.9090356792144026,False
Reactome_2022,NOD1/2 Signaling Pathway R-HSA-168638,3,0,0.096384,0.25154,0.9090356792144026,False
GO_BP_2023,Neutrophil Activation Involved In Immune Response (GO:0002283),3,0,0.14632,0.25158,0.9142010813887308,False
Reactome_2022,Nuclear Signaling By ERBB4 R-HSA-1251985,3,0,0.16992,0.25209,0.9142010813887308,False
GO_BP_2023,Rac Protein Signal Transduction (GO:0016601),3,0,0.1383,0.25273,0.9142010813887308,False
GO_BP_2023,Sulfur Compound Biosynthetic Process (GO:0044272),3,0,0.1321,0.25286,0.9142010813887308,False
GO_BP_2023,Positive Regulation Of Potassium Ion Transmembrane Transport (GO:1901381),3,0,0.11962,0.25299,0.9142010813887308,False
GO_BP_2023,Inositol Phosphate Metabolic Process (GO:0043647),3,0,0.079399,0.25313,0.9046810444874276,False
GO_BP_2023,"Heparan Sulfate Proteoglycan Biosynthetic Process, Enzymatic Modification (GO:0015015)",3,0,0.19437,0.25393,0.9142010813887308,False
GO_BP_2023,Regulation Of Phosphate Metabolic Process (GO:0019220),3,0,0.021869,0.25423,0.7646050657894736,False
GO_BP_2023,Positive Regulation Of Cytokine Production Involved In Immune Response (GO:0002720),3,0,0.14996,0.25426,0.9142010813887308,False
GO_BP_2023,Xenobiotic Catabolic Process (GO:0042178),3,0,0.10151,0.2543,0.9090356792144026,False
GO_BP_2023,Regulation Of Calcium Ion Transmembrane Transport (GO:1903169),3,0,0.051586,0.25448,0.8635484411764706,False
GO_BP_2023,Amyloid Precursor Protein Catabolic Process (GO:0042987),3,0,0.069363,0.25449,0.9142010813887308,False
Reactome_2022,Fatty Acid Metabolism R-HSA-8978868,3,0,0.18441,0.25488,0.9142010813887308,False
Reactome_2022,"Interleukin-3, Interleukin-5 And GM-CSF Signaling R-HSA-512988",3,0,0.10995,0.255,0.9142010813887308,False
GO_BP_2023,Positive Regulation Of Protein Polymerization (GO:0032273),3,0,0.075881,0.25563,0.9142010813887308,False
GO_BP_2023,Homotypic Cell-Cell Adhesion (GO:0034109),3,0,0.14909,0.25577,0.9142010813887308,False
GO_BP_2023,Recombinational Repair (GO:0000725),3,0,0.22511,0.2559,0.9142010813887308,False
GO_BP_2023,Negative Regulation Of Telomere Maintenance Via Telomerase (GO:0032211),3,0,0.029634,0.25646,0.8635484411764706,False
GO_BP_2023,Regulation Of Transmembrane Receptor Protein Serine/Threonine Kinase Signaling Pathway (GO:0090092),3,0,0.14186,0.25646,0.9142010813887308,False
Reactome_2022,Regulation Of APC/C Activators Between G1/S And Early Anaphase R-HSA-176408,3,0,0.13916,0.2565,0.9142010813887308,False
GO_BP_2023,Nicotinamide Nucleotide Metabolic Process (GO:0046496),3,0,0.16889,0.257,0.9142010813887308,False
GO_BP_2023,Histone Deubiquitination (GO:0016578),3,0,0.13445,0.25716,0.9142010813887308,False
Reactome_2022,Regulation Of IFNG Signaling R-HSA-877312,3,0,0.013614,0.2572,0.8503912258064517,False
GO_BP_2023,Positive Regulation Of Transcription By RNA Polymerase III (GO:0045945),3,0,0.16303,0.25758,0.9142010813887308,False
GO_BP_2023,Phospholipid Catabolic Process (GO:0009395),3,0,0.15718,0.25764,0.9142010813887308,False
GO_BP_2023,Negative Regulation Of Protein Dephosphorylation (GO:0035308),3,0,0.24371,0.25767,0.9142010813887308,False
GO_BP_2023,Regulation Of Transcription Elongation By RNA Polymerase II (GO:0034243),3,0,0.021494,0.25777,0.7646050657894736,False
GO_BP_2023,Negative Regulation Of Nucleocytoplasmic Transport (GO:0046823),3,0,0.070673,0.25797,0.9142010813887308,False
GO_BP_2023,Regulation Of Heart Contraction (GO:0008016),3,0,0.16779,0.25852,0.9142010813887308,False
Reactome_2022,Downregulation Of ERBB2:ERBB3 Signaling R-HSA-1358803,3,0,0.072591,0.25881,0.9142010813887308,False
Reactome_2022,Hh Mutants Are Degraded By ERAD R-HSA-5362768,3,0,0.16725,0.25913,0.9142010813887308,False
GO_BP_2023,Negative Regulation Of Cell Communication (GO:0010648),3,0,0.051597,0.25918,0.8635484411764706,False
Reactome_2022,Eukaryotic Translation Termination R-HSA-72764,3,0,0.1589,0.25918,0.9142010813887308,False
Reactome_2022,Heme Degradation R-HSA-189483,3,0,0.037494,0.25945,0.8298750915750917,False
GO_BP_2023,Response To Epidermal Growth Factor (GO:0070849),3,0,0.12454,0.25945,0.9142010813887308,False
GO_BP_2023,Positive Regulation Of Protein Localization To Cell Periphery (GO:1904377),3,0,0.1343,0.25973,0.9142010813887308,False
GO_BP_2023,Positive Regulation Of Apoptotic Process (GO:0043065),3,0,0.083166,0.25977,0.9142010813887308,False
GO_BP_2023,Cell Surface Receptor Signaling Pathway Involved In Cell-Cell Signaling (GO:1905114),3,0,0.0065354,0.26006,0.5940211785714286,False
GO_BP_2023,Lipoprotein Catabolic Process (GO:0042159),3,0,0.0983,0.26046,0.9142010813887308,False
GO_BP_2023,Regulation Of MAPK Cascade (GO:0043408),3,0,0.084735,0.26073,0.9046810444874276,False
Reactome_2022,RET Signaling R-HSA-8853659,3,0,0.066702,0.26107,0.8848690726817042,False
Reactome_2022,Downregulation Of ERBB2 Signaling R-HSA-8863795,3,0,0.16398,0.26121,0.9142010813887308,False
GO_BP_2023,Mitochondrion Distribution (GO:0048311),3,0,0.22223,0.26186,0.9142010813887308,False
GO_BP_2023,Heme Catabolic Process (GO:0042167),3,0,0.14555,0.26204,0.9142010813887308,False
GO_BP_2023,Ras Protein Signal Transduction (GO:0007265),3,0,0.087014,0.26213,0.9046810444874276,False
GO_BP_2023,Regulation Of Peptidyl-Lysine Acetylation (GO:2000756),3,0,0.11819,0.26221,0.9109985401459854,False
Reactome_2022,RNA Polymerase III Chain Elongation R-HSA-73780,3,0,0.089966,0.26239,0.9046810444874276,False
GO_BP_2023,Regulation Of Gene Expression By Genomic Imprinting (GO:0006349),3,0,0.17522,0.26286,0.9142010813887308,False
GO_BP_2023,Monoubiquitinated Histone Deubiquitination (GO:0035521),3,0,0.1463,0.26337,0.9142010813887308,False
GO_BP_2023,Monoubiquitinated Histone H2A Deubiquitination (GO:0035522),3,0,0.1463,0.26337,0.9142010813887308,False
GO_BP_2023,Response To Thyroid Hormone (GO:0097066),3,0,0.14048,0.26373,0.9142010813887308,False
GO_BP_2023,mRNA Transport (GO:0051028),3,0,0.21032,0.26381,0.9142010813887308,False
GO_BP_2023,Calcium-Independent Cell-Cell Adhesion Via Plasma Membrane Cell-Adhesion Molecules (GO:0016338),3,0,0.14132,0.26385,0.9142010813887308,False
Reactome_2022,Regulation Of PLK1 Activity At G2/M Transition R-HSA-2565942,3,0,0.11509,0.26413,0.9109985401459854,False
GO_BP_2023,Cellular Response To Alkaloid (GO:0071312),3,0,0.19859,0.26439,0.9142010813887308,False
Reactome_2022,Recruitment Of NuMA To Mitotic Centrosomes R-HSA-380320,3,0,0.20435,0.26457,0.9142010813887308,False
GO_BP_2023,Natural Killer Cell Mediated Immunity (GO:0002228),3,0,0.12549,0.26464,0.9142010813887308,False
Reactome_2022,Activation Of AMPK Downstream Of NMDARs R-HSA-9619483,3,0,0.019646,0.26486,0.8503912258064517,False
GO_BP_2023,Plasma Membrane Bounded Cell Projection Morphogenesis (GO:0120039),3,0,0.094227,0.26506,0.9142010813887308,False
Reactome_2022,Defective CFTR Causes Cystic Fibrosis R-HSA-5678895,3,0,0.060976,0.26544,0.9142010813887308,False
Reactome_2022,Eukaryotic Translation Elongation R-HSA-156842,3,0,0.13158,0.26567,0.9142010813887308,False
GO_BP_2023,Regulation Of Metaphase/Anaphase Transition Of Cell Cycle (GO:1902099),3,0,0.082475,0.26582,0.9142010813887308,False
GO_BP_2023,Glycerol Metabolic Process (GO:0006071),3,0,0.10758,0.2659,0.9090356792144026,False
GO_BP_2023,Negative Regulation Of Proteolysis (GO:0045861),3,0,0.069349,0.26612,0.9142010813887308,False
GO_BP_2023,Protein Modification By Small Protein Conjugation (GO:0032446),3,0,0.1789,0.26673,0.9142010813887308,False
Reactome_2022,NLRP3 Inflammasome R-HSA-844456,3,0,0.18105,0.26687,0.9142010813887308,False
Reactome_2022,PINK1-PRKN Mediated Mitophagy R-HSA-5205685,3,0,0.080735,0.26688,0.9142010813887308,False
GO_BP_2023,ERBB Signaling Pathway (GO:0038127),3,0,0.083841,0.267,0.9046810444874276,False
GO_BP_2023,Negative Regulation Of Protein Catabolic Process (GO:0042177),3,0,0.15356,0.26727,0.9142010813887308,False
GO_BP_2023,Negative Regulation Of Glycolytic Process (GO:0045820),3,0,0.015537,0.26793,0.7598961313868613,False
Reactome_2022,Arachidonic Acid Metabolism R-HSA-2142753,3,0,0.078819,0.26845,0.9142010813887308,False
GO_BP_2023,Glycogen Metabolic Process (GO:0005977),3,0,0.14538,0.26849,0.9142010813887308,False
GO_BP_2023,Regulation Of Actin Filament-Based Process (GO:0032970),3,0,0.1021,0.26874,0.9142010813887308,False
GO_BP_2023,Apoptotic Cell Clearance (GO:0043277),3,0,0.10064,0.26956,0.9142010813887308,False
GO_BP_2023,Positive Regulation Of ERBB Signaling Pathway (GO:1901186),3,0,0.093315,0.2697,0.9064376908396946,False
Reactome_2022,Antigen Processing: Ubiquitination And Proteasome Degradation R-HSA-983168,3,0,0.13659,0.2705,0.9142010813887308,False
GO_BP_2023,Cellular Response To Oxygen-Containing Compound (GO:1901701),3,0,0.065598,0.27079,0.9142010813887308,False
GO_BP_2023,Positive Regulation By Symbiont Of Entry Into Host (GO:0075294),3,0,0.078679,0.271,0.9142010813887308,False
GO_BP_2023,Positive Regulation Of Viral Entry Into Host Cell (GO:0046598),3,0,0.078679,0.271,0.9142010813887308,False
GO_BP_2023,Negative Regulation Of Programmed Cell Death (GO:0043069),3,0,0.16219,0.27112,0.9142010813887308,False
GO_BP_2023,Regulation Of Programmed Necrotic Cell Death (GO:0062098),3,0,0.1099,0.27178,0.9142010813887308,False
GO_BP_2023,Negative Regulation Of Potassium Ion Transport (GO:0043267),3,0,0.12318,0.27182,0.9142010813887308,False
GO_BP_2023,Regulation Of Plasma Membrane Bounded Cell Projection Assembly (GO:0120032),3,0,0.25905,0.27212,0.9142010813887308,False
Reactome_2022,Translation Of Replicase And Assembly Of Replication Transcription Complex R-HSA-9679504,3,0,0.062644,0.27266,0.8766172752043597,False
GO_BP_2023,Negative Regulation Of Cell-Substrate Junction Organization (GO:0150118),3,0,0.085097,0.27366,0.9142010813887308,False
GO_BP_2023,Negative Regulation Of Focal Adhesion Assembly (GO:0051895),3,0,0.085097,0.27366,0.9142010813887308,False
GO_BP_2023,Cellular Response To Transforming Growth Factor Beta Stimulus (GO:0071560),3,0,0.05452,0.27386,0.8635484411764706,False
Reactome_2022,Cellular Response To Hypoxia R-HSA-1234174,3,0,0.074732,0.27386,0.9142010813887308,False
GO_BP_2023,Positive Regulation Of Viral Life Cycle (GO:1903902),3,0,0.17789,0.27387,0.9142010813887308,False
GO_BP_2023,Negative Regulation Of Endocytosis (GO:0045806),3,0,0.10628,0.27422,0.9142010813887308,False
GO_BP_2023,Neuron Projection Guidance (GO:0097485),3,0,0.028674,0.27439,0.8635484411764706,False
Reactome_2022,RNA Polymerase III Transcription Termination R-HSA-73980,3,0,0.098484,0.27443,0.9090356792144026,False
GO_BP_2023,Positive Regulation Of DNA Methylation-Dependent Heterochromatin Formation (GO:0090309),3,0,0.21103,0.27471,0.9142010813887308,False
GO_BP_2023,Organic Substance Transport (GO:0071702),3,0,0.16123,0.27483,0.9142010813887308,False
GO_BP_2023,Regulation Of Cilium Movement (GO:0003352),3,0,0.026883,0.27528,0.8635484411764706,False
GO_BP_2023,miRNA-mediated Gene Silencing (GO:0035195),3,0,0.097004,0.27586,0.9090356792144026,False
GO_BP_2023,Positive Regulation Of Production Of Molecular Mediator Of Immune Response (GO:0002702),3,0,0.25496,0.27588,0.9142010813887308,False
GO_BP_2023,Regulation Of Chemokine Production (GO:0032642),3,0,0.17052,0.276,0.9142010813887308,False
Reactome_2022,Signaling By NTRK2 (TRKB) R-HSA-9006115,3,0,0.063402,0.27629,0.8769461413043479,False
GO_BP_2023,Chondrocyte Differentiation (GO:0002062),3,0,0.20749,0.27672,0.9142010813887308,False
GO_BP_2023,Limb Development (GO:0060173),3,0,0.027026,0.2769,0.7780630555555557,False
GO_BP_2023,Heterochromatin Organization (GO:0070828),3,0,0.12908,0.27714,0.9142010813887308,False
GO_BP_2023,"RNA Phosphodiester Bond Hydrolysis, Endonucleolytic (GO:0090502)",3,0,0.094209,0.27736,0.9142010813887308,False
GO_BP_2023,COPII Vesicle Coating (GO:0048208),3,0,0.056152,0.27771,0.8635484411764706,False
GO_BP_2023,"Vesicle Targeting, Rough ER To cis-Golgi (GO:0048207)",3,0,0.056152,0.27771,0.8635484411764706,False
GO_BP_2023,DNA Synthesis Involved In DNA Repair (GO:0000731),3,0,0.17546,0.27786,0.9142010813887308,False
Reactome_2022,Regulated Proteolysis Of p75NTR R-HSA-193692,3,0,0.24038,0.27821,0.9142010813887308,False
GO_BP_2023,Cellular Response To Lectin (GO:1990858),3,0,0.16866,0.27837,0.9142010813887308,False
GO_BP_2023,Stimulatory C-type Lectin Receptor Signaling Pathway (GO:0002223),3,0,0.16866,0.27837,0.9142010813887308,False
GO_BP_2023,Macrophage Activation Involved In Immune Response (GO:0002281),3,0,0.19732,0.27845,0.9142010813887308,False
Reactome_2022,Regulation Of IFNA/IFNB Signaling R-HSA-912694,3,0,0.1695,0.27875,0.9142010813887308,False
Reactome_2022,Interleukin-1 Signaling R-HSA-9020702,3,0,0.16672,0.27908,0.9142010813887308,False
GO_BP_2023,Protein Deacylation (GO:0035601),3,0,0.22849,0.27945,0.9142010813887308,False
GO_BP_2023,T Cell Migration (GO:0072678),3,0,0.12245,0.27952,0.9109985401459854,False
GO_BP_2023,GPI Anchor Metabolic Process (GO:0006505),3,0,0.24624,0.27986,0.9142010813887308,False
Reactome_2022,Nonsense Mediated Decay (NMD) Independent Of Exon Junction Complex (EJC) R-HSA-975956,3,0,0.21482,0.28039,0.9142010813887308,False
GO_BP_2023,Peptide Antigen Assembly With MHC Protein Complex (GO:0002501),3,0,0.25298,0.28073,0.9142010813887308,False
GO_BP_2023,Positive Regulation Of Transmembrane Transport (GO:0034764),3,0,0.014125,0.28079,0.7598961313868613,False
GO_BP_2023,Regulation Of Tubulin Deacetylation (GO:0090043),3,0,0.074772,0.28083,0.9142010813887308,False
GO_BP_2023,Neuron Projection Fasciculation (GO:0106030),3,0,0.084565,0.28089,0.9142010813887308,False
GO_BP_2023,Regulation Of Apoptotic Signaling Pathway (GO:2001233),3,0,0.14993,0.28097,0.9142010813887308,False
GO_BP_2023,Regulation Of Substrate Adhesion-Dependent Cell Spreading (GO:1900024),3,0,0.23448,0.28104,0.9142010813887308,False
GO_BP_2023,Nucleotide-Sugar Metabolic Process (GO:0009225),3,0,0.24118,0.28109,0.9142010813887308,False
GO_BP_2023,Positive Regulation Of Myeloid Leukocyte Cytokine Production Involved In Immune Response (GO:0061081),3,0,0.13663,0.2811,0.9142010813887308,False
GO_BP_2023,Neuromuscular Synaptic Transmission (GO:0007274),3,0,0.13576,0.28132,0.9142010813887308,False
GO_BP_2023,Regulation Of Calcium Ion-Dependent Exocytosis (GO:0017158),3,0,0.16894,0.28142,0.9142010813887308,False
GO_BP_2023,Cellular Response To Lipid (GO:0071396),3,0,0.11033,0.28144,0.9142010813887308,False
Reactome_2022,Extra-nuclear Estrogen Signaling R-HSA-9009391,3,0,0.16027,0.28154,0.9142010813887308,False
GO_BP_2023,Positive Regulation Of Signal Transduction (GO:0009967),3,0,0.064948,0.2819,0.9142010813887308,False
GO_BP_2023,Positive Regulation Of Protein Localization To Cajal Body (GO:1904871),3,0,0.22881,0.28198,0.9142010813887308,False
GO_BP_2023,Regulation Of Protein Localization To Cajal Body (GO:1904869),3,0,0.22881,0.28198,0.9142010813887308,False
GO_BP_2023,Positive Regulation Of Signal Transduction By P53 Class Mediator (GO:1901798),3,0,0.16434,0.28215,0.9142010813887308,False
Reactome_2022,RHOB GTPase Cycle R-HSA-9013026,3,0,0.16967,0.28234,0.9142010813887308,False
GO_BP_2023,Endoderm Formation (GO:0001706),3,0,0.11522,0.2827,0.9109985401459854,False
Reactome_2022,Pregnenolone Biosynthesis R-HSA-196108,3,0,0.14947,0.28277,0.9142010813887308,False
GO_BP_2023,Long-Chain Fatty Acid Metabolic Process (GO:0001676),3,0,0.13961,0.28336,0.9142010813887308,False
GO_BP_2023,Cell Cycle G2/M Phase Transition (GO:0044839),3,0,0.18492,0.28366,0.9142010813887308,False
GO_BP_2023,Regulation Of Cytokine Production Involved In Immune Response (GO:0002718),3,0,0.17822,0.28432,0.9142010813887308,False
GO_BP_2023,Response To Fibroblast Growth Factor (GO:0071774),3,0,0.23619,0.28432,0.9142010813887308,False
GO_BP_2023,Energy Reserve Metabolic Process (GO:0006112),3,0,0.13691,0.28462,0.9142010813887308,False
GO_BP_2023,Cardiac Conduction System Development (GO:0003161),3,0,0.18569,0.28466,0.9142010813887308,False
GO_BP_2023,Regulation Of Intracellular Protein Transport (GO:0033157),3,0,0.18412,0.28496,0.9142010813887308,False
GO_BP_2023,Morphogenesis Of An Epithelium (GO:0002009),3,0,0.097348,0.28509,0.9142010813887308,False
GO_BP_2023,Amino Acid Catabolic Process (GO:0009063),3,0,0.070603,0.28547,0.8917351612903225,False
Reactome_2022,Signaling By Retinoic Acid R-HSA-5362517,3,0,0.053295,0.28573,0.8911672131147542,False
GO_BP_2023,Positive Regulation Of Regulatory T Cell Differentiation (GO:0045591),3,0,0.10497,0.28595,0.9090356792144026,False
GO_BP_2023,Positive Regulation Of Tumor Necrosis Factor Superfamily Cytokine Production (GO:1903557),3,0,0.089338,0.28607,0.9142010813887308,False
GO_BP_2023,Receptor Catabolic Process (GO:0032801),3,0,0.23332,0.28634,0.9142010813887308,False
GO_BP_2023,Positive Regulation Of Mitotic Sister Chromatid Separation (GO:1901970),3,0,0.2091,0.28641,0.9142010813887308,False
Reactome_2022,TCF Dependent Signaling In Response To WNT R-HSA-201681,3,0,0.047752,0.28656,0.8604618021201413,False
GO_BP_2023,Positive Regulation Of Axon Extension (GO:0045773),3,0,0.1135,0.28674,0.9142010813887308,False
Reactome_2022,RHOG GTPase Cycle R-HSA-9013408,3,0,0.16327,0.28683,0.9142010813887308,False
GO_BP_2023,"Positive Regulation Of Protein Localization To Chromosome, Telomeric Region (GO:1904816)",3,0,0.080576,0.28715,0.9142010813887308,False
GO_BP_2023,Mitochondrion Disassembly (GO:0061726),3,0,0.10109,0.28727,0.9142010813887308,False
GO_BP_2023,Heterotypic Cell-Cell Adhesion (GO:0034113),3,0,0.06196,0.28729,0.8766172752043597,False
Reactome_2022,"Antigen Presentation: Folding, Assembly, Peptide Loading Of Class I MHC R-HSA-983170",3,0,0.2434,0.28739,0.9142010813887308,False
Reactome_2022,COPI-dependent Golgi-to-ER Retrograde Traffic R-HSA-6811434,3,0,0.2125,0.28764,0.9142010813887308,False
GO_BP_2023,Modulation By Symbiont Of Entry Into Host (GO:0052372),3,0,0.027011,0.28792,0.7780630555555557,False
Reactome_2022,Autodegradation Of E3 Ubiquitin Ligase COP1 R-HSA-349425,3,0,0.078746,0.28843,0.9142010813887308,False
GO_BP_2023,Regulation Of Neuron Death (GO:1901214),3,0,0.060824,0.28846,0.8751797471910112,False
Reactome_2022,Initial Triggering Of Complement R-HSA-166663,3,0,0.20044,0.28875,0.9142010813887308,False
GO_BP_2023,Cell Surface Receptor Signaling Pathway Involved In Heart Development (GO:0061311),3,0,0.06509,0.28899,0.8848690726817042,False
GO_BP_2023,Positive Regulation Of Transcription From RNA Polymerase II Promoter Involved In Cellular Response To Chemical Stimulus (GO:1901522),3,0,0.11913,0.28906,0.9109985401459854,False
GO_BP_2023,Regulation Of JNK Cascade (GO:0046328),3,0,0.20175,0.28907,0.9142010813887308,False
GO_BP_2023,"Negative Regulation Of DNA-templated Transcription, Elongation (GO:0032785)",3,0,0.24464,0.28922,0.9142010813887308,False
GO_BP_2023,Regulation Of Chromatin Organization (GO:1902275),3,0,0.16407,0.28933,0.9142010813887308,False
GO_BP_2023,Glycosaminoglycan Metabolic Process (GO:0030203),3,0,0.1834,0.28952,0.9142010813887308,False
GO_BP_2023,Positive Regulation Of Neurogenesis (GO:0050769),3,0,0.12997,0.28953,0.9142010813887308,False
GO_BP_2023,Response To Glucose (GO:0009749),3,0,0.15194,0.28961,0.9142010813887308,False
GO_BP_2023,Regulation Of Histone Acetylation (GO:0035065),3,0,0.067046,0.28963,0.9142010813887308,False
Reactome_2022,Biotin Transport And Metabolism R-HSA-196780,3,0,0.20536,0.29009,0.9142010813887308,False
GO_BP_2023,Regulation Of Long-Term Synaptic Potentiation (GO:1900271),3,0,0.10488,0.29029,0.9142010813887308,False
GO_BP_2023,Regulation Of Embryonic Development (GO:0045995),3,0,0.086739,0.29041,0.9142010813887308,False
GO_BP_2023,Negative Regulation Of Interleukin-2 Production (GO:0032703),3,0,0.074048,0.29045,0.9142010813887308,False
GO_BP_2023,Cellular Response To Metal Ion (GO:0071248),3,0,0.087291,0.29045,0.9142010813887308,False
GO_BP_2023,Positive Regulation Of Protein Metabolic Process (GO:0051247),3,0,0.12202,0.29148,0.9142010813887308,False
GO_BP_2023,Regulation Of Viral Life Cycle (GO:1903900),3,0,0.12556,0.29154,0.9142010813887308,False
GO_BP_2023,Golgi To Plasma Membrane Transport (GO:0006893),3,0,0.17657,0.29168,0.9142010813887308,False
Reactome_2022,Resolution Of D-Loop Structures R-HSA-5693537,3,0,0.025489,0.2919,0.8503912258064517,False
GO_BP_2023,Negative Regulation Of Fibroblast Growth Factor Receptor Signaling Pathway (GO:0040037),3,0,0.076097,0.29214,0.9142010813887308,False
GO_BP_2023,Positive Regulation Of Transport (GO:0051050),3,0,0.13931,0.29258,0.9142010813887308,False
Hallmark_2020,TNF-alpha Signaling via NF-kB,3,0,0.17994,0.29277,0.9142010813887308,False
GO_BP_2023,Positive Regulation Of Protein Kinase Activity (GO:0045860),3,0,0.078724,0.2928,0.9046810444874276,False
GO_BP_2023,Muscle Organ Development (GO:0007517),3,0,0.044665,0.2931,0.8635484411764706,False
GO_BP_2023,Protein Lipidation (GO:0006497),3,0,0.14834,0.29331,0.9142010813887308,False
GO_BP_2023,Nuclear-Transcribed mRNA Catabolic Process (GO:0000956),3,0,0.14408,0.29347,0.9142010813887308,False
Reactome_2022,CD28 Dependent PI3K/Akt Signaling R-HSA-389357,3,0,0.099205,0.29349,0.9142010813887308,False
Reactome_2022,Regulation Of Gene Expression In Late Stage (Branching Morphogenesis) Pancreatic Bud Precursor Cells R-HSA-210744,3,0,0.20745,0.29359,0.9142010813887308,False
Hallmark_2020,Cholesterol Homeostasis,3,0,0.23065,0.29372,0.9142010813887308,False
GO_BP_2023,Positive Regulation Of Interleukin-1 Production (GO:0032732),3,0,0.14267,0.29385,0.9142010813887308,False
GO_BP_2023,Regulation Of Alcohol Biosynthetic Process (GO:1902930),3,0,0.19505,0.29402,0.9142010813887308,False
GO_BP_2023,Regulation Of Ossification (GO:0030278),3,0,0.021625,0.29403,0.8503912258064517,False
Reactome_2022,NF-kB Is Activated And Signals Survival R-HSA-209560,3,0,0.13365,0.29422,0.9142010813887308,False
GO_BP_2023,Regulation Of Telomere Maintenance Via Telomerase (GO:0032210),3,0,0.21291,0.29427,0.9142010813887308,False
GO_BP_2023,Cellular Response To Osmotic Stress (GO:0071470),3,0,0.15745,0.29441,0.9142010813887308,False
GO_BP_2023,Regulation Of T Cell Differentiation In Thymus (GO:0033081),3,0,0.089734,0.29445,0.9046810444874276,False
GO_BP_2023,Regulation Of Interleukin-6 Production (GO:0032675),3,0,0.26356,0.29493,0.9142010813887308,False
GO_BP_2023,Oligosaccharide Metabolic Process (GO:0009311),3,0,0.18385,0.29514,0.9142010813887308,False
GO_BP_2023,Organic Hydroxy Compound Transport (GO:0015850),3,0,0.23449,0.29517,0.9142010813887308,False
GO_BP_2023,Cellular Response To Glucose Starvation (GO:0042149),3,0,0.058697,0.29518,0.910877225609756,False
Reactome_2022,Centrosome Maturation R-HSA-380287,3,0,0.18399,0.29524,0.9142010813887308,False
GO_BP_2023,Regulation Of Fatty Acid Oxidation (GO:0046320),3,0,0.11792,0.29526,0.9109985401459854,False
GO_BP_2023,Negative Regulation Of Glucose Transmembrane Transport (GO:0010829),3,0,0.19971,0.29581,0.9142010813887308,False
GO_BP_2023,Regulation Of Transcription Involved In G1/S Transition Of Mitotic Cell Cycle (GO:0000083),3,0,0.096016,0.29593,0.9142010813887308,False
Reactome_2022,Glycosaminoglycan Metabolism R-HSA-1630316,3,0,0.26642,0.29606,0.9142010813887308,False
Reactome_2022,E2F Mediated Regulation Of DNA Replication R-HSA-113510,3,0,0.25861,0.29618,0.9142010813887308,False
GO_BP_2023,acetyl-CoA Metabolic Process (GO:0006084),3,0,0.16908,0.2964,0.9142010813887308,False
GO_BP_2023,Axonal Fasciculation (GO:0007413),3,0,0.053127,0.29693,0.8937569636963696,False
Reactome_2022,Netrin-1 Signaling R-HSA-373752,3,0,0.01823,0.29708,0.8503912258064517,False
GO_BP_2023,Regulation Of Calcium Ion Transmembrane Transport Via High Voltage-Gated Calcium Channel (GO:1902514),3,0,0.19258,0.29756,0.9142010813887308,False
GO_BP_2023,Cellular Response To Reactive Oxygen Species (GO:0034614),3,0,0.14245,0.29757,0.9142010813887308,False
GO_BP_2023,Positive Regulation Of Insulin Secretion Involved In Cellular Response To Glucose Stimulus (GO:0035774),3,0,0.19046,0.29757,0.9142010813887308,False
GO_BP_2023,"Regulation Of DNA Damage Response, Signal Transduction By P53 Class Mediator (GO:0043516)",3,0,0.24549,0.29833,0.9142010813887308,False
GO_BP_2023,Ubiquitin-Dependent ERAD Pathway (GO:0030433),3,0,0.073893,0.29882,0.901282291169451,False
GO_BP_2023,Regulation Of Filopodium Assembly (GO:0051489),3,0,0.065126,0.29891,0.9142010813887308,False
Reactome_2022,TGF-beta Receptor Signaling In EMT (Epithelial To Mesenchymal Transition) R-HSA-2173791,3,0,0.15315,0.29907,0.9142010813887308,False
Reactome_2022,NCAM1 Interactions R-HSA-419037,3,0,0.2565,0.29943,0.9142010813887308,False
Reactome_2022,Signaling By Interleukins R-HSA-449147,3,0,0.2125,0.29966,0.9142010813887308,False
Reactome_2022,Downregulation Of SMAD2/3:SMAD4 Transcriptional Activity R-HSA-2173795,3,0,0.081457,0.3003,0.9046810444874276,False
GO_BP_2023,Positive Regulation Of Interleukin-1 Beta Production (GO:0032731),3,0,0.14409,0.30104,0.9142010813887308,False
GO_BP_2023,Smoothened Signaling Pathway (GO:0007224),3,0,0.020331,0.30116,0.7598961313868613,False
GO_BP_2023,Cranial Nerve Development (GO:0021545),3,0,0.13555,0.30124,0.9142010813887308,False
GO_BP_2023,"Synaptic Transmission, Cholinergic (GO:0007271)",3,0,0.2128,0.30154,0.9142010813887308,False
Reactome_2022,Regulation Of PTEN Stability And Activity R-HSA-8948751,3,0,0.075868,0.30206,0.9142010813887308,False
GO_BP_2023,Artery Morphogenesis (GO:0048844),3,0,0.081403,0.30219,0.9046810444874276,False
GO_BP_2023,Lymphocyte Differentiation (GO:0030098),3,0,0.25876,0.30257,0.9142010813887308,False
GO_BP_2023,Response To Organonitrogen Compound (GO:0010243),3,0,0.18795,0.30271,0.9142010813887308,False
GO_BP_2023,Positive Regulation Of Heterochromatin Formation (GO:0031453),3,0,0.2266,0.30315,0.9142010813887308,False
GO_BP_2023,Glycosphingolipid Metabolic Process (GO:0006687),3,0,0.20987,0.30317,0.9142010813887308,False
GO_BP_2023,Positive Regulation Of Fatty Acid Oxidation (GO:0046321),3,0,0.12246,0.30372,0.9142010813887308,False
GO_BP_2023,Organelle Fission (GO:0048285),3,0,0.18346,0.30427,0.9142010813887308,False
GO_BP_2023,Fatty Acid Catabolic Process (GO:0009062),3,0,0.21141,0.30435,0.9142010813887308,False
GO_BP_2023,Positive Regulation Of Telomere Maintenance (GO:0032206),3,0,0.051213,0.3054,0.8635484411764706,False
Reactome_2022,Signal Attenuation R-HSA-74749,3,0,0.24579,0.30561,0.9142010813887308,False
Reactome_2022,Interleukin-17 Signaling R-HSA-448424,3,0,0.13224,0.30577,0.9142010813887308,False
GO_BP_2023,Positive Regulation Of Amyloid Precursor Protein Catabolic Process (GO:1902993),3,0,0.20128,0.30597,0.9142010813887308,False
GO_BP_2023,Response To Amyloid-Beta (GO:1904645),3,0,0.26091,0.30604,0.9142010813887308,False
GO_BP_2023,Positive Regulation Of Cellular Response To Transforming Growth Factor Beta Stimulus (GO:1903846),3,0,0.26671,0.30605,0.9142010813887308,False
GO_BP_2023,Positive Regulation Of Transforming Growth Factor Beta Receptor Signaling Pathway (GO:0030511),3,0,0.26671,0.30605,0.9142010813887308,False
GO_BP_2023,Positive Regulation Of Proteolysis (GO:0045862),3,0,0.22676,0.30611,0.9142010813887308,False
Reactome_2022,Regulation Of Lipid Metabolism By PPARalpha R-HSA-400206,3,0,0.15633,0.30619,0.9142010813887308,False
GO_BP_2023,Amino Acid Transmembrane Transport (GO:0003333),3,0,0.15687,0.30641,0.9142010813887308,False
GO_BP_2023,Renal Absorption (GO:0070293),3,0,0.087854,0.30645,0.9046810444874276,False
GO_BP_2023,Negative Regulation Of Cell Migration (GO:0030336),3,0,0.083306,0.30705,0.9142010813887308,False
GO_BP_2023,Regulation Of Cysteine-Type Endopeptidase Activity Involved In Apoptotic Process (GO:0043281),3,0,0.11879,0.30718,0.9109985401459854,False
GO_BP_2023,Positive Regulation Of Cellular Response To Insulin Stimulus (GO:1900078),3,0,0.16153,0.30721,0.9142010813887308,False
GO_BP_2023,Positive Regulation Of Embryonic Development (GO:0040019),3,0,0.21024,0.30723,0.9142010813887308,False
GO_BP_2023,Polyol Biosynthetic Process (GO:0046173),3,0,0.02583,0.30744,0.8503912258064517,False
GO_BP_2023,Regulation Of Fatty Acid Metabolic Process (GO:0019217),3,0,0.1842,0.30751,0.9142010813887308,False
Reactome_2022,Intra-Golgi And Retrograde Golgi-to-ER Traffic R-HSA-6811442,3,0,0.15204,0.30843,0.9142010813887308,False
GO_BP_2023,RNA-templated DNA Biosynthetic Process (GO:0006278),3,0,0.14297,0.3085,0.9142010813887308,False
GO_BP_2023,Telomere Maintenance Via Telomerase (GO:0007004),3,0,0.14297,0.3085,0.9142010813887308,False
Reactome_2022,mRNA Splicing - Minor Pathway R-HSA-72165,3,0,0.041618,0.30852,0.8298750915750917,False
Reactome_2022,Aflatoxin Activation And Detoxification R-HSA-5423646,3,0,0.027473,0.30859,0.7780630555555557,False
GO_BP_2023,Positive Regulation Of Fibroblast Proliferation (GO:0048146),3,0,0.10586,0.30909,0.9142010813887308,False
Reactome_2022,Signaling By PDGFR In Disease R-HSA-9671555,3,0,0.011389,0.30955,0.8503912258064517,False
GO_BP_2023,Response To Exogenous dsRNA (GO:0043330),3,0,0.080878,0.30957,0.9142010813887308,False
GO_BP_2023,Negative Regulation Of ERBB Signaling Pathway (GO:1901185),3,0,0.23489,0.30968,0.9142010813887308,False
GO_BP_2023,Regulation Of Nucleocytoplasmic Transport (GO:0046822),3,0,0.1439,0.30978,0.9142010813887308,False
GO_BP_2023,Regulation Of Histone Deacetylation (GO:0031063),3,0,0.017546,0.30992,0.7598961313868613,False
Reactome_2022,SUMOylation Of Intracellular Receptors R-HSA-4090294,3,0,0.035764,0.31031,0.8635484411764706,False
GO_BP_2023,Aortic Valve Morphogenesis (GO:0003180),3,0,0.17317,0.31038,0.9142010813887308,False
GO_BP_2023,Double-Strand Break Repair Via Homologous Recombination (GO:0000724),3,0,0.25213,0.31047,0.9142010813887308,False
GO_BP_2023,Positive Regulation Of Innate Immune Response (GO:0045089),3,0,0.2667,0.31061,0.9142010813887308,False
GO_BP_2023,Ventricular Septum Morphogenesis (GO:0060412),3,0,0.15882,0.31115,0.9142010813887308,False
Reactome_2022,PPARA Activates Gene Expression R-HSA-1989781,3,0,0.18048,0.31119,0.9142010813887308,False
Reactome_2022,Biosynthesis Of Specialized Proresolving Mediators (SPMs) R-HSA-9018678,3,0,0.26579,0.31119,0.9142010813887308,False
Reactome_2022,RHO GTPases Activate KTN1 R-HSA-5625970,3,0,0.15229,0.31134,0.9142010813887308,False
GO_BP_2023,Regulation Of DNA-templated Transcription Elongation (GO:0032784),3,0,0.21857,0.31136,0.9142010813887308,False
Reactome_2022,Defective Intrinsic Pathway For Apoptosis R-HSA-9734009,3,0,0.2736,0.31139,0.9142010813887308,False
Reactome_2022,Resolution Of D-loop Structures Thru Holliday Junction Intermediates R-HSA-5693568,3,0,0.025602,0.31249,0.8503912258064517,False
GO_BP_2023,Clathrin Coat Assembly (GO:0048268),3,0,0.076063,0.31288,0.9142010813887308,False
GO_BP_2023,Negative Regulation Of Amide Metabolic Process (GO:0034249),3,0,0.045361,0.31308,0.8635484411764706,False
GO_BP_2023,Regulation Of Protein Targeting To Membrane (GO:0090313),3,0,0.218,0.31313,0.9142010813887308,False
Reactome_2022,RND1 GTPase Cycle R-HSA-9696273,3,0,0.1127,0.31373,0.9142010813887308,False
GO_BP_2023,Negative Regulation Of Viral Entry Into Host Cell (GO:0046597),3,0,0.16682,0.31384,0.9142010813887308,False
Reactome_2022,Signaling By Nuclear Receptors R-HSA-9006931,3,0,0.18943,0.31433,0.9142010813887308,False
Reactome_2022,Activation Of NMDA Receptors And Postsynaptic Events R-HSA-442755,3,0,0.1872,0.31458,0.9142010813887308,False
GO_BP_2023,Nucleosome Assembly (GO:0006334),3,0,0.26682,0.31471,0.9142010813887308,False
GO_BP_2023,Positive Regulation Of RNA Splicing (GO:0033120),3,0,0.10029,0.31558,0.9090356792144026,False
GO_BP_2023,Negative Regulation Of Type I Interferon Production (GO:0032480),3,0,0.08746,0.31582,0.9046810444874276,False
Reactome_2022,Signaling By TGF-beta Receptor Complex R-HSA-170834,3,0,0.040848,0.31592,0.8635484411764706,False
GO_BP_2023,Omega-Hydroxylase P450 Pathway (GO:0097267),3,0,0.089103,0.3162,0.9142010813887308,False
Reactome_2022,Xenobiotics R-HSA-211981,3,0,0.15427,0.31689,0.914765388951522,False
GO_BP_2023,Hyaluronan Metabolic Process (GO:0030212),3,0,0.077314,0.31707,0.9046810444874276,False
Reactome_2022,Downstream Signaling Of Activated FGFR4 R-HSA-5654716,3,0,0.08134,0.31727,0.9046810444874276,False
GO_BP_2023,Histone mRNA Catabolic Process (GO:0071044),3,0,0.048371,0.31746,0.8635484411764706,False
GO_BP_2023,Insulin-Like Growth Factor Receptor Signaling Pathway (GO:0048009),3,0,0.22037,0.31746,0.914765388951522,False
GO_BP_2023,Negative Regulation Of Signal Transduction (GO:0009968),3,0,0.22977,0.31748,0.9142010813887308,False
GO_BP_2023,Ephrin Receptor Signaling Pathway (GO:0048013),3,0,0.11603,0.31784,0.914765388951522,False
Reactome_2022,GPVI-mediated Activation Cascade R-HSA-114604,3,0,0.22513,0.31802,0.9142010813887308,False
GO_BP_2023,Regulation Of Monocyte Chemotactic Protein-1 Production (GO:0071637),3,0,0.13693,0.31832,0.914765388951522,False
Reactome_2022,Citric Acid (TCA) Cycle And Respiratory Electron Transport R-HSA-1428517,3,0,0.27363,0.31847,0.914765388951522,False
Reactome_2022,CD28 Co-Stimulation R-HSA-389356,3,0,0.19467,0.31865,0.9142010813887308,False
GO_BP_2023,Alpha-Beta T Cell Activation (GO:0046631),3,0,0.23802,0.3187,0.914765388951522,False
GO_BP_2023,Endoplasmic Reticulum To Golgi Vesicle-Mediated Transport (GO:0006888),3,0,0.15264,0.31878,0.9142010813887308,False
Reactome_2022,Interferon Gamma Signaling R-HSA-877300,3,0,0.22329,0.31882,0.914765388951522,False
GO_BP_2023,Negative Regulation Of Reactive Oxygen Species Metabolic Process (GO:2000378),3,0,0.1376,0.31904,0.9148809014084506,False
GO_BP_2023,Negative Regulation Of Actin Filament Bundle Assembly (GO:0032232),3,0,0.24798,0.31985,0.9142010813887308,False
GO_BP_2023,Regulation Of Extrinsic Apoptotic Signaling Pathway (GO:2001236),3,0,0.24979,0.31995,0.9142010813887308,False
GO_BP_2023,Phosphatidylcholine Metabolic Process (GO:0046470),3,0,0.13472,0.32,0.9142010813887308,False
GO_BP_2023,Negative Regulation Of Intracellular Signal Transduction (GO:1902532),3,0,0.088938,0.3202,0.9046810444874276,False
GO_BP_2023,Sodium Ion Homeostasis (GO:0055078),3,0,0.20283,0.32028,0.9142010813887308,False
Reactome_2022,Neurotransmitter Release Cycle R-HSA-112310,3,0,0.039271,0.32042,0.8298750915750917,False
GO_BP_2023,Regulation Of Mitochondrial Outer Membrane Permeabilization Involved In Apoptotic Signaling Pathway (GO:1901028),3,0,0.18272,0.32058,0.9142010813887308,False
GO_BP_2023,Vesicle Transport Along Actin Filament (GO:0030050),3,0,0.22363,0.32065,0.9156606246514224,False
GO_BP_2023,Negative Regulation Of Amyloid Precursor Protein Catabolic Process (GO:1902992),3,0,0.090421,0.32066,0.9046810444874276,False
Reactome_2022,Cytosolic Sensors Of Pathogen-Associated DNA R-HSA-1834949,3,0,0.16678,0.32075,0.9142010813887308,False
GO_BP_2023,Negative Regulation Of Transforming Growth Factor Beta Receptor Signaling Pathway (GO:0030512),3,0,0.20405,0.32106,0.9156606246514224,False
Reactome_2022,Regulation Of TNFR1 Signaling R-HSA-5357905,3,0,0.17636,0.32165,0.9142010813887308,False
GO_BP_2023,Biogenic Amine Biosynthetic Process (GO:0042401),3,0,0.093522,0.32177,0.9156606246514224,False
GO_BP_2023,Regulation Of Lamellipodium Assembly (GO:0010591),3,0,0.14265,0.32209,0.9142010813887308,False
GO_BP_2023,Cellular Response To Cholesterol (GO:0071397),3,0,0.26713,0.32222,0.9142010813887308,False
GO_BP_2023,"Regulation Of Alternative mRNA Splicing, Via Spliceosome (GO:0000381)",3,0,0.17497,0.32233,0.9156606246514224,False
Reactome_2022,Signaling By ERBB2 R-HSA-1227986,3,0,0.072136,0.32289,0.901282291169451,False
GO_BP_2023,Negative Regulation Of Myotube Differentiation (GO:0010832),3,0,0.27872,0.32297,0.9163418617614268,False
GO_BP_2023,Cholesterol Transport (GO:0030301),3,0,0.057673,0.32341,0.8635484411764706,False
GO_BP_2023,Golgi To Vacuole Transport (GO:0006896),3,0,0.27434,0.32352,0.9142010813887308,False
GO_BP_2023,Regulation Of Microtubule Nucleation (GO:0010968),3,0,0.10904,0.32356,0.9142010813887308,False
GO_BP_2023,Positive Regulation Of Phosphoprotein Phosphatase Activity (GO:0032516),3,0,0.1292,0.32384,0.916709,False
GO_BP_2023,Oligodendrocyte Development (GO:0014003),3,0,0.098932,0.32385,0.916709,False
GO_BP_2023,Bicellular Tight Junction Assembly (GO:0070830),3,0,0.19052,0.32401,0.916709,False
Reactome_2022,Protein Localization R-HSA-9609507,3,0,0.11706,0.32404,0.9142010813887308,False
GO_BP_2023,Negative Regulation Of ERK1 And ERK2 Cascade (GO:0070373),3,0,0.13861,0.3241,0.916709,False
GO_BP_2023,Cell Proliferation In Forebrain (GO:0021846),3,0,0.19992,0.32417,0.9142010813887308,False
Reactome_2022,PCP/CE Pathway R-HSA-4086400,3,0,0.065887,0.32448,0.9170478622987228,False
GO_BP_2023,Positive Regulation Of Apoptotic Signaling Pathway (GO:2001235),3,0,0.11758,0.32499,0.9172943219404628,False
GO_BP_2023,Positive Regulation Of Protein Localization To Cell Surface (GO:2000010),3,0,0.038406,0.32528,0.8298750915750917,False
GO_BP_2023,Cellular Response To Leucine Starvation (GO:1990253),3,0,0.20536,0.32535,0.9172943219404628,False
GO_BP_2023,Gamma-Delta T Cell Activation (GO:0046629),3,0,0.24044,0.32591,0.9142010813887308,False
GO_BP_2023,Dopaminergic Neuron Differentiation (GO:0071542),3,0,0.1427,0.32605,0.9142010813887308,False
Reactome_2022,SARS-CoV-2 Activates/Modulates Innate And Adaptive Immune Responses R-HSA-9705671,3,0,0.19781,0.32636,0.9142010813887308,False
Reactome_2022,Signaling By ERBB2 KD Mutants R-HSA-9664565,3,0,0.057683,0.32641,0.8635484411764706,False
GO_BP_2023,Positive Regulation Of Behavior (GO:0048520),3,0,0.23301,0.32657,0.9142010813887308,False
GO_BP_2023,Regulation Of Vasculogenesis (GO:2001212),3,0,0.31046,0.32666,0.9156606246514224,False
GO_BP_2023,Positive Regulation Of Dendrite Development (GO:1900006),3,0,0.15165,0.32694,0.9142010813887308,False
GO_BP_2023,Insulin Receptor Signaling Pathway (GO:0008286),3,0,0.079105,0.3271,0.9173217630853996,False
Reactome_2022,Insertion Of Tail-Anchored Proteins Into Endoplasmic Reticulum Membrane R-HSA-9609523,3,0,0.28239,0.32727,0.9142010813887308,False
GO_BP_2023,Positive Regulation Of Organelle Organization (GO:0010638),3,0,0.016455,0.32775,0.7598961313868613,False
Reactome_2022,Signaling By ALK Fusions And Activated Point Mutants R-HSA-9725370,3,0,0.18216,0.32799,0.9176798134942402,False
Reactome_2022,RUNX1 And FOXP3 Control Development Of Regulatory T Lymphocytes (Tregs) R-HSA-8877330,3,0,0.077466,0.32828,0.9176798134942402,False
GO_BP_2023,Positive Regulation Of Transferase Activity (GO:0051347),3,0,0.32484,0.32829,0.9176798134942402,False
GO_BP_2023,Negative Regulation Of Sprouting Angiogenesis (GO:1903671),3,0,0.13451,0.32852,0.9176798134942402,False
GO_BP_2023,Positive Regulation Of Non-Canonical Wnt Signaling Pathway (GO:2000052),3,0,0.087617,0.32861,0.9046810444874276,False
Hallmark_2020,Spermatogenesis,3,0,0.21982,0.32867,0.9176798134942402,False
GO_BP_2023,Negative Regulation Of Apoptotic Signaling Pathway (GO:2001234),3,0,0.074776,0.32874,0.9142010813887308,False
GO_BP_2023,Regulation Of Activin Receptor Signaling Pathway (GO:0032925),3,0,0.24494,0.32896,0.917809705561614,False
GO_BP_2023,Positive Regulation Of Release Of Cytochrome C From Mitochondria (GO:0090200),3,0,0.038467,0.32905,0.8635484411764706,False
GO_BP_2023,Phosphatidylethanolamine Metabolic Process (GO:0046337),3,0,0.15867,0.32918,0.9142010813887308,False
Reactome_2022,RIP-mediated NFkB Activation Via ZBP1 R-HSA-1810476,3,0,0.22866,0.32942,0.9142010813887308,False
Reactome_2022,Respiratory Electron Transport R-HSA-611105,3,0,0.22536,0.32957,0.9142010813887308,False
GO_BP_2023,Protein Exit From Endoplasmic Reticulum (GO:0032527),3,0,0.12721,0.32975,0.9142010813887308,False
GO_BP_2023,Regulation Of Telomere Capping (GO:1904353),3,0,0.20211,0.32999,0.917809705561614,False
GO_BP_2023,Membrane Lipid Biosynthetic Process (GO:0046467),3,0,0.08752,0.33019,0.9046810444874276,False
Reactome_2022,Notch-HLH Transcription Pathway R-HSA-350054,3,0,0.020519,0.33022,0.8503912258064517,False
Reactome_2022,Interleukin Receptor SHC Signaling R-HSA-912526,3,0,0.26324,0.33069,0.9172943219404628,False
Reactome_2022,PI3K Events In ERBB2 Signaling R-HSA-1963642,3,0,0.090265,0.33163,0.9046810444874276,False
Reactome_2022,Signaling By MET R-HSA-6806834,3,0,0.15342,0.33263,0.9142010813887308,False
Reactome_2022,Nonhomologous End-Joining (NHEJ) R-HSA-5693571,3,0,0.20644,0.33265,0.9208097071583514,False
GO_BP_2023,Protein Localization To Microtubule Organizing Center (GO:1905508),3,0,0.22555,0.33292,0.9142010813887308,False
GO_BP_2023,Positive Regulation Of Protein-Containing Complex Disassembly (GO:0043243),3,0,0.25555,0.33303,0.9208097071583514,False
Reactome_2022,RAC2 GTPase Cycle R-HSA-9013404,3,0,0.15963,0.3332,0.9208097071583514,False
GO_BP_2023,Regulation Of Melanin Biosynthetic Process (GO:0048021),3,0,0.057669,0.33359,0.8635484411764706,False
GO_BP_2023,Regulation Of Actin Cytoskeleton Organization (GO:0032956),3,0,0.12239,0.33359,0.9208097071583514,False
GO_BP_2023,Negative Regulation Of Apoptotic Process (GO:0043066),3,0,0.20055,0.33421,0.9142010813887308,False
Reactome_2022,Transcriptional Regulation By E2F6 R-HSA-8953750,3,0,0.077174,0.33511,0.9216143088552916,False
GO_BP_2023,"Mitochondrial Electron Transport, NADH To Ubiquinone (GO:0006120)",3,0,0.19873,0.33512,0.9216143088552916,False
Reactome_2022,tRNA Modification In Nucleus And Cytosol R-HSA-6782315,3,0,0.25077,0.33566,0.9142010813887308,False
GO_BP_2023,Positive Regulation Of Viral Genome Replication (GO:0045070),3,0,0.1703,0.33567,0.9142010813887308,False
GO_BP_2023,Response To Peptide (GO:1901652),3,0,0.12041,0.33583,0.9109985401459854,False
GO_BP_2023,Aortic Valve Development (GO:0003176),3,0,0.2388,0.33625,0.9142010813887308,False
Reactome_2022,Signaling By NOTCH3 R-HSA-9012852,3,0,0.24821,0.33661,0.9142010813887308,False
GO_BP_2023,Cellular Response To Glucocorticoid Stimulus (GO:0071385),3,0,0.24821,0.33678,0.9142010813887308,False
GO_BP_2023,Positive Regulation Of Cell Activation (GO:0050867),3,0,0.10549,0.33699,0.922255873493976,False
GO_BP_2023,Regulation Of Dendritic Cell Differentiation (GO:2001198),3,0,0.30933,0.33713,0.922255873493976,False
Reactome_2022,Signaling By ERBB2 TMD/JMD Mutants R-HSA-9665686,3,0,0.1023,0.33765,0.9090356792144026,False
Reactome_2022,Disassembly Of Destruction Complex And Recruitment Of AXIN To Membrane R-HSA-4641262,3,0,0.2836,0.33772,0.9142010813887308,False
GO_BP_2023,Negative Regulation Of Protein Kinase Activity (GO:0006469),3,0,0.18384,0.3383,0.9172943219404628,False
GO_BP_2023,G2/M Transition Of Mitotic Cell Cycle (GO:0000086),3,0,0.16959,0.33843,0.9142010813887308,False
Reactome_2022,Post NMDA Receptor Activation Events R-HSA-438064,3,0,0.16591,0.33893,0.922255873493976,False
GO_BP_2023,Negative Regulation Of Cell Projection Organization (GO:0031345),3,0,0.018177,0.33924,0.7598961313868613,False
GO_BP_2023,Organic Hydroxy Compound Biosynthetic Process (GO:1901617),3,0,0.11548,0.33949,0.9109985401459854,False
GO_BP_2023,Positive Regulation Of Protein Autophosphorylation (GO:0031954),3,0,0.12588,0.33963,0.922255873493976,False
GO_BP_2023,Mitotic Cytokinesis (GO:0000281),3,0,0.063446,0.33982,0.918919315068493,False
GO_BP_2023,Intracellular Lipid Transport (GO:0032365),3,0,0.11179,0.33984,0.9109985401459854,False
GO_BP_2023,Facultative Heterochromatin Formation (GO:0140718),3,0,0.22301,0.33993,0.9142010813887308,False
GO_BP_2023,Cell Junction Organization (GO:0034330),3,0,0.090447,0.34014,0.922255873493976,False
GO_BP_2023,Negative Regulation Of Nervous System Development (GO:0051961),3,0,0.16401,0.34025,0.9142010813887308,False
Reactome_2022,Dectin-1 Mediated Noncanonical NF-kB Signaling R-HSA-5607761,3,0,0.083008,0.34037,0.915941186440678,False
Reactome_2022,Metabolism Of Water-Soluble Vitamins And Cofactors R-HSA-196849,3,0,0.22971,0.34044,0.922255873493976,False
Reactome_2022,Biosynthesis Of DHA-derived SPMs R-HSA-9018677,3,0,0.26681,0.34045,0.9142010813887308,False
GO_BP_2023,Regulation Of Smoothened Signaling Pathway (GO:0008589),3,0,0.11555,0.34062,0.9109985401459854,False
GO_BP_2023,Autophagy Of Mitochondrion (GO:0000422),3,0,0.14405,0.34091,0.9142010813887308,False
GO_BP_2023,tRNA 5'-End Processing (GO:0099116),3,0,0.25995,0.34094,0.9142010813887308,False
GO_BP_2023,Negative Regulation Of Viral Process (GO:0048525),3,0,0.27841,0.34097,0.922255873493976,False
GO_BP_2023,Regulation Of Hydrolase Activity (GO:0051336),3,0,0.085372,0.34124,0.922255873493976,False
GO_BP_2023,Glial Cell Differentiation (GO:0010001),3,0,0.19674,0.34141,0.9142010813887308,False
GO_BP_2023,Positive Regulation Of Phosphatidylinositol 3-Kinase Signaling (GO:0014068),3,0,0.057234,0.34211,0.8635484411764706,False
Reactome_2022,DAP12 Signaling R-HSA-2424491,3,0,0.28459,0.34239,0.9142010813887308,False
Reactome_2022,Alpha-Linolenic (Omega3) And Linoleic (Omega6) Acid Metabolism R-HSA-2046104,3,0,0.15109,0.34329,0.922255873493976,False
GO_BP_2023,RNA Export From Nucleus (GO:0006405),3,0,0.27878,0.34329,0.9142010813887308,False
GO_BP_2023,Natural Killer Cell Mediated Cytotoxicity (GO:0042267),3,0,0.16555,0.3434,0.9142010813887308,False
Reactome_2022,Signaling By PDGF R-HSA-186797,3,0,0.057289,0.34342,0.8635484411764706,False
Reactome_2022,Signaling By ERBB2 In Cancer R-HSA-1227990,3,0,0.071148,0.34352,0.8919786206896552,False
GO_BP_2023,Negative Regulation Of Cilium Assembly (GO:1902018),3,0,0.29053,0.34399,0.9172943219404628,False
Reactome_2022,Nonsense Mediated Decay (NMD) Enhanced By Exon Junction Complex (EJC) R-HSA-975957,3,0,0.17687,0.34415,0.922255873493976,False
GO_BP_2023,Antigen Processing And Presentation Of Peptide Antigen Via MHC Class II (GO:0002495),3,0,0.14137,0.34447,0.922255873493976,False
GO_BP_2023,Telomere Maintenance Via Telomere Lengthening (GO:0010833),3,0,0.14697,0.34501,0.9142010813887308,False
Reactome_2022,Kinesins R-HSA-983189,3,0,0.16215,0.34501,0.922255873493976,False
GO_BP_2023,Positive Regulation Of Actin Filament Depolymerization (GO:0030836),3,0,0.28646,0.34518,0.9176798134942402,False
GO_BP_2023,Positive Regulation Of Reactive Oxygen Species Metabolic Process (GO:2000379),3,0,0.19333,0.34578,0.922255873493976,False
GO_BP_2023,Icosanoid Biosynthetic Process (GO:0046456),3,0,0.13654,0.34598,0.922255873493976,False
GO_BP_2023,Regulation Of Establishment Of Cell Polarity (GO:2000114),3,0,0.32124,0.3461,0.922255873493976,False
GO_BP_2023,Negative Regulation Of DNA Metabolic Process (GO:0051053),3,0,0.15189,0.34643,0.9142010813887308,False
GO_BP_2023,Protein Glycosylation (GO:0006486),3,0,0.24016,0.34647,0.922255873493976,False
GO_BP_2023,Protein K11-linked Ubiquitination (GO:0070979),3,0,0.21963,0.34685,0.9142010813887308,False
GO_BP_2023,Cellular Response To Exogenous dsRNA (GO:0071360),3,0,0.10928,0.34706,0.922255873493976,False
GO_BP_2023,Regulation Of B Cell Differentiation (GO:0045577),3,0,0.25644,0.34706,0.922255873493976,False
GO_BP_2023,Peptidyl-Threonine Modification (GO:0018210),3,0,0.13756,0.34708,0.922255873493976,False
GO_BP_2023,Inositol Phosphate-Mediated Signaling (GO:0048016),3,0,0.14835,0.34724,0.9142010813887308,False
GO_BP_2023,Very-Low-Density Lipoprotein Particle Assembly (GO:0034379),3,0,0.058703,0.34734,0.8724378717201167,False
GO_BP_2023,Cell Communication By Electrical Coupling Involved In Cardiac Conduction (GO:0086064),3,0,0.082216,0.34757,0.922255873493976,False
GO_BP_2023,Positive Regulation Of Stem Cell Population Maintenance (GO:1902459),3,0,0.11122,0.34816,0.913314680232558,False
GO_BP_2023,Exocytosis (GO:0006887),3,0,0.19984,0.34878,0.922255873493976,False
GO_BP_2023,Cellular Response To Molecule Of Bacterial Origin (GO:0071219),3,0,0.23398,0.34902,0.9142010813887308,False
Reactome_2022,FRS-mediated FGFR4 Signaling R-HSA-5654712,3,0,0.22603,0.34943,0.9142010813887308,False
GO_BP_2023,Thyroid Hormone Generation (GO:0006590),3,0,0.15833,0.34953,0.922255873493976,False
GO_BP_2023,Keratan Sulfate Biosynthetic Process (GO:0018146),3,0,0.1345,0.35063,0.922255873493976,False
Reactome_2022,Golgi-to-ER Retrograde Transport R-HSA-8856688,3,0,0.10196,0.35074,0.9090356792144026,False
GO_BP_2023,Regulation Of Calcium Ion Transport (GO:0051924),3,0,0.1973,0.35074,0.922255873493976,False
GO_BP_2023,Positive Regulation Of Protein Targeting To Membrane (GO:0090314),3,0,0.16789,0.35104,0.9142010813887308,False
GO_BP_2023,Regulation Of Amyloid Precursor Protein Catabolic Process (GO:1902991),3,0,0.19931,0.35133,0.922255873493976,False
Reactome_2022,ZBP1(DAI) Mediated Induction Of Type I IFNs R-HSA-1606322,3,0,0.14914,0.35135,0.9142010813887308,False
GO_BP_2023,Mitochondrial Fusion (GO:0008053),3,0,0.16423,0.35145,0.9142010813887308,False
GO_BP_2023,Regulation Of Platelet Activation (GO:0010543),3,0,0.19479,0.35177,0.922255873493976,False
GO_BP_2023,Regulation Of Cyclin-Dependent Protein Kinase Activity (GO:1904029),3,0,0.033307,0.35204,0.8635484411764706,False
Reactome_2022,Receptor-type Tyrosine-Protein Phosphatases R-HSA-388844,3,0,0.28486,0.35212,0.922255873493976,False
GO_BP_2023,Negative Regulation Of Leukocyte Chemotaxis (GO:0002689),3,0,0.13901,0.35248,0.9142010813887308,False
GO_BP_2023,Negative Regulation Of Smoothened Signaling Pathway (GO:0045879),3,0,0.12602,0.353,0.922255873493976,False
GO_BP_2023,"mRNA Cis Splicing, Via Spliceosome (GO:0045292)",3,0,0.19279,0.35345,0.9142010813887308,False
Reactome_2022,Negative Regulation Of TCF-dependent Signaling By WNT Ligand Antagonists R-HSA-3772470,3,0,0.19392,0.3536,0.9142010813887308,False
Reactome_2022,Diseases Associated With N-glycosylation Of Proteins R-HSA-3781860,3,0,0.20217,0.35364,0.922255873493976,False
GO_BP_2023,Endocytic Recycling (GO:0032456),3,0,0.28615,0.35373,0.9142010813887308,False
GO_BP_2023,Positive Regulation Of JUN Kinase Activity (GO:0043507),3,0,0.16046,0.35387,0.9142010813887308,False
GO_BP_2023,Peptidyl-Threonine Phosphorylation (GO:0018107),3,0,0.13969,0.35398,0.922255873493976,False
Hallmark_2020,Bile Acid Metabolism,3,0,0.15773,0.35399,0.9142010813887308,False
GO_BP_2023,Mitochondrial Respiratory Chain Complex I Assembly (GO:0032981),3,0,0.28725,0.35399,0.922255873493976,False
GO_BP_2023,NADH Dehydrogenase Complex Assembly (GO:0010257),3,0,0.28725,0.35399,0.922255873493976,False
GO_BP_2023,Negative Regulation Of Cell Migration Involved In Sprouting Angiogenesis (GO:0090051),3,0,0.13161,0.35417,0.9142010813887308,False
GO_BP_2023,Positive Regulation Of Neutrophil Migration (GO:1902624),3,0,0.19582,0.35419,0.922255873493976,False
GO_BP_2023,Neuron Apoptotic Process (GO:0051402),3,0,0.080567,0.35431,0.9046810444874276,False
GO_BP_2023,Regulation Of Type II Interferon-Mediated Signaling Pathway (GO:0060334),3,0,0.021284,0.35441,0.8503912258064517,False
Reactome_2022,Elastic Fibre Formation R-HSA-1566948,3,0,0.30154,0.35457,0.9142010813887308,False
GO_BP_2023,Response To Lipid (GO:0033993),3,0,0.3113,0.35476,0.922255873493976,False
GO_BP_2023,Protein Processing (GO:0016485),3,0,0.21502,0.35484,0.9142010813887308,False
GO_BP_2023,Signal Transduction By P53 Class Mediator (GO:0072331),3,0,0.21902,0.35486,0.9142010813887308,False
GO_BP_2023,Positive Regulation Of Actin Filament Polymerization (GO:0030838),3,0,0.26774,0.35487,0.922255873493976,False
Reactome_2022,Circadian Clock R-HSA-400253,3,0,0.18256,0.35504,0.922255873493976,False
Reactome_2022,Interferon Signaling R-HSA-913531,3,0,0.23499,0.35509,0.922255873493976,False
GO_BP_2023,Cellular Response To Fluid Shear Stress (GO:0071498),3,0,0.091228,0.35524,0.9046810444874276,False
GO_BP_2023,Positive Regulation Of Leukocyte Activation (GO:0002696),3,0,0.18553,0.35539,0.9142010813887308,False
Reactome_2022,Oxidative Stress Induced Senescence R-HSA-2559580,3,0,0.19324,0.35581,0.922255873493976,False
GO_BP_2023,Positive Regulation Of Cartilage Development (GO:0061036),3,0,0.28897,0.35589,0.9156606246514224,False
GO_BP_2023,Intraciliary Anterograde Transport (GO:0035720),3,0,0.33222,0.35622,0.922255873493976,False
GO_BP_2023,Transcription Elongation By RNA Polymerase II (GO:0006368),3,0,0.34483,0.35624,0.922255873493976,False
Reactome_2022,Role Of GTSE1 In G2/M Progression After G2 Checkpoint R-HSA-8852276,3,0,0.090941,0.35636,0.922255873493976,False
GO_BP_2023,Regulation Of Actin Filament Polymerization (GO:0030833),3,0,0.34264,0.35665,0.922255873493976,False
GO_BP_2023,Toll-Like Receptor 4 Signaling Pathway (GO:0034142),3,0,0.28563,0.35689,0.9142010813887308,False
GO_BP_2023,Histone mRNA Metabolic Process (GO:0008334),3,0,0.16219,0.35716,0.9142010813887308,False
Reactome_2022,G1/S-Specific Transcription R-HSA-69205,3,0,0.28665,0.35727,0.922255873493976,False
GO_BP_2023,Fatty Acid Beta-Oxidation (GO:0006635),3,0,0.21852,0.35789,0.922255873493976,False
GO_BP_2023,Positive Regulation Of Insulin Receptor Signaling Pathway (GO:0046628),3,0,0.13152,0.35812,0.922255873493976,False
GO_BP_2023,Nucleoside Phosphate Biosynthetic Process (GO:1901293),3,0,0.30475,0.35823,0.922255873493976,False
GO_BP_2023,protein-DNA Complex Assembly (GO:0065004),3,0,0.31043,0.35894,0.9142010813887308,False
GO_BP_2023,Establishment Or Maintenance Of Epithelial Cell Apical/Basal Polarity (GO:0045197),3,0,0.2367,0.35927,0.9142010813887308,False
Reactome_2022,Inhibition Of DNA Recombination At Telomere R-HSA-9670095,3,0,0.30647,0.35936,0.922255873493976,False
GO_BP_2023,Mitochondrial ATP Synthesis Coupled Electron Transport (GO:0042775),3,0,0.19685,0.35966,0.922255873493976,False
Reactome_2022,p75NTR Signals Via NF-kB R-HSA-193639,3,0,0.2097,0.35973,0.9142010813887308,False
GO_BP_2023,Amyloid Precursor Protein Metabolic Process (GO:0042982),3,0,0.26369,0.36,0.922255873493976,False
GO_BP_2023,Positive Regulation Of Macromolecule Metabolic Process (GO:0010604),3,0,0.23293,0.36024,0.9142010813887308,False
GO_BP_2023,Osteoclast Differentiation (GO:0030316),3,0,0.22492,0.36042,0.9142010813887308,False
Reactome_2022,Sealing Of Nuclear Envelope (NE) By ESCRT-III R-HSA-9668328,3,0,0.15294,0.36054,0.9142010813887308,False
Reactome_2022,Prefoldin Mediated Transfer Of Substrate To CCT/TriC R-HSA-389957,3,0,0.25065,0.36073,0.9142010813887308,False
GO_BP_2023,acetyl-CoA Biosynthetic Process (GO:0006085),3,0,0.2443,0.36123,0.9142010813887308,False
GO_BP_2023,Positive Regulation Of Transforming Growth Factor Beta Production (GO:0071636),3,0,0.15227,0.36127,0.9223519057171514,False
GO_BP_2023,Endocardial Cushion Morphogenesis (GO:0003203),3,0,0.22965,0.36133,0.9223519057171514,False
GO_BP_2023,"Blood Coagulation, Fibrin Clot Formation (GO:0072378)",3,0,0.062475,0.36216,0.918919315068493,False
GO_BP_2023,Protein Activation Cascade (GO:0072376),3,0,0.062475,0.36216,0.918919315068493,False
GO_BP_2023,Myoblast Fusion (GO:0007520),3,0,0.2563,0.36225,0.922387443721861,False
GO_BP_2023,Stem Cell Differentiation (GO:0048863),3,0,0.072968,0.36227,0.901282291169451,False
GO_BP_2023,Cell-Cell Adhesion Via Plasma-Membrane Adhesion Molecules (GO:0098742),3,0,0.282,0.36257,0.9225052947052946,False
GO_BP_2023,MHC Class II Protein Complex Assembly (GO:0002399),3,0,0.31114,0.36276,0.9142010813887308,False
GO_BP_2023,Peptide Antigen Assembly With MHC Class II Protein Complex (GO:0002503),3,0,0.31114,0.36276,0.9142010813887308,False
GO_BP_2023,Positive Regulation Of Biomineral Tissue Development (GO:0070169),3,0,0.014919,0.36314,0.8503912258064517,False
GO_BP_2023,Regulation Of Cell Differentiation (GO:0045595),3,0,0.097912,0.36372,0.915941186440678,False
GO_BP_2023,Endoderm Development (GO:0007492),3,0,0.15283,0.36383,0.9142010813887308,False
GO_BP_2023,Regulation Of Telomere Maintenance Via Telomere Lengthening (GO:1904356),3,0,0.14471,0.36391,0.9142010813887308,False
GO_BP_2023,Positive Regulation Of Sprouting Angiogenesis (GO:1903672),3,0,0.31743,0.36443,0.914765388951522,False
GO_BP_2023,Response To Transforming Growth Factor Beta (GO:0071559),3,0,0.1359,0.36455,0.9142010813887308,False
GO_BP_2023,Positive Regulation Of p38MAPK Cascade (GO:1900745),3,0,0.16286,0.3647,0.9142010813887308,False
GO_BP_2023,Negative Regulation Of Endoplasmic Reticulum Unfolded Protein Response (GO:1900102),3,0,0.13606,0.36471,0.9142010813887308,False
Reactome_2022,Synthesis Of Leukotrienes (LT) And Eoxins (EX) R-HSA-2142691,3,0,0.09761,0.36474,0.924383524141364,False
Reactome_2022,Viral mRNA Translation R-HSA-192823,3,0,0.29641,0.36485,0.924383524141364,False
GO_BP_2023,Positive Regulation Of Tumor Necrosis Factor Production (GO:0032760),3,0,0.14413,0.36529,0.9246031824962706,False
Reactome_2022,RNA Polymerase II Transcription Termination R-HSA-73856,3,0,0.095351,0.3653,0.9246031824962706,False
GO_BP_2023,Positive Regulation Of mRNA Metabolic Process (GO:1903313),3,0,0.20413,0.36582,0.9248348214285714,False
GO_BP_2023,Cardiac Muscle Tissue Development (GO:0048738),3,0,0.29447,0.36584,0.9142010813887308,False
GO_BP_2023,Positive Regulation Of Blood Coagulation (GO:0030194),3,0,0.092005,0.36596,0.9225998824911869,False
GO_BP_2023,High-Density Lipoprotein Particle Remodeling (GO:0034375),3,0,0.27696,0.36597,0.9142010813887308,False
GO_BP_2023,GTP Metabolic Process (GO:0046039),3,0,0.20148,0.3668,0.9250653142008908,False
Reactome_2022,ABC Transporter Disorders R-HSA-5619084,3,0,0.12309,0.36699,0.9250653142008908,False
GO_BP_2023,Regulation Of Actin Filament Depolymerization (GO:0030834),3,0,0.29808,0.36727,0.9250653142008908,False
GO_BP_2023,Positive Regulation Of Chromosome Organization (GO:2001252),3,0,0.1522,0.36728,0.9142010813887308,False
GO_BP_2023,Negative Regulation Of Ubiquitin-Dependent Protein Catabolic Process (GO:2000059),3,0,0.13889,0.3673,0.9250653142008908,False
GO_BP_2023,Regulation Of Focal Adhesion Assembly (GO:0051893),3,0,0.32618,0.36793,0.9253609960552268,False
GO_BP_2023,Positive Regulation Of Vasoconstriction (GO:0045907),3,0,0.13744,0.36808,0.9142010813887308,False
GO_BP_2023,Cellular Response To Growth Factor Stimulus (GO:0071363),3,0,0.079748,0.36833,0.9046810444874276,False
Reactome_2022,Cargo Recognition For Clathrin-Mediated Endocytosis R-HSA-8856825,3,0,0.19386,0.36843,0.9253609960552268,False
Hallmark_2020,Mitotic Spindle,3,0,0.014172,0.36844,0.8503912258064517,False
GO_BP_2023,RNA Stabilization (GO:0043489),3,0,0.18385,0.36888,0.9142010813887308,False
Reactome_2022,Bile Acid And Bile Salt Metabolism R-HSA-194068,3,0,0.21078,0.3695,0.9142010813887308,False
Reactome_2022,Drug ADME R-HSA-9748784,3,0,0.16701,0.36961,0.9262998030526834,False
Reactome_2022,Creation Of C4 And C2 Activators R-HSA-166786,3,0,0.26794,0.36964,0.9142010813887308,False
Reactome_2022,Glutathione Conjugation R-HSA-156590,3,0,0.24274,0.3698,0.926319881889764,False
GO_BP_2023,Positive Regulation Of Protein Catabolic Process (GO:0045732),3,0,0.28529,0.36985,0.922255873493976,False
GO_BP_2023,Phosphatidylinositol 3-Kinase Signaling (GO:0014065),3,0,0.19581,0.37024,0.9142010813887308,False
GO_BP_2023,Heterophilic Cell-Cell Adhesion Via Plasma Membrane Cell Adhesion Molecules (GO:0007157),3,0,0.33531,0.37075,0.92680936733693,False
GO_BP_2023,Establishment Or Maintenance Of Apical/Basal Cell Polarity (GO:0035088),3,0,0.22677,0.37078,0.9142010813887308,False
GO_BP_2023,Cytoplasmic Translation (GO:0002181),3,0,0.07802,0.37091,0.915941186440678,False
GO_BP_2023,Positive Regulation Of Microtubule Polymerization Or Depolymerization (GO:0031112),3,0,0.10172,0.37095,0.915941186440678,False
GO_BP_2023,Positive Regulation Of Leukocyte Mediated Cytotoxicity (GO:0001912),3,0,0.27786,0.37116,0.92680936733693,False
Reactome_2022,Lysosphingolipid And LPA Receptors R-HSA-419408,3,0,0.067235,0.3712,0.9193166042780748,False
Reactome_2022,Condensation Of Prometaphase Chromosomes R-HSA-2514853,3,0,0.31865,0.37127,0.92680936733693,False
Reactome_2022,S Phase R-HSA-69242,3,0,0.31452,0.37132,0.922255873493976,False
GO_BP_2023,Ruffle Organization (GO:0031529),3,0,0.19474,0.37156,0.9142010813887308,False
Reactome_2022,EPH-ephrin Mediated Repulsion Of Cells R-HSA-3928665,3,0,0.19636,0.37173,0.92698642578125,False
Reactome_2022,Transcriptional Regulation By MECP2 R-HSA-8986944,3,0,0.21383,0.37182,0.9142010813887308,False
GO_BP_2023,SRP-dependent Cotranslational Protein Targeting To Membrane (GO:0006614),3,0,0.29625,0.37191,0.922255873493976,False
Reactome_2022,NOTCH3 Activation And Transmission Of Signal To Nucleus R-HSA-9013507,3,0,0.21203,0.37194,0.9142010813887308,False
GO_BP_2023,Glycerophospholipid Metabolic Process (GO:0006650),3,0,0.2407,0.37247,0.92698642578125,False
Reactome_2022,AURKA Activation By TPX2 R-HSA-8854518,3,0,0.30689,0.3725,0.9142010813887308,False
GO_BP_2023,Contractile Actin Filament Bundle Assembly (GO:0030038),3,0,0.26774,0.37255,0.9142010813887308,False
GO_BP_2023,Stress Fiber Assembly (GO:0043149),3,0,0.26774,0.37255,0.9142010813887308,False
Reactome_2022,Mitotic Prometaphase R-HSA-68877,3,0,0.2749,0.37257,0.9142010813887308,False
GO_BP_2023,Regulation Of Peptidyl-Tyrosine Phosphorylation (GO:0050730),3,0,0.15823,0.37273,0.9234639630390143,False
GO_BP_2023,Regulation Of Kinase Activity (GO:0043549),3,0,0.1226,0.37332,0.9109985401459854,False
Reactome_2022,IL-6-type Cytokine Receptor Ligand Interactions R-HSA-6788467,3,0,0.24196,0.37399,0.9216143088552916,False
GO_BP_2023,Mitochondrial Fission (GO:0000266),3,0,0.24487,0.37467,0.9278852140077822,False
GO_BP_2023,Regulation Of Systemic Arterial Blood Pressure By Hormone (GO:0001990),3,0,0.28954,0.37525,0.9142010813887308,False
GO_BP_2023,Endolysosomal Toll-Like Receptor Signaling Pathway (GO:0140894),3,0,0.16217,0.37533,0.9142010813887308,False
GO_BP_2023,Regulation Of Cytokinesis (GO:0032465),3,0,0.25373,0.37539,0.9281895580378826,False
GO_BP_2023,Regulation Of Innate Immune Response (GO:0045088),3,0,0.26133,0.37547,0.9281895580378826,False
GO_BP_2023,Cellular Nitrogen Compound Biosynthetic Process (GO:0044271),3,0,0.24396,0.37557,0.9142010813887308,False
Reactome_2022,Dopamine Neurotransmitter Release Cycle R-HSA-212676,3,0,0.041918,0.37568,0.8298750915750917,False
GO_BP_2023,Endosomal Vesicle Fusion (GO:0034058),3,0,0.32451,0.37589,0.9283261038330908,False
GO_BP_2023,Positive Regulation Of Striated Muscle Cell Differentiation (GO:0051155),3,0,0.16935,0.37593,0.9142010813887308,False
GO_BP_2023,Regulation Of Protein Processing (GO:0070613),3,0,0.20428,0.37632,0.9142010813887308,False
Reactome_2022,RUNX3 Regulates NOTCH Signaling R-HSA-8941856,3,0,0.23029,0.37639,0.9289679691268692,False
GO_BP_2023,Substrate Adhesion-Dependent Cell Spreading (GO:0034446),3,0,0.16021,0.37676,0.9142010813887308,False
Reactome_2022,Nucleotide-like (Purinergic) Receptors R-HSA-418038,3,0,0.19586,0.37794,0.9289679691268692,False
GO_BP_2023,Peptidyl-Methionine Modification (GO:0018206),3,0,0.33213,0.37818,0.922255873493976,False
GO_BP_2023,Substrate-Dependent Cell Migration (GO:0006929),3,0,0.064668,0.37831,0.918919315068493,False
GO_BP_2023,Positive Regulation Of Alpha-Beta T Cell Activation (GO:0046635),3,0,0.34868,0.37834,0.9289679691268692,False
GO_BP_2023,Podocyte Differentiation (GO:0072112),3,0,0.20516,0.37908,0.9142010813887308,False
GO_BP_2023,Vasculature Development (GO:0001944),3,0,0.10738,0.37943,0.9090356792144026,False
GO_BP_2023,Negative Regulation Of Canonical Wnt Signaling Pathway (GO:0090090),3,0,0.19079,0.37979,0.9297977458033572,False
GO_BP_2023,Notch Signaling Involved In Heart Development (GO:0061314),3,0,0.26659,0.37985,0.9142010813887308,False
GO_BP_2023,Androgen Receptor Signaling Pathway (GO:0030521),3,0,0.21144,0.3799,0.9142010813887308,False
GO_BP_2023,"Retrograde Protein Transport, ER To Cytosol (GO:0030970)",3,0,0.1006,0.37996,0.9090356792144026,False
GO_BP_2023,Regulation Of DNA Recombination (GO:0000018),3,0,0.1979,0.37998,0.9142010813887308,False
GO_BP_2023,Regulation Of Protein Localization To Cell Surface (GO:2000008),3,0,0.089369,0.38058,0.9225998824911869,False
GO_BP_2023,Negative Regulation Of Type II Interferon Production (GO:0032689),3,0,0.09926,0.38121,0.9301816395014382,False
GO_BP_2023,Muscle Cell Differentiation (GO:0042692),3,0,0.30894,0.38195,0.9142010813887308,False
GO_BP_2023,T Cell Differentiation (GO:0030217),3,0,0.35573,0.38198,0.9316138955438428,False
GO_BP_2023,Transforming Growth Factor Beta Receptor Signaling Pathway (GO:0007179),3,0,0.14636,0.38254,0.9142010813887308,False
GO_BP_2023,Cotranslational Protein Targeting To Membrane (GO:0006613),3,0,0.23206,0.38255,0.9142010813887308,False
GO_BP_2023,Regulation Of Axonogenesis (GO:0050770),3,0,0.080413,0.3829,0.931722776523702,False
GO_BP_2023,Peroxisomal Membrane Transport (GO:0015919),3,0,0.10732,0.38308,0.9090356792144026,False
GO_BP_2023,Glycolipid Metabolic Process (GO:0006664),3,0,0.090918,0.38313,0.9046810444874276,False
GO_BP_2023,Regulation Of Cell Cycle Checkpoint (GO:1901976),3,0,0.34394,0.38328,0.922255873493976,False
GO_BP_2023,Fc-gamma Receptor Signaling Pathway (GO:0038094),3,0,0.052039,0.38352,0.8874128476821191,False
Reactome_2022,Complex I Biogenesis R-HSA-6799198,3,0,0.3438,0.38369,0.9322519561068702,False
GO_BP_2023,Protein-Containing Complex Assembly (GO:0065003),3,0,0.23747,0.3837,0.9142010813887308,False
GO_BP_2023,Negative Regulation Of Proteasomal Protein Catabolic Process (GO:1901799),3,0,0.12159,0.38504,0.932385674025364,False
GO_BP_2023,Regulation Of Phosphatidylinositol 3-Kinase Signaling (GO:0014066),3,0,0.21207,0.38584,0.9142010813887308,False
GO_BP_2023,U2-type Prespliceosome Assembly (GO:1903241),3,0,0.21484,0.38626,0.932385674025364,False
GO_BP_2023,Small Nucleolar Ribonucleoprotein Complex Assembly (GO:0000491),3,0,0.28205,0.38646,0.9142010813887308,False
GO_BP_2023,Phosphatidylinositol Dephosphorylation (GO:0046856),3,0,0.29886,0.3865,0.932385674025364,False
GO_BP_2023,Peripheral Nervous System Development (GO:0007422),3,0,0.025816,0.38662,0.8503912258064517,False
Reactome_2022,Ras Activation Upon Ca2+ Influx Thru NMDA Receptor R-HSA-442982,3,0,0.097571,0.38671,0.932385674025364,False
GO_BP_2023,Antigen Processing And Presentation Of Exogenous Peptide Antigen Via MHC Class II (GO:0019886),3,0,0.1544,0.38685,0.932385674025364,False
Reactome_2022,Transcriptional Regulation By RUNX3 R-HSA-8878159,3,0,0.27457,0.38722,0.932385674025364,False
GO_BP_2023,Regulation Of Centrosome Cycle (GO:0046605),3,0,0.16424,0.38735,0.9142010813887308,False
Reactome_2022,MTOR Signaling R-HSA-165159,3,0,0.17299,0.38737,0.9142010813887308,False
GO_BP_2023,Positive Regulation Of Response To Cytokine Stimulus (GO:0060760),3,0,0.018955,0.38766,0.7598961313868613,False
GO_BP_2023,Regulation Of Cell Communication By Electrical Coupling Involved In Cardiac Conduction (GO:1901844),3,0,0.024615,0.38776,0.7684385119047619,False
GO_BP_2023,Negative Regulation Of Transposition (GO:0010529),3,0,0.13613,0.38814,0.932385674025364,False
GO_BP_2023,Transmembrane Receptor Protein Serine/Threonine Kinase Signaling Pathway (GO:0007178),3,0,0.14915,0.38822,0.9142010813887308,False
GO_BP_2023,Negative Regulation Of Catabolic Process (GO:0009895),3,0,0.14816,0.3884,0.932385674025364,False
GO_BP_2023,DNA Duplex Unwinding (GO:0032508),3,0,0.098901,0.38841,0.9090356792144026,False
GO_BP_2023,RNA Splicing (GO:0008380),3,0,0.34633,0.38847,0.9253609960552268,False
GO_BP_2023,Positive Regulation Of Immune Response (GO:0050778),3,0,0.15061,0.38858,0.932385674025364,False
GO_BP_2023,Regulation Of Sprouting Angiogenesis (GO:1903670),3,0,0.30832,0.38876,0.9142010813887308,False
Reactome_2022,Norepinephrine Neurotransmitter Release Cycle R-HSA-181430,3,0,0.026759,0.38899,0.7780630555555557,False
Reactome_2022,Formation Of A Pool Of Free 40S Subunits R-HSA-72689,3,0,0.22611,0.38913,0.932385674025364,False
GO_BP_2023,pre-mRNA Cleavage Required For Polyadenylation (GO:0098789),3,0,0.32702,0.38921,0.932385674025364,False
Reactome_2022,Regulation Of Cholesterol Biosynthesis By SREBP (SREBF) R-HSA-1655829,3,0,0.2845,0.38928,0.9292556785370548,False
GO_BP_2023,DNA Replication (GO:0006260),3,0,0.25524,0.38977,0.932385674025364,False
Reactome_2022,Neddylation R-HSA-8951664,3,0,0.11409,0.38999,0.932385674025364,False
Reactome_2022,Response Of EIF2AK4 (GCN2) To Amino Acid Deficiency R-HSA-9633012,3,0,0.31367,0.39032,0.9142010813887308,False
Reactome_2022,SHC1 Events In ERBB2 Signaling R-HSA-1250196,3,0,0.27518,0.39034,0.9142010813887308,False
Reactome_2022,cGMP Effects R-HSA-418457,3,0,0.097558,0.39125,0.9090356792144026,False
GO_BP_2023,Negative Regulation Of Phosphoprotein Phosphatase Activity (GO:0032515),3,0,0.31028,0.39142,0.9142010813887308,False
GO_BP_2023,Negative Regulation Of Inflammatory Response To Antigenic Stimulus (GO:0002862),3,0,0.042969,0.39146,0.8635484411764706,False
Reactome_2022,DNA Damage Recognition In GG-NER R-HSA-5696394,3,0,0.32694,0.39172,0.9336131578947368,False
GO_BP_2023,Positive Regulation Of Lymphocyte Proliferation (GO:0050671),3,0,0.11175,0.39175,0.9225998824911869,False
GO_BP_2023,Postreplication Repair (GO:0006301),3,0,0.068263,0.39202,0.8848690726817042,False
GO_BP_2023,Calcium Ion Transmembrane Transport (GO:0070588),3,0,0.18051,0.39204,0.9336131578947368,False
Reactome_2022,Cytosolic Iron-Sulfur Cluster Assembly R-HSA-2564830,3,0,0.14995,0.39218,0.9142010813887308,False
GO_BP_2023,Negative Regulation Of Amyloid-Beta Formation (GO:1902430),3,0,0.093107,0.39234,0.9061465200764818,False
GO_BP_2023,Triglyceride Homeostasis (GO:0070328),3,0,0.31206,0.39246,0.9142010813887308,False
GO_BP_2023,Regulation Of Telomere Maintenance (GO:0032204),3,0,0.22574,0.39259,0.9142010813887308,False
GO_BP_2023,Long-Term Memory (GO:0007616),3,0,0.30868,0.3926,0.92680936733693,False
GO_BP_2023,Negative Regulation Of Protein Tyrosine Kinase Activity (GO:0061099),3,0,0.14528,0.39266,0.9142010813887308,False
Reactome_2022,G1/S Transition R-HSA-69206,3,0,0.27159,0.39268,0.9142010813887308,False
GO_BP_2023,Peptidyl-Proline Hydroxylation (GO:0019511),3,0,0.043055,0.39321,0.8298750915750917,False
Reactome_2022,NCAM Signaling For Neurite Out-Growth R-HSA-375165,3,0,0.19703,0.39321,0.9142010813887308,False
GO_BP_2023,Positive Regulation Of Long-Term Synaptic Potentiation (GO:1900273),3,0,0.086778,0.39366,0.9336131578947368,False
Reactome_2022,Signaling By VEGF R-HSA-194138,3,0,0.20874,0.39371,0.9142010813887308,False
GO_BP_2023,Positive Regulation Of Small Molecule Metabolic Process (GO:0062013),3,0,0.16593,0.39387,0.9142010813887308,False
GO_BP_2023,Regulation Of Centrosome Duplication (GO:0010824),3,0,0.24973,0.39395,0.9142010813887308,False
GO_BP_2023,Cellular Response To Superoxide (GO:0071451),3,0,0.28471,0.39464,0.9142010813887308,False
Reactome_2022,Ion Channel Transport R-HSA-983712,3,0,0.29269,0.39465,0.9142010813887308,False
Reactome_2022,Glycosphingolipid Metabolism R-HSA-1660662,3,0,0.07698,0.39482,0.9046810444874276,False
Reactome_2022,Nitric Oxide Stimulates Guanylate Cyclase R-HSA-392154,3,0,0.11379,0.39518,0.9109985401459854,False
GO_BP_2023,Engulfment Of Apoptotic Cell (GO:0043652),3,0,0.055242,0.39523,0.9017457051282052,False
GO_BP_2023,Nucleosome Organization (GO:0034728),3,0,0.26475,0.39523,0.922255873493976,False
GO_BP_2023,Negative Regulation Of Cyclin-Dependent Protein Serine/Threonine Kinase Activity (GO:0045736),3,0,0.28994,0.39555,0.9336131578947368,False
Reactome_2022,Nuclear Envelope (NE) Reassembly R-HSA-2995410,3,0,0.32926,0.39606,0.922255873493976,False
Reactome_2022,Organelle Biogenesis And Maintenance R-HSA-1852241,3,0,0.093923,0.39627,0.9234639630390143,False
GO_BP_2023,Negative Regulation Of Proteasomal Ubiquitin-Dependent Protein Catabolic Process (GO:0032435),3,0,0.26104,0.39662,0.9336131578947368,False
GO_BP_2023,Methylguanosine-Cap Decapping (GO:0110156),3,0,0.053643,0.39674,0.8635484411764706,False
Reactome_2022,Disorders Of Developmental Biology R-HSA-9675151,3,0,0.078065,0.39752,0.9046810444874276,False
GO_BP_2023,Protein K48-linked Deubiquitination (GO:0071108),3,0,0.36534,0.39754,0.9336131578947368,False
GO_BP_2023,Organelle Disassembly (GO:1903008),3,0,0.051372,0.39755,0.8635484411764706,False
Reactome_2022,PD-1 Signaling R-HSA-389948,3,0,0.17159,0.39757,0.9142010813887308,False
GO_BP_2023,Negative Regulation Of Fibrinolysis (GO:0051918),3,0,0.27167,0.39805,0.9336131578947368,False
GO_BP_2023,Oligodendrocyte Differentiation (GO:0048709),3,0,0.12854,0.39814,0.9336131578947368,False
GO_BP_2023,Lipid Oxidation (GO:0034440),3,0,0.2555,0.39834,0.9336131578947368,False
GO_BP_2023,Regulation Of Hippo Signaling (GO:0035330),3,0,0.30628,0.39901,0.922255873493976,False
GO_BP_2023,Signal Peptide Processing (GO:0006465),3,0,0.36792,0.39908,0.932385674025364,False
GO_BP_2023,Cellular Response To Calcium Ion (GO:0071277),3,0,0.082704,0.39946,0.9234639630390143,False
GO_BP_2023,Regulation Of Cell-Substrate Junction Assembly (GO:0090109),3,0,0.23812,0.39983,0.9142010813887308,False
GO_BP_2023,Regulation Of Neutrophil Chemotaxis (GO:0090022),3,0,0.28087,0.39989,0.9336131578947368,False
Reactome_2022,Inhibition Of Replication Initiation Of Damaged DNA By RB1/E2F1 R-HSA-113501,3,0,0.23234,0.4,0.9336131578947368,False
GO_BP_2023,Negative Regulation Of Calcium Ion Transmembrane Transport (GO:1903170),3,0,0.30015,0.40045,0.9238121635094716,False
GO_BP_2023,Regulation Of Cell-Matrix Adhesion (GO:0001952),3,0,0.25655,0.40061,0.9142010813887308,False
GO_BP_2023,Activation Of Protein Kinase B Activity (GO:0032148),3,0,0.3505,0.40072,0.922255873493976,False
Reactome_2022,Synthesis Of PIPs At Plasma Membrane R-HSA-1660499,3,0,0.37296,0.40092,0.9336131578947368,False
GO_BP_2023,Positive Regulation Of Attachment Of Spindle Microtubules To Kinetochore (GO:0051987),3,0,0.14789,0.40168,0.9234639630390143,False
GO_BP_2023,Regulation Of ERAD Pathway (GO:1904292),3,0,0.11765,0.40211,0.9336131578947368,False
Reactome_2022,RNA Polymerase II Transcribes snRNA Genes R-HSA-6807505,3,0,0.32157,0.40213,0.9211631635969664,False
GO_BP_2023,miRNA-mediated Gene Silencing By Inhibition Of Translation (GO:0035278),3,0,0.16249,0.40216,0.9336131578947368,False
Reactome_2022,Mitochondrial Translation Initiation R-HSA-5368286,3,0,0.25222,0.40219,0.9142010813887308,False
GO_BP_2023,Primary Alcohol Metabolic Process (GO:0034308),3,0,0.049685,0.40237,0.8635484411764706,False
GO_BP_2023,Negative Regulation Of Transcription Elongation By RNA Polymerase II (GO:0034244),3,0,0.32116,0.40244,0.9156606246514224,False
GO_BP_2023,Sodium Ion Export Across Plasma Membrane (GO:0036376),3,0,0.33664,0.40269,0.9336131578947368,False
GO_BP_2023,Protein Autoubiquitination (GO:0051865),3,0,0.25334,0.40281,0.9336131578947368,False
Reactome_2022,Gap Junction Degradation R-HSA-190873,3,0,0.096306,0.4029,0.9225998824911869,False
Reactome_2022,Miscellaneous Transport And Binding Events R-HSA-5223345,3,0,0.13707,0.40342,0.9142010813887308,False
GO_BP_2023,Atrioventricular Valve Morphogenesis (GO:0003181),3,0,0.10974,0.40346,0.9336131578947368,False
GO_BP_2023,Protein-Containing Complex Disassembly (GO:0032984),3,0,0.30192,0.40372,0.922255873493976,False
GO_BP_2023,Positive Regulation Of T Cell Cytokine Production (GO:0002726),3,0,0.21398,0.40381,0.9336131578947368,False
GO_BP_2023,Regulation Of Neuron Differentiation (GO:0045664),3,0,0.18994,0.40382,0.9336131578947368,False
Reactome_2022,Activation Of Gene Expression By SREBF (SREBP) R-HSA-2426168,3,0,0.24322,0.4042,0.9336131578947368,False
GO_BP_2023,Negative Regulation Of G2/M Transition Of Mitotic Cell Cycle (GO:0010972),3,0,0.10041,0.40426,0.9304877192982456,False
GO_BP_2023,Neuron Projection Morphogenesis (GO:0048812),3,0,0.10311,0.40458,0.9090356792144026,False
GO_BP_2023,Glycoprotein Biosynthetic Process (GO:0009101),3,0,0.35975,0.40482,0.9292556785370548,False
GO_BP_2023,Transcription Initiation-Coupled Chromatin Remodeling (GO:0045815),3,0,0.35065,0.40507,0.922255873493976,False
GO_BP_2023,Regulation Of Cell Morphogenesis (GO:0022604),3,0,0.093786,0.4051,0.9090356792144026,False
GO_BP_2023,Detection Of Calcium Ion (GO:0005513),3,0,0.31425,0.40536,0.9346130807397384,False
GO_BP_2023,Regulation Of Canonical Wnt Signaling Pathway (GO:0060828),3,0,0.23987,0.40542,0.9346130807397384,False
GO_BP_2023,Regulation Of Viral Genome Replication (GO:0045069),3,0,0.16881,0.40561,0.9346130807397384,False
GO_BP_2023,Negative Regulation Of Cellular Catabolic Process (GO:0031330),3,0,0.33733,0.40564,0.932385674025364,False
GO_BP_2023,Regulation Of Interleukin-13 Production (GO:0032656),3,0,0.1429,0.40572,0.9225998824911869,False
Reactome_2022,Ub-specific Processing Proteases R-HSA-5689880,3,0,0.044349,0.40593,0.8298750915750917,False
GO_BP_2023,Regulation Of Cholesterol Biosynthetic Process (GO:0045540),3,0,0.25608,0.40611,0.9142010813887308,False
GO_BP_2023,Regulation Of Hormone Secretion (GO:0046883),3,0,0.050111,0.4062,0.8635484411764706,False
GO_BP_2023,Fc-epsilon Receptor Signaling Pathway (GO:0038095),3,0,0.25256,0.40653,0.9346130807397384,False
GO_BP_2023,Regulation Of Transcription Of Nucleolar Large rRNA By RNA Polymerase I (GO:1901836),3,0,0.018524,0.40671,0.7598961313868613,False
GO_BP_2023,Negative Regulation Of Cell-Matrix Adhesion (GO:0001953),3,0,0.07025,0.40693,0.9210817135549872,False
Reactome_2022,Interleukin-2 Signaling R-HSA-9020558,3,0,0.13805,0.40699,0.9234639630390143,False
GO_BP_2023,Negative Regulation Of Cyclin-Dependent Protein Kinase Activity (GO:1904030),3,0,0.3136,0.40702,0.9346130807397384,False
GO_BP_2023,Regulation Of DNA Strand Elongation (GO:0060382),3,0,0.025154,0.40747,0.8503912258064517,False
Reactome_2022,ERBB2 Regulates Cell Motility R-HSA-6785631,3,0,0.22808,0.40747,0.9142010813887308,False
GO_BP_2023,tRNA 5'-Leader Removal (GO:0001682),3,0,0.3386,0.40777,0.92287999001996,False
GO_BP_2023,Dicarboxylic Acid Catabolic Process (GO:0043649),3,0,0.33658,0.40778,0.9348970419426048,False
GO_BP_2023,Axonogenesis (GO:0007409),3,0,0.02925,0.40788,0.8635484411764706,False
GO_BP_2023,Regulation Of Telomere Maintenance In Response To DNA Damage (GO:1904505),3,0,0.054624,0.40794,0.8635484411764706,False
Reactome_2022,Dermatan Sulfate Biosynthesis R-HSA-2022923,3,0,0.14493,0.40832,0.9142010813887308,False
GO_BP_2023,Positive Regulation Of Response To Wounding (GO:1903036),3,0,0.37203,0.40873,0.9348970419426048,False
GO_BP_2023,Apoptotic Process (GO:0006915),3,0,0.283,0.40928,0.9142010813887308,False
Reactome_2022,Formation Of Tubulin Folding Intermediates By CCT/TriC R-HSA-389960,3,0,0.20351,0.40951,0.9208097071583514,False
Reactome_2022,ABC-family Proteins Mediated Transport R-HSA-382556,3,0,0.11467,0.40961,0.9348970419426048,False
GO_BP_2023,Response To Interferon-Beta (GO:0035456),3,0,0.035374,0.40997,0.8297403686635945,False
GO_BP_2023,Nitric Oxide Mediated Signal Transduction (GO:0007263),3,0,0.20692,0.41038,0.9348970419426048,False
GO_BP_2023,Epoxygenase P450 Pathway (GO:0019373),3,0,0.29176,0.41057,0.9348970419426048,False
GO_BP_2023,Regulation Of Establishment Or Maintenance Of Cell Polarity (GO:0032878),3,0,0.20431,0.4106,0.9142010813887308,False
GO_BP_2023,Programmed Necrotic Cell Death (GO:0097300),3,0,0.35947,0.4108,0.922255873493976,False
GO_BP_2023,Regulation Of Transferase Activity (GO:0051338),3,0,0.35466,0.41106,0.9348970419426048,False
GO_BP_2023,Apoptotic Nuclear Changes (GO:0030262),3,0,0.034602,0.41133,0.8635484411764706,False
Reactome_2022,Receptor Mediated Mitophagy R-HSA-8934903,3,0,0.18006,0.41205,0.927637044534413,False
GO_BP_2023,Actin Filament Bundle Organization (GO:0061572),3,0,0.22742,0.41218,0.9142010813887308,False
GO_BP_2023,Positive Regulation Of Protein Localization To Plasma Membrane (GO:1903078),3,0,0.24132,0.41218,0.922255873493976,False
GO_BP_2023,Response To Chemokine (GO:1990868),3,0,0.27374,0.41226,0.9142010813887308,False
Reactome_2022,Polo-like Kinase Mediated Events R-HSA-156711,3,0,0.24986,0.41231,0.9142010813887308,False
Reactome_2022,PI Metabolism R-HSA-1483255,3,0,0.22231,0.41237,0.9348970419426048,False
Reactome_2022,Platelet Degranulation R-HSA-114608,3,0,0.3591,0.41244,0.9297977458033572,False
GO_BP_2023,Positive Regulation Of Angiogenesis (GO:0045766),3,0,0.27681,0.41272,0.9348970419426048,False
GO_BP_2023,Protein Kinase A Signaling (GO:0010737),3,0,0.30221,0.4128,0.9207491008174388,False
GO_BP_2023,Regulation Of Lamellipodium Organization (GO:1902743),3,0,0.33911,0.41291,0.9336131578947368,False
GO_BP_2023,Positive Regulation Of Phagocytosis (GO:0050766),3,0,0.30206,0.41321,0.9142010813887308,False
GO_BP_2023,Regulation Of Dephosphorylation (GO:0035303),3,0,0.35542,0.41323,0.9348970419426048,False
Reactome_2022,Integrin Cell Surface Interactions R-HSA-216083,3,0,0.4007,0.41326,0.9336131578947368,False
GO_BP_2023,Regulation Of Golgi Organization (GO:1903358),3,0,0.25803,0.41331,0.9348970419426048,False
Reactome_2022,Scavenging Of Heme From Plasma R-HSA-2168880,3,0,0.16623,0.41353,0.9142010813887308,False
GO_BP_2023,Keratan Sulfate Metabolic Process (GO:0042339),3,0,0.20505,0.41353,0.9348970419426048,False
GO_BP_2023,Positive Regulation Of Interferon-Beta Production (GO:0032728),3,0,0.25295,0.41353,0.9348970419426048,False
GO_BP_2023,Positive Regulation Of Notch Signaling Pathway (GO:0045747),3,0,0.12911,0.41359,0.9348970419426048,False
GO_BP_2023,Positive Regulation Of B Cell Activation (GO:0050871),3,0,0.21502,0.41362,0.9348970419426048,False
GO_BP_2023,Positive Regulation Of Protein Ubiquitination (GO:0031398),3,0,0.35412,0.41419,0.922255873493976,False
GO_BP_2023,Polysaccharide Biosynthetic Process (GO:0000271),3,0,0.25207,0.41436,0.9142010813887308,False
GO_BP_2023,Negative Regulation Of Plasma Membrane Bounded Cell Projection Assembly (GO:0120033),3,0,0.19375,0.41444,0.9142010813887308,False
Reactome_2022,O-linked Glycosylation R-HSA-5173105,3,0,0.2018,0.41444,0.9348970419426048,False
GO_BP_2023,Microtubule Anchoring At Microtubule Organizing Center (GO:0072393),3,0,0.13685,0.41462,0.9142010813887308,False
GO_BP_2023,Mitotic Recombination (GO:0006312),3,0,0.24159,0.41499,0.9142010813887308,False
GO_BP_2023,Regulation Of Cellular Ketone Metabolic Process (GO:0010565),3,0,0.23344,0.41506,0.9348970419426048,False
GO_BP_2023,Skin Epidermis Development (GO:0098773),3,0,0.23396,0.41518,0.9142010813887308,False
GO_BP_2023,Negative Regulation Of Biosynthetic Process (GO:0009890),3,0,0.14728,0.41532,0.9234639630390143,False
Reactome_2022,SARS-CoV-2 Infection R-HSA-9694516,3,0,0.31091,0.41565,0.9142010813887308,False
GO_BP_2023,Regulation Of Response To Biotic Stimulus (GO:0002831),3,0,0.20619,0.41586,0.9348970419426048,False
Reactome_2022,Autophagy R-HSA-9612973,3,0,0.39919,0.41665,0.9336131578947368,False
GO_BP_2023,Negative Regulation Of Translation (GO:0017148),3,0,0.16151,0.4169,0.9142010813887308,False
Reactome_2022,Tie2 Signaling R-HSA-210993,3,0,0.02226,0.41703,0.8503912258064517,False
GO_BP_2023,Respiratory Chain Complex IV Assembly (GO:0008535),3,0,0.31894,0.41705,0.9349526315789474,False
GO_BP_2023,Leukotriene D4 Metabolic Process (GO:1901748),3,0,0.20899,0.41743,0.9349526315789474,False
Reactome_2022,Autodegradation Of Cdh1 By Cdh1:APC/C R-HSA-174084,3,0,0.27297,0.41756,0.9349526315789474,False
Reactome_2022,Signaling By Cytosolic FGFR1 Fusion Mutants R-HSA-1839117,3,0,0.2524,0.41779,0.9142010813887308,False
GO_BP_2023,Cholesterol Homeostasis (GO:0042632),3,0,0.37475,0.41802,0.9278852140077822,False
GO_BP_2023,Sterol Homeostasis (GO:0055092),3,0,0.37475,0.41802,0.9278852140077822,False
GO_BP_2023,Regulation Of Mitotic Metaphase/Anaphase Transition (GO:0030071),3,0,0.18384,0.41821,0.9142010813887308,False
GO_BP_2023,Glutamine Family Amino Acid Biosynthetic Process (GO:0009084),3,0,0.29275,0.41828,0.9349526315789474,False
Reactome_2022,Intraflagellar Transport R-HSA-5620924,3,0,0.33681,0.41868,0.922255873493976,False
GO_BP_2023,Prostaglandin Metabolic Process (GO:0006693),3,0,0.3556,0.4187,0.9349526315789474,False
GO_BP_2023,Negative Regulation Of Chondrocyte Differentiation (GO:0032331),3,0,0.30079,0.4188,0.9349526315789474,False
GO_BP_2023,Protein K63-linked Ubiquitination (GO:0070534),3,0,0.12254,0.41924,0.9109985401459854,False
GO_BP_2023,Endosomal Lumen Acidification (GO:0048388),3,0,0.27663,0.41947,0.922255873493976,False
GO_BP_2023,Negative Regulation Of Endoplasmic Reticulum Stress-Induced Intrinsic Apoptotic Signaling Pathway (GO:1902236),3,0,0.16762,0.41967,0.9142010813887308,False
GO_BP_2023,Negative Regulation Of Epidermal Growth Factor Receptor Signaling Pathway (GO:0042059),3,0,0.075455,0.41971,0.9046810444874276,False
GO_BP_2023,Cellular Response To Amyloid-Beta (GO:1904646),3,0,0.37,0.41972,0.92698642578125,False
GO_BP_2023,Positive Regulation Of Fatty Acid Biosynthetic Process (GO:0045723),3,0,0.12101,0.42017,0.9109985401459854,False
GO_BP_2023,Positive Regulation Of Lipid Biosynthetic Process (GO:0046889),3,0,0.22561,0.42032,0.9142010813887308,False
Reactome_2022,Synthesis Of Very Long-Chain Fatty acyl-CoAs R-HSA-75876,3,0,0.40605,0.42084,0.9348970419426048,False
Reactome_2022,Serotonin Neurotransmitter Release Cycle R-HSA-181429,3,0,0.023919,0.42119,0.7684385119047619,False
GO_BP_2023,Regulation Of Cold-Induced Thermogenesis (GO:0120161),3,0,0.059716,0.42142,0.8751797471910112,False
GO_BP_2023,Regulation Of Toll-Like Receptor Signaling Pathway (GO:0034121),3,0,0.048017,0.42167,0.8635484411764706,False
Reactome_2022,VLDLR Internalisation And Degradation R-HSA-8866427,3,0,0.31461,0.42214,0.922255873493976,False
GO_BP_2023,BMP Signaling Pathway (GO:0030509),3,0,0.20597,0.42227,0.9142010813887308,False
Reactome_2022,Nucleotide Catabolism R-HSA-8956319,3,0,0.34925,0.42258,0.922255873493976,False
GO_BP_2023,Polyamine Metabolic Process (GO:0006595),3,0,0.051877,0.42305,0.8635484411764706,False
Reactome_2022,Clathrin-mediated Endocytosis R-HSA-8856828,3,0,0.32596,0.42311,0.9381720173535792,False
Hallmark_2020,heme Metabolism,3,0,0.021028,0.42338,0.7646050657894736,False
GO_BP_2023,Oxidative Phosphorylation (GO:0006119),3,0,0.11471,0.42392,0.9109985401459854,False
GO_BP_2023,Epigenetic Regulation Of Gene Expression (GO:0040029),3,0,0.17498,0.42418,0.9142010813887308,False
Hallmark_2020,Wnt-beta Catenin Signaling,3,0,0.26474,0.42433,0.9142010813887308,False
GO_BP_2023,Wnt Signaling Pathway (GO:0016055),3,0,0.20571,0.42446,0.9381720173535792,False
GO_BP_2023,Mitochondrial Calcium Ion Transmembrane Transport (GO:0006851),3,0,0.33346,0.4247,0.9208097071583514,False
GO_BP_2023,acyl-CoA Biosynthetic Process (GO:0071616),3,0,0.34542,0.42481,0.922255873493976,False
Reactome_2022,Signaling By FGFR1 In Disease R-HSA-5655302,3,0,0.1246,0.42563,0.9142010813887308,False
Reactome_2022,Processing Of Capped Intronless Pre-mRNA R-HSA-75067,3,0,0.15742,0.42563,0.9385924805531548,False
GO_BP_2023,Negative Regulation Of Viral Transcription (GO:0032897),3,0,0.27169,0.42568,0.9142010813887308,False
GO_BP_2023,Regulation Of Phagocytosis (GO:0050764),3,0,0.32506,0.42568,0.9336131578947368,False
GO_BP_2023,Lipopolysaccharide-Mediated Signaling Pathway (GO:0031663),3,0,0.35999,0.42585,0.922255873493976,False
Reactome_2022,Transcriptional Regulation Of White Adipocyte Differentiation R-HSA-381340,3,0,0.20884,0.4259,0.9142010813887308,False
GO_BP_2023,Positive Regulation Of Cellular Component Organization (GO:0051130),3,0,0.21174,0.42591,0.9142010813887308,False
GO_BP_2023,Positive Regulation Of Cytoplasmic Transport (GO:1903651),3,0,0.17073,0.42593,0.93584792746114,False
GO_BP_2023,Response To Type II Interferon (GO:0034341),3,0,0.36425,0.42596,0.9348970419426048,False
GO_BP_2023,Negative Regulation Of Signaling Receptor Activity (GO:2000272),3,0,0.2919,0.42613,0.9142010813887308,False
GO_BP_2023,Heart Morphogenesis (GO:0003007),3,0,0.30225,0.42623,0.9172943219404628,False
GO_BP_2023,Heterocycle Biosynthetic Process (GO:0018130),3,0,0.3895,0.42646,0.932385674025364,False
Reactome_2022,Negative Regulators Of DDX58/IFIH1 Signaling R-HSA-936440,3,0,0.23117,0.42668,0.9385924805531548,False
GO_BP_2023,Regulation Of Retinoic Acid Receptor Signaling Pathway (GO:0048385),3,0,0.046222,0.42719,0.8462948920863309,False
GO_BP_2023,Interleukin-1-Mediated Signaling Pathway (GO:0070498),3,0,0.21343,0.42723,0.9142010813887308,False
GO_BP_2023,Positive Regulation Of Cellular Catabolic Process (GO:0031331),3,0,0.31551,0.42807,0.9142010813887308,False
Reactome_2022,Regulation Of TLR By Endogenous Ligand R-HSA-5686938,3,0,0.33319,0.42807,0.92698642578125,False
Hallmark_2020,Fatty Acid Metabolism,3,0,0.18852,0.42808,0.9393504765535644,False
GO_BP_2023,Positive Regulation Of G2/M Transition Of Mitotic Cell Cycle (GO:0010971),3,0,0.21969,0.42881,0.9393504765535644,False
Reactome_2022,Constitutive Signaling By EGFRvIII R-HSA-5637810,3,0,0.11971,0.42884,0.9109985401459854,False
GO_BP_2023,Endocytosis (GO:0006897),3,0,0.19889,0.42947,0.9393504765535644,False
GO_BP_2023,Cellular Response To Fatty Acid (GO:0071398),3,0,0.36619,0.4296,0.9349526315789474,False
GO_BP_2023,Positive Regulation Of Homotypic Cell-Cell Adhesion (GO:0034112),3,0,0.29528,0.42997,0.9393504765535644,False
GO_BP_2023,Zymogen Activation (GO:0031638),3,0,0.13749,0.43003,0.9393504765535644,False
GO_BP_2023,Myelination (GO:0042552),3,0,0.16051,0.43037,0.9142010813887308,False
GO_BP_2023,Striated Muscle Cell Differentiation (GO:0051146),3,0,0.22875,0.43075,0.922255873493976,False
GO_BP_2023,Cellular Response To UV-A (GO:0071492),3,0,0.31025,0.43088,0.9257076885165106,False
GO_BP_2023,Cellular Response To Sterol (GO:0036315),3,0,0.3006,0.43089,0.9142010813887308,False
GO_BP_2023,Positive Regulation Of Actin Nucleation (GO:0051127),3,0,0.19342,0.43119,0.9393504765535644,False
Reactome_2022,Gastrulation R-HSA-9758941,3,0,0.38831,0.43132,0.932385674025364,False
GO_BP_2023,Intracellular Potassium Ion Homeostasis (GO:0030007),3,0,0.30706,0.43145,0.9142010813887308,False
GO_BP_2023,Unsaturated Fatty Acid Metabolic Process (GO:0033559),3,0,0.31796,0.43165,0.9393504765535644,False
GO_BP_2023,Positive Regulation Of Endocytosis (GO:0045807),3,0,0.23993,0.43168,0.9142010813887308,False
Reactome_2022,Loss Of Nlp From Mitotic Centrosomes R-HSA-380259,3,0,0.2413,0.43172,0.9393504765535644,False
Reactome_2022,NGF-stimulated Transcription R-HSA-9031628,3,0,0.24991,0.43179,0.9142010813887308,False
Reactome_2022,Mitochondrial Translation Termination R-HSA-5419276,3,0,0.25023,0.43197,0.9142010813887308,False
Reactome_2022,TNF Receptor Superfamily (TNFSF) Members Mediating Non-Canonical NF-kB Pathway R-HSA-5676594,3,0,0.22536,0.43222,0.9142010813887308,False
Reactome_2022,Mitochondrial Translation Elongation R-HSA-5389840,3,0,0.27541,0.43242,0.9142010813887308,False
Reactome_2022,Transport Of Mature Transcript To Cytoplasm R-HSA-72202,3,0,0.278,0.43266,0.9393504765535644,False
Reactome_2022,Generation Of Second Messenger Molecules R-HSA-202433,3,0,0.25156,0.43268,0.9142010813887308,False
GO_BP_2023,Regulation Of Vacuole Organization (GO:0044088),3,0,0.099811,0.43271,0.9389092307692308,False
GO_BP_2023,Negative Regulation Of Telomere Maintenance Via Telomere Lengthening (GO:1904357),3,0,0.039099,0.43281,0.8635484411764706,False
GO_BP_2023,Fc-gamma Receptor Signaling Pathway Involved In Phagocytosis (GO:0038096),3,0,0.088343,0.43299,0.915941186440678,False
GO_BP_2023,Maintenance Of Protein Localization In Endoplasmic Reticulum (GO:0035437),3,0,0.32244,0.433,0.9156606246514224,False
GO_BP_2023,Multivesicular Body Sorting Pathway (GO:0071985),3,0,0.36867,0.43383,0.9253609960552268,False
GO_BP_2023,Porphyrin-Containing Compound Biosynthetic Process (GO:0006779),3,0,0.37751,0.43383,0.9289679691268692,False
GO_BP_2023,Positive Regulation Of Gene Expression (GO:0010628),3,0,0.36335,0.43402,0.92287999001996,False
GO_BP_2023,Actin Filament Bundle Assembly (GO:0051017),3,0,0.25057,0.43405,0.9142010813887308,False
GO_BP_2023,Ubiquinone Biosynthetic Process (GO:0006744),3,0,0.13512,0.43413,0.9142010813887308,False
GO_BP_2023,Endoplasmic Reticulum Membrane Organization (GO:0090158),3,0,0.28097,0.43417,0.9142010813887308,False
GO_BP_2023,Positive Regulation Of DNA Biosynthetic Process (GO:2000573),3,0,0.23189,0.43466,0.9393504765535644,False
Reactome_2022,Mitotic G1 Phase And G1/S Transition R-HSA-453279,3,0,0.32255,0.43481,0.9156606246514224,False
GO_BP_2023,Cellular Response To Corticosteroid Stimulus (GO:0071384),3,0,0.23659,0.43486,0.9142010813887308,False
GO_BP_2023,Positive Regulation Of Potassium Ion Transmembrane Transporter Activity (GO:1901018),3,0,0.32834,0.43494,0.922255873493976,False
GO_BP_2023,Semaphorin-Plexin Signaling Pathway Involved In Neuron Projection Guidance (GO:1902285),3,0,0.12236,0.43499,0.9393504765535644,False
Reactome_2022,Constitutive Signaling By NOTCH1 HD Domain Mutants R-HSA-2691232,3,0,0.19242,0.43511,0.9142010813887308,False
GO_BP_2023,Negative Regulation Of Myeloid Cell Differentiation (GO:0045638),3,0,0.18767,0.43556,0.9142010813887308,False
GO_BP_2023,Aspartate Family Amino Acid Catabolic Process (GO:0009068),3,0,0.22827,0.43563,0.9393504765535644,False
GO_BP_2023,Mitotic Cell Cycle Phase Transition (GO:0044772),3,0,0.32649,0.43563,0.9172943219404628,False
GO_BP_2023,Regulation Of Tumor Necrosis Factor Production (GO:0032680),3,0,0.32659,0.4357,0.9393504765535644,False
GO_BP_2023,Protein Prenylation (GO:0018342),3,0,0.34042,0.43605,0.922255873493976,False
GO_BP_2023,Negative Regulation Of Cell Cycle (GO:0045786),3,0,0.26652,0.43612,0.9393504765535644,False
Hallmark_2020,Reactive Oxygen Species Pathway,3,0,0.11917,0.43683,0.9393504765535644,False
GO_BP_2023,Monocarboxylic Acid Catabolic Process (GO:0072329),3,0,0.010971,0.4371,0.8503912258064517,False
GO_BP_2023,Positive Regulation Of Lamellipodium Assembly (GO:0010592),3,0,0.20295,0.43714,0.9142010813887308,False
GO_BP_2023,Actin Filament-Based Transport (GO:0099515),3,0,0.28177,0.43723,0.9393504765535644,False
Reactome_2022,HIV Transcription Initiation R-HSA-167161,3,0,0.14751,0.43758,0.9142010813887308,False
GO_BP_2023,Regulation Of TOR Signaling (GO:0032006),3,0,0.31226,0.43758,0.917809705561614,False
Reactome_2022,G1/S DNA Damage Checkpoints R-HSA-69615,3,0,0.41879,0.43758,0.9349526315789474,False
GO_BP_2023,Positive Regulation Of Blood Vessel Endothelial Cell Migration (GO:0043536),3,0,0.2207,0.43793,0.9142010813887308,False
GO_BP_2023,Vesicle Cargo Loading (GO:0035459),3,0,0.26347,0.43808,0.9393504765535644,False
GO_BP_2023,Regulation Of Endocytosis (GO:0030100),3,0,0.093407,0.43848,0.9263489318413022,False
GO_BP_2023,Nuclear Body Organization (GO:0030575),3,0,0.23676,0.43909,0.9393504765535644,False
GO_BP_2023,Transmembrane Receptor Protein Tyrosine Kinase Signaling Pathway (GO:0007169),3,0,0.23487,0.43911,0.9393504765535644,False
GO_BP_2023,Positive Regulation Of Transmembrane Receptor Protein Serine/Threonine Kinase Signaling Pathway (GO:0090100),3,0,0.26181,0.43955,0.9142010813887308,False
GO_BP_2023,Negative Regulation Of Stress Fiber Assembly (GO:0051497),3,0,0.42855,0.43983,0.9393504765535644,False
GO_BP_2023,Positive Regulation Of MHC Class II Biosynthetic Process (GO:0045348),3,0,0.35644,0.43992,0.9393504765535644,False
Reactome_2022,RNA Polymerase II Pre-transcription Events R-HSA-674695,3,0,0.19688,0.44042,0.9142010813887308,False
GO_BP_2023,Cellular Component Assembly (GO:0022607),3,0,0.26787,0.44049,0.9142010813887308,False
Reactome_2022,MAP Kinase Activation R-HSA-450294,3,0,0.34728,0.4406,0.9393504765535644,False
Reactome_2022,Regulation Of Pyruvate Dehydrogenase (PDH) Complex R-HSA-204174,3,0,0.28325,0.44062,0.9348970419426048,False
GO_BP_2023,Regulation Of Chromosome Organization (GO:0033044),3,0,0.19754,0.44075,0.9142010813887308,False
GO_BP_2023,Sphingoid Biosynthetic Process (GO:0046520),3,0,0.26478,0.441,0.914765388951522,False
GO_BP_2023,Sphingosine Biosynthetic Process (GO:0046512),3,0,0.26478,0.441,0.914765388951522,False
Reactome_2022,ROS And RNS Production In Phagocytes R-HSA-1222556,3,0,0.26434,0.4411,0.9142010813887308,False
GO_BP_2023,Cellular Response To UV-B (GO:0071493),3,0,0.38857,0.44119,0.9336131578947368,False
GO_BP_2023,Mitochondrion Organization (GO:0007005),3,0,0.24467,0.44126,0.9393504765535644,False
GO_BP_2023,Sarcoplasmic Reticulum Calcium Ion Transport (GO:0070296),3,0,0.17665,0.44128,0.9142010813887308,False
GO_BP_2023,Positive Regulation Of Telomere Maintenance Via Telomere Lengthening (GO:1904358),3,0,0.25166,0.44144,0.9393504765535644,False
GO_BP_2023,Chaperone Cofactor-Dependent Protein Refolding (GO:0051085),3,0,0.25252,0.44179,0.9393504765535644,False
GO_BP_2023,Chromosome Organization (GO:0051276),3,0,0.21494,0.44223,0.9142010813887308,False
GO_BP_2023,Cellular Response To Lipopolysaccharide (GO:0071222),3,0,0.27449,0.44259,0.9142010813887308,False
Reactome_2022,PI3K Events In ERBB4 Signaling R-HSA-1250342,3,0,0.36309,0.4426,0.9393504765535644,False
GO_BP_2023,Nervous System Development (GO:0007399),3,0,0.10645,0.44283,0.9234639630390143,False
GO_BP_2023,Positive Regulation Of Telomere Maintenance In Response To DNA Damage (GO:1904507),3,0,0.054584,0.44288,0.8635484411764706,False
Reactome_2022,Response To Elevated Platelet Cytosolic Ca2+ R-HSA-76005,3,0,0.3927,0.44362,0.9393504765535644,False
GO_BP_2023,Mesenchyme Morphogenesis (GO:0072132),3,0,0.1695,0.444,0.9393504765535644,False
GO_BP_2023,Cortical Actin Cytoskeleton Organization (GO:0030866),3,0,0.19269,0.44407,0.932877462121212,False
Reactome_2022,O-glycosylation Of TSR Domain-Containing Proteins R-HSA-5173214,3,0,0.25345,0.44451,0.9142010813887308,False
Reactome_2022,CD28 Dependent Vav1 Pathway R-HSA-389359,3,0,0.39276,0.4446,0.9336131578947368,False
GO_BP_2023,Protein O-linked Glycosylation (GO:0006493),3,0,0.20633,0.44479,0.9393504765535644,False
Reactome_2022,RORA Activates Gene Expression R-HSA-1368082,3,0,0.35814,0.44515,0.922255873493976,False
GO_BP_2023,Cellular Response To Ketone (GO:1901655),3,0,0.15155,0.44519,0.9142010813887308,False
GO_BP_2023,Positive Regulation Of Cell Differentiation (GO:0045597),3,0,0.30303,0.44522,0.9142010813887308,False
Reactome_2022,Negative Regulation Of MET Activity R-HSA-6807004,3,0,0.40926,0.44544,0.9348970419426048,False
GO_BP_2023,Positive Regulation Of B Cell Differentiation (GO:0045579),3,0,0.33203,0.44574,0.9393504765535644,False
GO_BP_2023,Columnar/Cuboidal Epithelial Cell Differentiation (GO:0002065),3,0,0.16635,0.44583,0.9142010813887308,False
GO_BP_2023,Carboxylic Acid Biosynthetic Process (GO:0046394),3,0,0.2149,0.44615,0.9142010813887308,False
GO_BP_2023,Regulation Of Transport (GO:0051049),3,0,0.30327,0.44647,0.9142010813887308,False
Reactome_2022,RA Biosynthesis Pathway R-HSA-5365859,3,0,0.10501,0.44649,0.9393504765535644,False
Reactome_2022,Mitochondrial Fatty Acid Beta-Oxidation Of Saturated Fatty Acids R-HSA-77286,3,0,0.3257,0.44655,0.9393504765535644,False
Reactome_2022,ERBB2 Activates PTK6 Signaling R-HSA-8847993,3,0,0.227,0.44679,0.9142010813887308,False
GO_BP_2023,Ureteric Bud Development (GO:0001657),3,0,0.20028,0.44711,0.9142010813887308,False
GO_BP_2023,Regulation Of Secretion (GO:0051046),3,0,0.017888,0.44715,0.7598961313868613,False
GO_BP_2023,Negative Regulation Of Synaptic Transmission (GO:0050805),3,0,0.060768,0.4473,0.8751797471910112,False
GO_BP_2023,Cell Part Morphogenesis (GO:0032990),3,0,0.20256,0.44732,0.9142010813887308,False
Reactome_2022,Cooperation Of Prefoldin And TriC/CCT In Actin And Tubulin Folding R-HSA-389958,3,0,0.1933,0.44739,0.9142010813887308,False
Reactome_2022,RHOF GTPase Cycle R-HSA-9035034,3,0,0.35332,0.44763,0.9393504765535644,False
Reactome_2022,Glycogen Storage Diseases R-HSA-3229121,3,0,0.38495,0.44785,0.9336131578947368,False
GO_BP_2023,Desensitization Of G Protein-Coupled Receptor Signaling Pathway (GO:0002029),3,0,0.20684,0.44787,0.9393504765535644,False
GO_BP_2023,Positive Regulation Of ERK1 And ERK2 Cascade (GO:0070374),3,0,0.40405,0.44793,0.9381720173535792,False
GO_BP_2023,Glucosamine-Containing Compound Metabolic Process (GO:1901071),3,0,0.16177,0.44812,0.9393504765535644,False
GO_BP_2023,Mitotic G2 DNA Damage Checkpoint Signaling (GO:0007095),3,0,0.043513,0.44825,0.8298750915750917,False
GO_BP_2023,mRNA 3'-End Processing (GO:0031124),3,0,0.3834,0.44838,0.9393504765535644,False
GO_BP_2023,Adaptive Immune Response Based On Somatic Recombination Of Immune Receptors Built From Immunoglobulin Superfamily Domains (GO:0002460),3,0,0.10656,0.44863,0.9090356792144026,False
GO_BP_2023,Water-Soluble Vitamin Metabolic Process (GO:0006767),3,0,0.28193,0.44863,0.9348970419426048,False
Reactome_2022,VEGFA-VEGFR2 Pathway R-HSA-4420097,3,0,0.24343,0.44868,0.9142010813887308,False
Reactome_2022,Heme Signaling R-HSA-9707616,3,0,0.33911,0.44925,0.9336131578947368,False
Reactome_2022,Activation Of Phototransduction Cascade R-HSA-2485179,3,0,0.050913,0.44934,0.8635484411764706,False
Reactome_2022,MASTL Facilitates Mitotic Progression R-HSA-2465910,3,0,0.15639,0.45036,0.9393504765535644,False
GO_BP_2023,Regulation Of Adipose Tissue Development (GO:1904177),3,0,0.41011,0.45065,0.9393504765535644,False
GO_BP_2023,Regulation Of Primary Metabolic Process (GO:0080090),3,0,0.28493,0.45098,0.922255873493976,False
GO_BP_2023,Positive Regulation Of Type I Interferon-Mediated Signaling Pathway (GO:0060340),3,0,0.37379,0.4512,0.9393504765535644,False
Reactome_2022,Hyaluronan Uptake And Degradation R-HSA-2160916,3,0,0.41653,0.4512,0.9393504765535644,False
GO_BP_2023,Positive Regulation Of Dendrite Extension (GO:1903861),3,0,0.056642,0.45137,0.910877225609756,False
GO_BP_2023,Synapse Assembly (GO:0007416),3,0,0.36794,0.45146,0.9393504765535644,False
GO_BP_2023,Regulation Of Inflammatory Response To Antigenic Stimulus (GO:0002861),3,0,0.013145,0.45156,0.8503912258064517,False
Reactome_2022,Synthesis Of Glycosylphosphatidylinositol (GPI) R-HSA-162710,3,0,0.39993,0.45173,0.9393504765535644,False
GO_BP_2023,Positive Regulation Of Neutrophil Chemotaxis (GO:0090023),3,0,0.27599,0.45209,0.9393504765535644,False
GO_BP_2023,Regulation Of Neuron Projection Arborization (GO:0150011),3,0,0.19286,0.45278,0.9393504765535644,False
GO_BP_2023,Negative Regulation Of Hydrogen Peroxide-Induced Cell Death (GO:1903206),3,0,0.41777,0.45279,0.9349526315789474,False
Reactome_2022,Costimulation By CD28 Family R-HSA-388841,3,0,0.15827,0.45305,0.9142010813887308,False
GO_BP_2023,Histone Acetylation (GO:0016573),3,0,0.3458,0.45311,0.9393504765535644,False
GO_BP_2023,Neurogenesis (GO:0022008),3,0,0.053646,0.4535,0.892346862745098,False
GO_BP_2023,Regulation Of Neuron Migration (GO:2001222),3,0,0.25163,0.45366,0.9367514873140858,False
Reactome_2022,Fatty Acids R-HSA-211935,3,0,0.094618,0.45383,0.9393504765535644,False
GO_BP_2023,Regulation Of Chondrocyte Differentiation (GO:0032330),3,0,0.30162,0.45395,0.9393504765535644,False
GO_BP_2023,Vacuolar Acidification (GO:0007035),3,0,0.32786,0.45409,0.9393504765535644,False
GO_BP_2023,Response To Glucocorticoid (GO:0051384),3,0,0.37023,0.4541,0.9348970419426048,False
GO_BP_2023,Filopodium Assembly (GO:0046847),3,0,0.31073,0.45416,0.9142010813887308,False
GO_BP_2023,Response To UV-A (GO:0070141),3,0,0.33945,0.45421,0.922255873493976,False
GO_BP_2023,Regulation Of Extrinsic Apoptotic Signaling Pathway In Absence Of Ligand (GO:2001239),3,0,0.24957,0.45436,0.9142010813887308,False
GO_BP_2023,Interferon-Mediated Signaling Pathway (GO:0140888),3,0,0.25428,0.45515,0.9393504765535644,False
GO_BP_2023,Regulation Of Protein Localization (GO:0032880),3,0,0.28641,0.45543,0.9253609960552268,False
Reactome_2022,Diseases Of Signal Transduction By Growth Factor Receptors And Second Messengers R-HSA-5663202,3,0,0.19585,0.45573,0.9142010813887308,False
GO_BP_2023,Cellular Response To Arsenic-Containing Substance (GO:0071243),3,0,0.26986,0.45575,0.9142010813887308,False
GO_BP_2023,Regulation Of Calcium Ion Transmembrane Transporter Activity (GO:1901019),3,0,0.044036,0.45579,0.8298750915750917,False
Hallmark_2020,DNA Repair,3,0,0.26487,0.45587,0.9142010813887308,False
Reactome_2022,Cholesterol Biosynthesis R-HSA-191273,3,0,0.30831,0.45609,0.9142010813887308,False
GO_BP_2023,Negative Regulation Of Dephosphorylation (GO:0035305),3,0,0.34343,0.45619,0.922255873493976,False
GO_BP_2023,Regulation Of Reactive Oxygen Species Biosynthetic Process (GO:1903426),3,0,0.28566,0.45639,0.9393504765535644,False
Reactome_2022,Macroautophagy R-HSA-1632852,3,0,0.41163,0.45647,0.9393504765535644,False
GO_BP_2023,mRNA Splice Site Recognition (GO:0006376),3,0,0.34488,0.45653,0.9393504765535644,False
GO_BP_2023,Negative Regulation Of Peptidyl-Threonine Phosphorylation (GO:0010801),3,0,0.40729,0.45657,0.9393504765535644,False
GO_BP_2023,Regulation Of p38MAPK Cascade (GO:1900744),3,0,0.23571,0.45691,0.9142010813887308,False
Reactome_2022,"GABA Synthesis, Release, Reuptake And Degradation R-HSA-888590",3,0,0.3134,0.45726,0.9393504765535644,False
GO_BP_2023,Negative Regulation Of Cardiac Muscle Hypertrophy (GO:0010614),3,0,0.33825,0.45742,0.9393504765535644,False
Reactome_2022,Interleukin-2 Family Signaling R-HSA-451927,3,0,0.35681,0.45785,0.9393504765535644,False
Reactome_2022,Apoptosis Induced DNA Fragmentation R-HSA-140342,3,0,0.32057,0.45806,0.9393504765535644,False
GO_BP_2023,Carbohydrate Derivative Catabolic Process (GO:1901136),3,0,0.10238,0.45824,0.9090356792144026,False
GO_BP_2023,Cellular Response To Nutrient Levels (GO:0031669),3,0,0.372,0.45833,0.9393504765535644,False
GO_BP_2023,Positive Regulation Of Myeloid Cell Differentiation (GO:0045639),3,0,0.2187,0.45882,0.9393504765535644,False
GO_BP_2023,Acylglycerol Homeostasis (GO:0055090),3,0,0.29509,0.45926,0.9142010813887308,False
GO_BP_2023,Rescue Of Stalled Ribosome (GO:0072344),3,0,0.35511,0.45943,0.9393504765535644,False
GO_BP_2023,Golgi Vesicle Transport (GO:0048193),3,0,0.26004,0.45979,0.9142010813887308,False
GO_BP_2023,Regulation Of Sodium Ion Transmembrane Transporter Activity (GO:2000649),3,0,0.063165,0.46011,0.8766172752043597,False
Reactome_2022,Downstream Signaling Of Activated FGFR3 R-HSA-5654708,3,0,0.31354,0.46067,0.9142010813887308,False
GO_BP_2023,Receptor-Mediated Endocytosis (GO:0006898),3,0,0.078686,0.46079,0.931693348729792,False
Reactome_2022,Nicotinate Metabolism R-HSA-196807,3,0,0.3494,0.46079,0.9393504765535644,False
GO_BP_2023,Regulation Of Mitotic Cell Cycle (GO:0007346),3,0,0.23463,0.46095,0.9142010813887308,False
GO_BP_2023,Response To Corticosteroid (GO:0031960),3,0,0.22839,0.46108,0.9393504765535644,False
Reactome_2022,Glucuronidation R-HSA-156588,3,0,0.21147,0.46125,0.9142010813887308,False
GO_BP_2023,Cellular Response To Type I Interferon (GO:0071357),3,0,0.37169,0.46125,0.9393504765535644,False
GO_BP_2023,Negative Regulation Of Platelet Activation (GO:0010544),3,0,0.39149,0.46152,0.935003111305872,False
GO_BP_2023,Positive Regulation Of Granulocyte Macrophage Colony-Stimulating Factor Production (GO:0032725),3,0,0.25517,0.46178,0.9393504765535644,False
GO_BP_2023,Negative Regulation Of NLRP3 Inflammasome Complex Assembly (GO:1900226),3,0,0.26651,0.46249,0.9142010813887308,False
GO_BP_2023,Quinone Biosynthetic Process (GO:1901663),3,0,0.13087,0.46255,0.9142010813887308,False
GO_BP_2023,Negative Regulation Of Substrate Adhesion-Dependent Cell Spreading (GO:1900025),3,0,0.42716,0.4626,0.9393504765535644,False
GO_BP_2023,Post-Translational Protein Targeting To Endoplasmic Reticulum Membrane (GO:0006620),3,0,0.31722,0.46262,0.914765388951522,False
GO_BP_2023,Regulation Of Non-Canonical Wnt Signaling Pathway (GO:2000050),3,0,0.27826,0.46269,0.9142010813887308,False
GO_BP_2023,Fatty Acid Elongation (GO:0030497),3,0,0.33673,0.46284,0.9289679691268692,False
GO_BP_2023,Negative Regulation Of Viral Life Cycle (GO:1903901),3,0,0.39544,0.4629,0.9393504765535644,False
GO_BP_2023,Negative Regulation Of Transport (GO:0051051),3,0,0.42661,0.46321,0.9393504765535644,False
GO_BP_2023,Late Endosome To Lysosome Transport (GO:1902774),3,0,0.39078,0.46341,0.932959756097561,False
Reactome_2022,Glutamate Neurotransmitter Release Cycle R-HSA-210500,3,0,0.16927,0.46348,0.9393504765535644,False
Reactome_2022,Mitochondrial Translation R-HSA-5368287,3,0,0.2872,0.46352,0.9142010813887308,False
Reactome_2022,HDL Remodeling R-HSA-8964058,3,0,0.29051,0.4646,0.9142010813887308,False
GO_BP_2023,Negative Regulation Of Protein Secretion (GO:0050709),3,0,0.3307,0.46461,0.917809705561614,False
GO_BP_2023,Intrinsic Apoptotic Signaling Pathway In Response To DNA Damage (GO:0008630),3,0,0.33878,0.46467,0.922255873493976,False
GO_BP_2023,Synaptic Vesicle Exocytosis (GO:0016079),3,0,0.34781,0.46489,0.9393504765535644,False
Reactome_2022,Diseases Associated With TLR Signaling Cascade R-HSA-5602358,3,0,0.302,0.46529,0.9142010813887308,False
GO_BP_2023,Regulation Of Meiotic Cell Cycle (GO:0051445),3,0,0.41384,0.4655,0.9393504765535644,False
GO_BP_2023,Aromatic Amino Acid Family Catabolic Process (GO:0009074),3,0,0.42485,0.46569,0.9393504765535644,False
GO_BP_2023,Phospholipid Efflux (GO:0033700),3,0,0.25223,0.46616,0.9142010813887308,False
GO_BP_2023,Regulation Of DNA Binding (GO:0051101),3,0,0.12752,0.46625,0.9142010813887308,False
Reactome_2022,Role Of Nef In HIV-1 Replication And Disease Pathogenesis R-HSA-164952,3,0,0.31367,0.46628,0.9142010813887308,False
Hallmark_2020,Unfolded Protein Response,3,0,0.39676,0.46682,0.9336131578947368,False
GO_BP_2023,Action Potential (GO:0001508),3,0,0.34363,0.46782,0.9393504765535644,False
GO_BP_2023,Mammary Gland Epithelium Development (GO:0061180),3,0,0.40706,0.4679,0.9393504765535644,False
Reactome_2022,Glycogen Metabolism R-HSA-8982491,3,0,0.37888,0.46797,0.9393504765535644,False
Reactome_2022,"TICAM1,TRAF6-dependent Induction Of TAK1 Complex R-HSA-9014325",3,0,0.022846,0.468,0.8503912258064517,False
GO_BP_2023,Fibrinolysis (GO:0042730),3,0,0.25897,0.46821,0.9393504765535644,False
GO_BP_2023,Melanosome Localization (GO:0032400),3,0,0.20572,0.46831,0.9393504765535644,False
Reactome_2022,Synthesis Of Pyrophosphates In Cytosol R-HSA-1855167,3,0,0.18438,0.4684,0.9142010813887308,False
GO_BP_2023,Regulation Of Cation Channel Activity (GO:2001257),3,0,0.037888,0.46857,0.8298750915750917,False
GO_BP_2023,Response To Steroid Hormone (GO:0048545),3,0,0.36257,0.46861,0.9393504765535644,False
GO_BP_2023,"Nuclear-Transcribed mRNA Catabolic Process, Nonsense-Mediated Decay (GO:0000184)",3,0,0.42253,0.46926,0.9393504765535644,False
GO_BP_2023,Establishment Of Apical/Basal Cell Polarity (GO:0035089),3,0,0.32578,0.46946,0.9172943219404628,False
GO_BP_2023,Intracellular Steroid Hormone Receptor Signaling Pathway (GO:0030518),3,0,0.31669,0.46957,0.914765388951522,False
GO_BP_2023,Organonitrogen Compound Biosynthetic Process (GO:1901566),3,0,0.16588,0.46961,0.9142010813887308,False
GO_BP_2023,Negative Regulation Of Blood Pressure (GO:0045776),3,0,0.44516,0.46968,0.9393504765535644,False
GO_BP_2023,"Alternative mRNA Splicing, Via Spliceosome (GO:0000380)",3,0,0.45861,0.46972,0.9393504765535644,False
GO_BP_2023,Regulation Of Smooth Muscle Cell Apoptotic Process (GO:0034391),3,0,0.41966,0.46986,0.9352317863397548,False
GO_BP_2023,Regulation Of DNA Replication (GO:0006275),3,0,0.057657,0.4702,0.8635484411764706,False
Reactome_2022,Smooth Muscle Contraction R-HSA-445355,3,0,0.13844,0.47046,0.9142010813887308,False
GO_BP_2023,Positive Regulation Of Smoothened Signaling Pathway (GO:0045880),3,0,0.023102,0.47051,0.8503912258064517,False
GO_BP_2023,Regulation Of Viral Transcription (GO:0046782),3,0,0.15397,0.47068,0.9142010813887308,False
GO_BP_2023,Lamellipodium Assembly (GO:0030032),3,0,0.20684,0.4709,0.9393504765535644,False
GO_BP_2023,Regulation Of Protein Export From Nucleus (GO:0046825),3,0,0.35012,0.47091,0.9393504765535644,False
GO_BP_2023,Outer Mitochondrial Membrane Organization (GO:0007008),3,0,0.378,0.47093,0.9393504765535644,False
GO_BP_2023,Protein Insertion Into Mitochondrial Outer Membrane (GO:0045040),3,0,0.378,0.47093,0.9393504765535644,False
GO_BP_2023,NLS-bearing Protein Import Into Nucleus (GO:0006607),3,0,0.26877,0.47138,0.9142010813887308,False
GO_BP_2023,Cellular Response To pH (GO:0071467),3,0,0.22261,0.47148,0.9142010813887308,False
Reactome_2022,Hyaluronan Metabolism R-HSA-2142845,3,0,0.4227,0.4715,0.9381720173535792,False
GO_BP_2023,Regulation Of Notch Signaling Pathway (GO:0008593),3,0,0.28166,0.47174,0.9393504765535644,False
GO_BP_2023,Regulation Of Proteasomal Ubiquitin-Dependent Protein Catabolic Process (GO:0032434),3,0,0.10242,0.47175,0.9393504765535644,False
GO_BP_2023,Negative Regulation Of Protein-Containing Complex Assembly (GO:0031333),3,0,0.20677,0.47179,0.9142010813887308,False
Reactome_2022,Synthesis Of Active Ubiquitin: Roles Of E1 And E2 Enzymes R-HSA-8866652,3,0,0.39273,0.47199,0.9393504765535644,False
Reactome_2022,GRB2:SOS Provides Linkage To MAPK Signaling For Integrins R-HSA-354194,3,0,0.10388,0.47222,0.9090356792144026,False
Reactome_2022,Activation Of HOX Genes During Differentiation R-HSA-5619507,3,0,0.31695,0.47222,0.9393504765535644,False
Reactome_2022,Constitutive Signaling By Ligand-Responsive EGFR Cancer Variants R-HSA-1236382,3,0,0.1306,0.47243,0.9142010813887308,False
Reactome_2022,Interleukin-1 Family Signaling R-HSA-446652,3,0,0.22368,0.47258,0.9142010813887308,False
GO_BP_2023,Heterochromatin Formation (GO:0031507),3,0,0.20136,0.4727,0.9142010813887308,False
GO_BP_2023,Positive Regulation Of Voltage-Gated Potassium Channel Activity (GO:1903818),3,0,0.19756,0.47283,0.9142010813887308,False
GO_BP_2023,Release Of Cytochrome C From Mitochondria (GO:0001836),3,0,0.44011,0.47388,0.9393504765535644,False
GO_BP_2023,Positive Regulation Of DNA-directed DNA Polymerase Activity (GO:1900264),3,0,0.19237,0.4745,0.9393504765535644,False
GO_BP_2023,Regulation Of DNA-directed DNA Polymerase Activity (GO:1900262),3,0,0.19237,0.4745,0.9393504765535644,False
GO_BP_2023,Positive Regulation Of Granulocyte Chemotaxis (GO:0071624),3,0,0.43586,0.47454,0.9393504765535644,False
GO_BP_2023,Positive Regulation Of Interleukin-13 Production (GO:0032736),3,0,0.22212,0.47472,0.9393504765535644,False
Reactome_2022,Regulation Of TP53 Activity R-HSA-5633007,3,0,0.056365,0.47475,0.8635484411764706,False
GO_BP_2023,Tail-Anchored Membrane Protein Insertion Into ER Membrane (GO:0071816),3,0,0.42457,0.47475,0.9381720173535792,False
GO_BP_2023,Neural Crest Cell Development (GO:0014032),3,0,0.2197,0.47481,0.9142010813887308,False
GO_BP_2023,Negative Regulation Of Vascular Associated Smooth Muscle Cell Proliferation (GO:1904706),3,0,0.13808,0.47494,0.9142010813887308,False
GO_BP_2023,Cardiac Muscle Cell Differentiation (GO:0055007),3,0,0.37462,0.47494,0.9278852140077822,False
GO_BP_2023,Type I Interferon-Mediated Signaling Pathway (GO:0060337),3,0,0.39229,0.47537,0.9393504765535644,False
GO_BP_2023,Regulation Of Vesicle-Mediated Transport (GO:0060627),3,0,0.37108,0.47539,0.932385674025364,False
GO_BP_2023,Positive Regulation Of I-kappaB kinase/NF-kappaB Signaling (GO:0043123),3,0,0.3489,0.47587,0.9393504765535644,False
GO_BP_2023,Regulation Of Multicellular Organism Growth (GO:0040014),3,0,0.30856,0.47604,0.9142010813887308,False
GO_BP_2023,Positive Regulation Of Kinase Activity (GO:0033674),3,0,0.3748,0.4761,0.9278852140077822,False
GO_BP_2023,Homophilic Cell Adhesion Via Plasma Membrane Adhesion Molecules (GO:0007156),3,0,0.38891,0.47612,0.932385674025364,False
GO_BP_2023,tRNA Processing (GO:0008033),3,0,0.13987,0.47632,0.9393504765535644,False
GO_BP_2023,Cartilage Development (GO:0051216),3,0,0.19574,0.47642,0.9393504765535644,False
GO_BP_2023,Protein Phosphorylation (GO:0006468),3,0,0.23564,0.47677,0.9393504765535644,False
GO_BP_2023,Regulation Of Muscle System Process (GO:0090257),3,0,0.23564,0.47677,0.9142010813887308,False
GO_BP_2023,Pentose-Phosphate Shunt (GO:0006098),3,0,0.084174,0.47707,0.9380299568965518,False
Reactome_2022,Stabilization Of P53 R-HSA-69541,3,0,0.24277,0.4771,0.9393504765535644,False
GO_BP_2023,Regulation Of Response To Oxidative Stress (GO:1902882),3,0,0.2473,0.47713,0.9142010813887308,False
GO_BP_2023,Regulation Of Myotube Differentiation (GO:0010830),3,0,0.28537,0.47734,0.9142010813887308,False
GO_BP_2023,rRNA Catabolic Process (GO:0016075),3,0,0.39532,0.47734,0.9393504765535644,False
GO_BP_2023,Nuclear Transport (GO:0051169),3,0,0.34443,0.47742,0.922255873493976,False
GO_BP_2023,Regulation Of NMDA Receptor Activity (GO:2000310),3,0,0.35823,0.47764,0.9393504765535644,False
Reactome_2022,STING Mediated Induction Of Host Immune Responses R-HSA-1834941,3,0,0.44125,0.47784,0.9393504765535644,False
GO_BP_2023,Negative Regulation Of Protein Binding (GO:0032091),3,0,0.29295,0.47808,0.939232469775475,False
Reactome_2022,FCGR3A-mediated Phagocytosis R-HSA-9664422,3,0,0.3043,0.47829,0.9393504765535644,False
GO_BP_2023,Regulation Of Response To Stress (GO:0080134),3,0,0.411,0.47841,0.9393504765535644,False
GO_BP_2023,Epithelial Tube Morphogenesis (GO:0060562),3,0,0.46011,0.47867,0.9393504765535644,False
GO_BP_2023,protein-RNA Complex Assembly (GO:0022618),3,0,0.41596,0.47877,0.9348970419426048,False
Reactome_2022,Caspase Activation Via Dependence Receptors In Absence Of Ligand R-HSA-418889,3,0,0.36434,0.47893,0.9297977458033572,False
GO_BP_2023,Peptide Cross-Linking (GO:0018149),3,0,0.41371,0.47927,0.9393504765535644,False
GO_BP_2023,Positive Regulation Of mRNA Catabolic Process (GO:0061014),3,0,0.34264,0.47957,0.9393504765535644,False
GO_BP_2023,Sensory Perception Of Bitter Taste (GO:0050913),3,0,0.09744,0.48008,0.915941186440678,False
Reactome_2022,Transport Of Mature mRNA Derived From An Intron-Containing Transcript R-HSA-159236,3,0,0.40773,0.48022,0.9393504765535644,False
GO_BP_2023,Positive Regulation Of ATP-dependent Activity (GO:0032781),3,0,0.34548,0.48035,0.9393504765535644,False
GO_BP_2023,Positive Regulation Of Stress Fiber Assembly (GO:0051496),3,0,0.34668,0.48063,0.922255873493976,False
Reactome_2022,Cytoprotection By HMOX1 R-HSA-9707564,3,0,0.089524,0.48076,0.9234639630390143,False
Reactome_2022,Sema4D In Semaphorin Signaling R-HSA-400685,3,0,0.20425,0.48076,0.9142010813887308,False
GO_BP_2023,Negative Regulation Of G Protein-Coupled Receptor Signaling Pathway (GO:0045744),3,0,0.44835,0.48084,0.9393504765535644,False
GO_BP_2023,Regulation Of Dendrite Extension (GO:1903859),3,0,0.049396,0.48107,0.8699849134948098,False
GO_BP_2023,Positive Regulation Of Nitric Oxide Biosynthetic Process (GO:0045429),3,0,0.085105,0.48107,0.9046810444874276,False
GO_BP_2023,Protein K63-linked Deubiquitination (GO:0070536),3,0,0.061844,0.48137,0.918919315068493,False
GO_BP_2023,Regulation Of Cell Cycle (GO:0051726),3,0,0.41259,0.48141,0.9393504765535644,False
Reactome_2022,rRNA Modification In Nucleus And Cytosol R-HSA-6790901,3,0,0.37217,0.48149,0.9393504765535644,False
GO_BP_2023,fatty-acyl-CoA Biosynthetic Process (GO:0046949),3,0,0.41645,0.4815,0.9393504765535644,False
Reactome_2022,Mitotic Anaphase R-HSA-68882,3,0,0.46552,0.48165,0.9393504765535644,False
GO_BP_2023,Sphingoid Metabolic Process (GO:0046519),3,0,0.37532,0.4818,0.9336131578947368,False
GO_BP_2023,Macromolecule Catabolic Process (GO:0009057),3,0,0.37282,0.48183,0.92698642578125,False
GO_BP_2023,Positive Regulation Of Endopeptidase Activity (GO:0010950),3,0,0.14597,0.48192,0.9142010813887308,False
GO_BP_2023,Positive Regulation Of Protein Transport (GO:0051222),3,0,0.235,0.48203,0.9142010813887308,False
GO_BP_2023,Glycosaminoglycan Catabolic Process (GO:0006027),3,0,0.28006,0.48212,0.9142010813887308,False
Reactome_2022,Protein Methylation R-HSA-8876725,3,0,0.30932,0.48248,0.9393504765535644,False
GO_BP_2023,Neuron Cell-Cell Adhesion (GO:0007158),3,0,0.26925,0.48256,0.9393504765535644,False
GO_BP_2023,Translation (GO:0006412),3,0,0.21567,0.48258,0.9393504765535644,False
GO_BP_2023,Translational Elongation (GO:0006414),3,0,0.35334,0.4827,0.9393504765535644,False
Reactome_2022,Downstream Signal Transduction R-HSA-186763,3,0,0.010461,0.483,0.8503912258064517,False
Reactome_2022,Translation R-HSA-72766,3,0,0.39884,0.48315,0.9385924805531548,False
GO_BP_2023,Negative Regulation Of Protein Localization (GO:1903828),3,0,0.058363,0.48331,0.910877225609756,False
GO_BP_2023,Cellular Response To Cadmium Ion (GO:0071276),3,0,0.14271,0.48352,0.9393504765535644,False
GO_BP_2023,Nucleobase-Containing Compound Catabolic Process (GO:0034655),3,0,0.23407,0.48374,0.9142010813887308,False
GO_BP_2023,Vesicle Organization (GO:0016050),3,0,0.35515,0.48375,0.922255873493976,False
GO_BP_2023,Regulation Of Glucose Import (GO:0046324),3,0,0.18895,0.48386,0.9393504765535644,False
GO_BP_2023,Positive Regulation Of Stress-Activated MAPK Cascade (GO:0032874),3,0,0.30745,0.48386,0.9142010813887308,False
GO_BP_2023,Magnesium Ion Transport (GO:0015693),3,0,0.31459,0.48413,0.9142010813887308,False
GO_BP_2023,Negative Regulation Of Epithelial Cell Apoptotic Process (GO:1904036),3,0,0.4044,0.48435,0.9393504765535644,False
GO_BP_2023,Steroid Metabolic Process (GO:0008202),3,0,0.28972,0.48438,0.9142010813887308,False
Reactome_2022,Termination Of O-glycan Biosynthesis R-HSA-977068,3,0,0.2794,0.48467,0.9142010813887308,False
Reactome_2022,CS/DS Degradation R-HSA-2024101,3,0,0.30421,0.4847,0.9156606246514224,False
GO_BP_2023,Regulation Of ERBB Signaling Pathway (GO:1901184),3,0,0.18391,0.48499,0.9142010813887308,False
GO_BP_2023,DNA Methylation-Dependent Heterochromatin Formation (GO:0006346),3,0,0.35855,0.48505,0.922255873493976,False
Reactome_2022,Syndecan Interactions R-HSA-3000170,3,0,0.30903,0.48519,0.922255873493976,False
Reactome_2022,Switching Of Origins To A Post-Replicative State R-HSA-69052,3,0,0.30722,0.48522,0.9142010813887308,False
GO_BP_2023,Regulation Of mRNA 3'-End Processing (GO:0031440),3,0,0.34631,0.48522,0.922255873493976,False
GO_BP_2023,Memory (GO:0007613),3,0,0.36452,0.48527,0.9394436882129276,False
GO_BP_2023,Fc Receptor Mediated Stimulatory Signaling Pathway (GO:0002431),3,0,0.1679,0.48536,0.9234639630390143,False
GO_BP_2023,Antigen Processing And Presentation Of Exogenous Peptide Antigen (GO:0002478),3,0,0.26947,0.48541,0.9394436882129276,False
GO_BP_2023,Anaphase-Promoting Complex-Dependent Catabolic Process (GO:0031145),3,0,0.34141,0.48571,0.922255873493976,False
GO_BP_2023,Positive Regulation Of Neuron Migration (GO:2001224),3,0,0.37245,0.48621,0.9336131578947368,False
Reactome_2022,Transport Of Mature mRNA Derived From An Intronless Transcript R-HSA-159231,3,0,0.42794,0.48687,0.9393504765535644,False
GO_BP_2023,Protein Localization To Cell-Cell Junction (GO:0150105),3,0,0.38091,0.48697,0.9393504765535644,False
GO_BP_2023,Positive Regulation Of Cell Death (GO:0010942),3,0,0.36049,0.48708,0.922255873493976,False
GO_BP_2023,Superoxide Anion Generation (GO:0042554),3,0,0.27418,0.48775,0.9142010813887308,False
GO_BP_2023,Fat Cell Differentiation (GO:0045444),3,0,0.35376,0.48786,0.9402912533131388,False
GO_BP_2023,Positive Regulation Of Activated T Cell Proliferation (GO:0042104),3,0,0.243,0.48788,0.9142010813887308,False
GO_BP_2023,Negative Regulation By Host Of Viral Transcription (GO:0043922),3,0,0.20728,0.488,0.9142010813887308,False
GO_BP_2023,Lamellipodium Organization (GO:0097581),3,0,0.33958,0.48832,0.9407830431491294,False
GO_BP_2023,Protein Sumoylation (GO:0016925),3,0,0.32903,0.48839,0.9381720173535792,False
GO_BP_2023,Positive Regulation Of Endothelial Cell Migration (GO:0010595),3,0,0.23463,0.4884,0.9142010813887308,False
GO_BP_2023,Positive Regulation Of Cellular Respiration (GO:1901857),3,0,0.30728,0.48855,0.9142010813887308,False
GO_BP_2023,Protein-Containing Complex Organization (GO:0043933),3,0,0.30441,0.48934,0.9402912533131388,False
GO_BP_2023,DNA Unwinding Involved In DNA Replication (GO:0006268),3,0,0.20691,0.48935,0.9142010813887308,False
GO_BP_2023,Regulation Of Rac Protein Signal Transduction (GO:0035020),3,0,0.3957,0.4894,0.9393504765535644,False
Reactome_2022,RUNX2 Regulates Osteoblast Differentiation R-HSA-8940973,3,0,0.24011,0.48952,0.9250653142008908,False
GO_BP_2023,Skeletal System Development (GO:0001501),3,0,0.23902,0.4896,0.9409529977794228,False
GO_BP_2023,Regulation Of Protein Deacetylation (GO:0090311),3,0,0.12119,0.48965,0.9409529977794228,False
GO_BP_2023,Regulation Of Cell-Substrate Adhesion (GO:0010810),3,0,0.34428,0.48976,0.9409529977794228,False
GO_BP_2023,Regulation Of Fibrinolysis (GO:0051917),3,0,0.13164,0.48977,0.935099192825112,False
GO_BP_2023,Mitochondrial Translation (GO:0032543),3,0,0.41903,0.48978,0.9393504765535644,False
GO_BP_2023,acyl-CoA Metabolic Process (GO:0006637),3,0,0.37715,0.49029,0.9289679691268692,False
GO_BP_2023,Organelle Fusion (GO:0048284),3,0,0.36619,0.49084,0.9248348214285714,False
Reactome_2022,Interleukin-27 Signaling R-HSA-9020956,3,0,0.4204,0.49085,0.9364708971553608,False
Reactome_2022,Fcgamma Receptor (FCGR) Dependent Phagocytosis R-HSA-2029480,3,0,0.26377,0.49107,0.9409529977794228,False
Reactome_2022,Cell Recruitment (Pro-Inflammatory Response) R-HSA-9664424,3,0,0.26077,0.49149,0.9142010813887308,False
GO_BP_2023,Phagocytosis (GO:0006909),3,0,0.39977,0.49173,0.9409529977794228,False
GO_BP_2023,Negative Regulation Of Viral Genome Replication (GO:0045071),3,0,0.31194,0.49198,0.9409529977794228,False
Reactome_2022,Pyrimidine Salvage R-HSA-73614,3,0,0.26181,0.49214,0.9142010813887308,False
GO_BP_2023,Nuclear RNA Surveillance (GO:0071027),3,0,0.44656,0.49252,0.9409529977794228,False
Reactome_2022,Cytosolic Sulfonation Of Small Molecules R-HSA-156584,3,0,0.33226,0.49263,0.9409529977794228,False
Reactome_2022,Eicosanoids R-HSA-211979,3,0,0.19279,0.49265,0.9409529977794228,False
Reactome_2022,Regulation Of MECP2 Expression And Activity R-HSA-9022692,3,0,0.43285,0.49291,0.9393504765535644,False
Reactome_2022,L13a-mediated Translational Silencing Of Ceruloplasmin Expression R-HSA-156827,3,0,0.28966,0.49328,0.9409529977794228,False
GO_BP_2023,Negative Regulation Of TORC1 Signaling (GO:1904262),3,0,0.31008,0.49365,0.922255873493976,False
Reactome_2022,Signaling By FGFR In Disease R-HSA-1226099,3,0,0.47413,0.49411,0.9393504765535644,False
GO_BP_2023,Positive Regulation Of Cation Transmembrane Transport (GO:1904064),3,0,0.24462,0.49432,0.9409529977794228,False
GO_BP_2023,Regulation Of Cell Communication By Electrical Coupling (GO:0010649),3,0,0.10319,0.4944,0.9409529977794228,False
GO_BP_2023,RNA Polyadenylation (GO:0043631),3,0,0.31927,0.4946,0.9409529977794228,False
GO_BP_2023,Protein Localization To Organelle (GO:0033365),3,0,0.37027,0.49463,0.9409529977794228,False
GO_BP_2023,Autophagy Of Nucleus (GO:0044804),3,0,0.22055,0.4949,0.9142010813887308,False
Reactome_2022,Formation Of Fibrin Clot (Clotting Cascade) R-HSA-140877,3,0,0.47127,0.49493,0.9393504765535644,False
GO_BP_2023,mRNA Destabilization (GO:0061157),3,0,0.22978,0.49535,0.9142010813887308,False
Reactome_2022,Acyl Chain Remodelling Of PG R-HSA-1482925,3,0,0.40432,0.49538,0.9409529977794228,False
Reactome_2022,Nephrin Family Interactions R-HSA-373753,3,0,0.076525,0.4954,0.9046810444874276,False
GO_BP_2023,Mesonephric Tubule Development (GO:0072164),3,0,0.32665,0.49558,0.9172943219404628,False
GO_BP_2023,Regulation Of Macrophage Activation (GO:0043030),3,0,0.28617,0.49559,0.9142010813887308,False
GO_BP_2023,Vasculogenesis (GO:0001570),3,0,0.19846,0.49566,0.9142010813887308,False
GO_BP_2023,Positive Regulation Of Nitric Oxide Metabolic Process (GO:1904407),3,0,0.092424,0.49585,0.9061465200764818,False
GO_BP_2023,Calcium Ion-Regulated Exocytosis Of Neurotransmitter (GO:0048791),3,0,0.26021,0.49618,0.9409529977794228,False
GO_BP_2023,Regulation Of Mitotic Cell Cycle Phase Transition (GO:1901990),3,0,0.35857,0.49644,0.922255873493976,False
GO_BP_2023,Purine Nucleotide Metabolic Process (GO:0006163),3,0,0.20885,0.49645,0.9409529977794228,False
GO_BP_2023,Positive Regulation Of Macrophage Differentiation (GO:0045651),3,0,0.14076,0.49649,0.9409529977794228,False
Reactome_2022,CLEC7A (Dectin-1) Induces NFAT Activation R-HSA-5607763,3,0,0.13281,0.49654,0.9409529977794228,False
GO_BP_2023,"Regulation Of Synaptic Transmission, GABAergic (GO:0032228)",3,0,0.30866,0.49666,0.9409529977794228,False
GO_BP_2023,Negative Regulation Of Autophagy (GO:0010507),3,0,0.38508,0.49702,0.9349526315789474,False
GO_BP_2023,Regulation Of SNARE Complex Assembly (GO:0035542),3,0,0.34307,0.49704,0.922255873493976,False
GO_BP_2023,Positive Regulation Of Interferon-Alpha Production (GO:0032727),3,0,0.31648,0.49721,0.9409529977794228,False
GO_BP_2023,Negative Regulation Of Response To Endoplasmic Reticulum Stress (GO:1903573),3,0,0.14763,0.49779,0.9142010813887308,False
GO_BP_2023,Regulation Of Synapse Assembly (GO:0051963),3,0,0.26621,0.49779,0.9409529977794228,False
GO_BP_2023,Ubiquinone Metabolic Process (GO:0006743),3,0,0.13274,0.49805,0.9142010813887308,False
GO_BP_2023,Fat-Soluble Vitamin Metabolic Process (GO:0006775),3,0,0.35991,0.49826,0.9253609960552268,False
GO_BP_2023,Mitophagy (GO:0000423),3,0,0.22653,0.49836,0.9142010813887308,False
GO_BP_2023,Response To Organic Cyclic Compound (GO:0014070),3,0,0.28174,0.49852,0.9142010813887308,False
Reactome_2022,Transcriptional Regulation Of Pluripotent Stem Cells R-HSA-452723,3,0,0.24233,0.49868,0.9409529977794228,False
Reactome_2022,Class B/2 (Secretin Family Receptors) R-HSA-373080,3,0,0.30396,0.49871,0.9142010813887308,False
GO_BP_2023,Regulation Of RNA Export From Nucleus (GO:0046831),3,0,0.39263,0.49885,0.9409529977794228,False
GO_BP_2023,Lysosomal Microautophagy (GO:0016237),3,0,0.41585,0.49913,0.9409529977794228,False
Reactome_2022,Glutathione Synthesis And Recycling R-HSA-174403,3,0,0.29184,0.49927,0.9409529977794228,False
Reactome_2022,Plasma Lipoprotein Assembly R-HSA-8963898,3,0,0.12169,0.49933,0.9409529977794228,False
GO_BP_2023,Negative Regulation Of Smooth Muscle Cell Proliferation (GO:0048662),3,0,0.38512,0.49936,0.932385674025364,False
GO_BP_2023,Alpha-Amino Acid Catabolic Process (GO:1901606),3,0,0.21035,0.49938,0.9142010813887308,False
GO_BP_2023,Apical Junction Assembly (GO:0043297),3,0,0.26586,0.4995,0.9409529977794228,False
GO_BP_2023,Response To Iron Ion (GO:0010039),3,0,0.38004,0.49965,0.9297977458033572,False
Reactome_2022,Signaling By EGFR In Cancer R-HSA-1643713,3,0,0.11352,0.49973,0.9109985401459854,False
GO_BP_2023,Negative Regulation Of Stress-Activated MAPK Cascade (GO:0032873),3,0,0.35154,0.4998,0.922255873493976,False
GO_BP_2023,Cardiac Left Ventricle Morphogenesis (GO:0003214),3,0,0.21252,0.49989,0.9409911612426036,False
Reactome_2022,Defective B3GALTL Causes PpS R-HSA-5083635,3,0,0.2872,0.50078,0.9142010813887308,False
GO_BP_2023,Regulation Of Arp2/3 Complex-Mediated Actin Nucleation (GO:0034315),3,0,0.19592,0.50103,0.9142010813887308,False
GO_BP_2023,Cellular Response To Acidic pH (GO:0071468),3,0,0.080843,0.5011,0.9046810444874276,False
GO_BP_2023,Dorsal/Ventral Pattern Formation (GO:0009953),3,0,0.21737,0.50131,0.9142010813887308,False
Reactome_2022,Diseases Of Metabolism R-HSA-5668914,3,0,0.13357,0.50166,0.9142010813887308,False
GO_BP_2023,DNA Repair (GO:0006281),3,0,0.39774,0.50183,0.9428994832041344,False
Reactome_2022,Deposition Of New CENPA-containing Nucleosomes At Centromere R-HSA-606279,3,0,0.11533,0.50189,0.9109985401459854,False
GO_BP_2023,Positive Regulation Of Cholesterol Efflux (GO:0010875),3,0,0.074553,0.50222,0.9035113571428572,False
Reactome_2022,Interferon Alpha/Beta Signaling R-HSA-909733,3,0,0.43397,0.50249,0.9393504765535644,False
Reactome_2022,MHC Class II Antigen Presentation R-HSA-2132295,3,0,0.35627,0.50253,0.9393504765535644,False
GO_BP_2023,Regulation Of Bone Mineralization (GO:0030500),3,0,0.028168,0.50273,0.8635484411764706,False
GO_BP_2023,Diacylglycerol Metabolic Process (GO:0046339),3,0,0.36483,0.50303,0.924383524141364,False
GO_BP_2023,Vesicle Coating (GO:0006901),3,0,0.1735,0.50325,0.9142010813887308,False
GO_BP_2023,Dendrite Morphogenesis (GO:0048813),3,0,0.086715,0.50423,0.9046810444874276,False
GO_BP_2023,Double-Strand Break Repair Via Break-Induced Replication (GO:0000727),3,0,0.12228,0.50428,0.9109985401459854,False
GO_BP_2023,Regulation Of Peptide Hormone Secretion (GO:0090276),3,0,0.17578,0.50468,0.9142010813887308,False
Reactome_2022,HSP90 Chaperone Cycle For Steroid Hormone Receptors (SHR) In Presence Of Ligand R-HSA-3371497,3,0,0.25252,0.50493,0.9142010813887308,False
GO_BP_2023,Cellular Response To dsRNA (GO:0071359),3,0,0.089573,0.50501,0.94165,False
GO_BP_2023,RNA 3'-End Processing (GO:0031123),3,0,0.15712,0.50518,0.9142010813887308,False
GO_BP_2023,Regulation Of MHC Class II Biosynthetic Process (GO:0045346),3,0,0.45334,0.50534,0.9454545718432512,False
GO_BP_2023,Cellular Response To ATP (GO:0071318),3,0,0.48587,0.50537,0.9395154838709678,False
GO_BP_2023,Positive Regulation Of MAPK Cascade (GO:0043410),3,0,0.17858,0.50559,0.9142010813887308,False
GO_BP_2023,Organophosphate Biosynthetic Process (GO:0090407),3,0,0.23711,0.50579,0.9142010813887308,False
GO_BP_2023,Glial Cell Development (GO:0021782),3,0,0.35357,0.50656,0.9441554404145076,False
GO_BP_2023,Regulation Of Adaptive Immune Response (GO:0002819),3,0,0.26137,0.50667,0.9441554404145076,False
GO_BP_2023,DNA-templated Transcription Initiation (GO:0006352),3,0,0.2695,0.50687,0.9142010813887308,False
GO_BP_2023,Regulation Of Endothelial Cell Apoptotic Process (GO:2000351),3,0,0.44937,0.50696,0.9393504765535644,False
GO_BP_2023,Cell-Cell Signaling By Wnt (GO:0198738),3,0,0.068703,0.50723,0.9210817135549872,False
GO_BP_2023,Negative Regulation Of Cell Death (GO:0060548),3,0,0.067309,0.50736,0.8848690726817042,False
GO_BP_2023,Positive Regulation Of Dendritic Spine Development (GO:0060999),3,0,0.41394,0.50782,0.9348970419426048,False
GO_BP_2023,Response To Lipopolysaccharide (GO:0032496),3,0,0.46685,0.50892,0.9409529977794228,False
GO_BP_2023,Positive Regulation Of Myelination (GO:0031643),3,0,0.016028,0.50912,0.8503912258064517,False
GO_BP_2023,Negative Regulation Of Cartilage Development (GO:0061037),3,0,0.33017,0.50914,0.9441554404145076,False
GO_BP_2023,Fatty Acid Transmembrane Transport (GO:1902001),3,0,0.33469,0.50929,0.9441554404145076,False
GO_BP_2023,Regulation Of Interferon-Beta Production (GO:0032648),3,0,0.24424,0.5093,0.9142010813887308,False
GO_BP_2023,Leukotriene Metabolic Process (GO:0006691),3,0,0.32445,0.50986,0.9441554404145076,False
Reactome_2022,Metabolism Of Steroid Hormones R-HSA-196071,3,0,0.29874,0.50993,0.9142010813887308,False
GO_BP_2023,Peptidyl-Tyrosine Dephosphorylation (GO:0035335),3,0,0.1779,0.50999,0.9142010813887308,False
GO_BP_2023,Regulation Of Epidermal Cell Differentiation (GO:0045604),3,0,0.43054,0.51002,0.9393504765535644,False
GO_BP_2023,Cell Projection Organization (GO:0030030),3,0,0.059489,0.51012,0.9148006344410876,False
Reactome_2022,Signaling By WNT In Cancer R-HSA-4791275,3,0,0.38388,0.51015,0.9322519561068702,False
GO_BP_2023,Regulation Of Endoplasmic Reticulum Stress-Induced Intrinsic Apoptotic Signaling Pathway (GO:1902235),3,0,0.090363,0.51058,0.9046810444874276,False
GO_BP_2023,Protein Deacetylation (GO:0006476),3,0,0.30879,0.51083,0.9142010813887308,False
GO_BP_2023,Regulation Of Neurotransmitter Receptor Activity (GO:0099601),3,0,0.47769,0.51109,0.9393504765535644,False
Reactome_2022,Mitochondrial Fatty Acid Beta-Oxidation R-HSA-77289,3,0,0.4644,0.51122,0.9393504765535644,False
GO_BP_2023,Positive Regulation Of T Cell Differentiation (GO:0045582),3,0,0.42423,0.51125,0.9393504765535644,False
GO_BP_2023,Positive Regulation Of Vacuole Organization (GO:0044090),3,0,0.15724,0.51127,0.9441554404145076,False
GO_BP_2023,Natural Killer Cell Activation Involved In Immune Response (GO:0002323),3,0,0.41312,0.51128,0.9454545718432512,False
Reactome_2022,Influenza Viral RNA Transcription And Replication R-HSA-168273,3,0,0.44705,0.51146,0.9393504765535644,False
GO_BP_2023,Nitric Oxide Biosynthetic Process (GO:0006809),3,0,0.17453,0.51171,0.9441554404145076,False
GO_BP_2023,Peptidyl-Proline Modification (GO:0018208),3,0,0.29707,0.51185,0.9454545718432512,False
GO_BP_2023,Detection Of Chemical Stimulus Involved In Sensory Perception Of Bitter Taste (GO:0001580),3,0,0.11443,0.51191,0.9225998824911869,False
Reactome_2022,Signal Regulatory Protein Family Interactions R-HSA-391160,3,0,0.25122,0.5121,0.9142010813887308,False
GO_BP_2023,Regulation Of Cell Cycle Process (GO:0010564),3,0,0.26034,0.51224,0.9142010813887308,False
GO_BP_2023,Resolution Of Meiotic Recombination Intermediates (GO:0000712),3,0,0.32111,0.51229,0.9385924805531548,False
Reactome_2022,Nicotinamide Salvaging R-HSA-197264,3,0,0.21902,0.51279,0.9142010813887308,False
Reactome_2022,Basigin Interactions R-HSA-210991,3,0,0.44526,0.51294,0.9393504765535644,False
Reactome_2022,HIV Life Cycle R-HSA-162587,3,0,0.1078,0.5132,0.9090356792144026,False
Reactome_2022,Folding Of Actin By CCT/TriC R-HSA-390450,3,0,0.46232,0.51331,0.9467693583273252,False
GO_BP_2023,Negative Regulation Of Cell Adhesion (GO:0007162),3,0,0.24058,0.51342,0.9454545718432512,False
Reactome_2022,Mitotic Metaphase And Anaphase R-HSA-2555396,3,0,0.48525,0.5136,0.9467693583273252,False
Reactome_2022,Pyroptosis R-HSA-5620971,3,0,0.29705,0.51368,0.9142010813887308,False
GO_BP_2023,Pattern Recognition Receptor Signaling Pathway (GO:0002221),3,0,0.48246,0.51386,0.9467693583273252,False
GO_BP_2023,Adipose Tissue Development (GO:0060612),3,0,0.28304,0.51413,0.9467273592715232,False
GO_BP_2023,Positive Regulation Of Cell Cycle G2/M Phase Transition (GO:1902751),3,0,0.21601,0.51419,0.9441554404145076,False
GO_BP_2023,Phosphatidylcholine Biosynthetic Process (GO:0006656),3,0,0.41905,0.51465,0.9393504765535644,False
Reactome_2022,EPH-Ephrin Signaling R-HSA-2682334,3,0,0.46313,0.51466,0.9467693583273252,False
GO_BP_2023,Regulation Of Oxidative Phosphorylation (GO:0002082),3,0,0.35779,0.51472,0.922255873493976,False
GO_BP_2023,Negative Regulation Of Cellular Biosynthetic Process (GO:0031327),3,0,0.32566,0.5149,0.9172943219404628,False
GO_BP_2023,Protein N-linked Glycosylation (GO:0006487),3,0,0.31854,0.51513,0.914765388951522,False
Reactome_2022,Signaling By Receptor Tyrosine Kinases R-HSA-9006934,3,0,0.4288,0.51516,0.9467273592715232,False
GO_BP_2023,Sulfation (GO:0051923),3,0,0.45205,0.51534,0.9393504765535644,False
GO_BP_2023,Regulation Of Postsynapse Organization (GO:0099175),3,0,0.18363,0.5156,0.9441554404145076,False
GO_BP_2023,Regulation Of Mitochondrial Membrane Permeability (GO:0046902),3,0,0.3723,0.51622,0.9467693583273252,False
GO_BP_2023,Excitatory Postsynaptic Potential (GO:0060079),3,0,0.37722,0.51642,0.9289679691268692,False
GO_BP_2023,Cellular Glucuronidation (GO:0052695),3,0,0.29095,0.51701,0.9142010813887308,False
GO_BP_2023,Glucuronate Metabolic Process (GO:0019585),3,0,0.29095,0.51701,0.9142010813887308,False
GO_BP_2023,Anterior/Posterior Pattern Specification (GO:0009952),3,0,0.17494,0.51752,0.932877462121212,False
GO_BP_2023,Negative Regulation Of Cellular Component Organization (GO:0051129),3,0,0.30753,0.51761,0.9441554404145076,False
GO_BP_2023,Oligosaccharide-Lipid Intermediate Biosynthetic Process (GO:0006490),3,0,0.38191,0.51764,0.9441554404145076,False
Reactome_2022,Signaling By KIT In Disease R-HSA-9669938,3,0,0.14276,0.51767,0.9142010813887308,False
Reactome_2022,Signaling By ERBB2 ECD Mutants R-HSA-9665348,3,0,0.12838,0.51782,0.9142010813887308,False
GO_BP_2023,ERK1 And ERK2 Cascade (GO:0070371),3,0,0.40373,0.51787,0.9441554404145076,False
GO_BP_2023,Negative Regulation Of Lipid Biosynthetic Process (GO:0051055),3,0,0.44454,0.51794,0.9393504765535644,False
GO_BP_2023,Amide Biosynthetic Process (GO:0043604),3,0,0.16985,0.51806,0.9142010813887308,False
GO_BP_2023,Glycine Transport (GO:0015816),3,0,0.28015,0.51822,0.9142010813887308,False
GO_BP_2023,Protein Localization To Centrosome (GO:0071539),3,0,0.23028,0.51852,0.9142010813887308,False
GO_BP_2023,Glutamine Family Amino Acid Metabolic Process (GO:0009064),3,0,0.39026,0.51855,0.932593145539906,False
GO_BP_2023,"Chemical Synaptic Transmission, Postsynaptic (GO:0099565)",3,0,0.46885,0.51878,0.9393504765535644,False
GO_BP_2023,Vesicle-Mediated Transport (GO:0016192),3,0,0.27477,0.51894,0.9142010813887308,False
GO_BP_2023,Nucleic Acid-Templated Transcription (GO:0097659),3,0,0.43996,0.51901,0.9467273592715232,False
GO_BP_2023,Regulation Of Catecholamine Secretion (GO:0050433),3,0,0.26089,0.51929,0.9142010813887308,False
Reactome_2022,Chromatin Modifying Enzymes R-HSA-3247509,3,0,0.45732,0.5193,0.9476422213769494,False
GO_BP_2023,Calcium Ion Import Across Plasma Membrane (GO:0098703),3,0,0.24883,0.51937,0.9441554404145076,False
GO_BP_2023,Synapse Organization (GO:0050808),3,0,0.29211,0.51953,0.9441554404145076,False
GO_BP_2023,Mammary Gland Development (GO:0030879),3,0,0.38766,0.51964,0.9409475992438564,False
GO_BP_2023,Medium-Chain Fatty Acid Metabolic Process (GO:0051791),3,0,0.20769,0.5199,0.9441554404145076,False
GO_BP_2023,Nucleic Acid Metabolic Process (GO:0090304),3,0,0.044297,0.52005,0.8635484411764706,False
GO_BP_2023,Establishment Of Melanosome Localization (GO:0032401),3,0,0.26918,0.52049,0.9441554404145076,False
GO_BP_2023,Melanosome Transport (GO:0032402),3,0,0.26918,0.52049,0.9441554404145076,False
GO_BP_2023,Pigment Granule Transport (GO:0051904),3,0,0.26918,0.52049,0.9441554404145076,False
GO_BP_2023,Phosphatidylcholine Acyl-Chain Remodeling (GO:0036151),3,0,0.30914,0.5211,0.9142010813887308,False
GO_BP_2023,Positive Regulation Of Cytokinesis (GO:0032467),3,0,0.20924,0.52127,0.9441554404145076,False
GO_BP_2023,Positive Regulation Of Cell-Matrix Adhesion (GO:0001954),3,0,0.45701,0.52148,0.9393504765535644,False
GO_BP_2023,Response To Hydrogen Peroxide (GO:0042542),3,0,0.23373,0.52171,0.9142010813887308,False
GO_BP_2023,Mitochondrial Cytochrome C Oxidase Assembly (GO:0033617),3,0,0.39338,0.52205,0.9441554404145076,False
GO_BP_2023,Negative Regulation Of Response To Biotic Stimulus (GO:0002832),3,0,0.42205,0.52214,0.9476422213769494,False
Reactome_2022,"POU5F1 (OCT4), SOX2, NANOG Activate Genes Related To Proliferation R-HSA-2892247",3,0,0.37936,0.52242,0.9441554404145076,False
GO_BP_2023,Oogenesis (GO:0048477),3,0,0.4954,0.52253,0.9478996096522356,False
GO_BP_2023,Glycerolipid Catabolic Process (GO:0046503),3,0,0.35644,0.52264,0.9476422213769494,False
GO_BP_2023,Regulation Of Cholesterol Transport (GO:0032374),3,0,0.21402,0.52271,0.9142010813887308,False
GO_BP_2023,Regulation Of Protein Kinase A Signaling (GO:0010738),3,0,0.35185,0.52274,0.9393504765535644,False
GO_BP_2023,Aorta Morphogenesis (GO:0035909),3,0,0.25169,0.52301,0.9441554404145076,False
GO_BP_2023,Regulation Of Phospholipase C Activity (GO:1900274),3,0,0.44704,0.5231,0.9393504765535644,False
Reactome_2022,Suppression Of Phagosomal Maturation R-HSA-9637687,3,0,0.33749,0.52323,0.9476422213769494,False
Reactome_2022,RUNX2 Regulates Bone Development R-HSA-8941326,3,0,0.23245,0.52329,0.9156606246514224,False
GO_BP_2023,Multicellular Organismal-Level Water Homeostasis (GO:0050891),3,0,0.13042,0.52372,0.9441554404145076,False
GO_BP_2023,Establishment Of Spindle Orientation (GO:0051294),3,0,0.23168,0.52399,0.9441554404145076,False
Reactome_2022,Association Of TriC/CCT With Target Proteins During Biosynthesis R-HSA-390471,3,0,0.49324,0.52399,0.9478996096522356,False
Reactome_2022,Transport Of Mature mRNAs Derived From Intronless Transcripts R-HSA-159234,3,0,0.46785,0.52433,0.9393504765535644,False
GO_BP_2023,Maintenance Of Synapse Structure (GO:0099558),3,0,0.1561,0.52454,0.9142010813887308,False
GO_BP_2023,Negative Regulation Of Carbohydrate Metabolic Process (GO:0045912),3,0,0.0097925,0.5246,0.7326160810810811,False
GO_BP_2023,Regulation Of Type I Interferon-Mediated Signaling Pathway (GO:0060338),3,0,0.40792,0.52473,0.9381720173535792,False
GO_BP_2023,Mismatch Repair (GO:0006298),3,0,0.46307,0.52475,0.9476422213769494,False
Reactome_2022,Chondroitin Sulfate/Dermatan Sulfate Metabolism R-HSA-1793185,3,0,0.2505,0.52498,0.9142010813887308,False
Reactome_2022,Signaling By Erythropoietin R-HSA-9006335,3,0,0.037945,0.52541,0.8635484411764706,False
GO_BP_2023,Positive Regulation Of Metaphase/Anaphase Transition Of Cell Cycle (GO:1902101),3,0,0.24952,0.52547,0.9142010813887308,False
GO_BP_2023,Positive Regulation Of Mitotic Metaphase/Anaphase Transition (GO:0045842),3,0,0.24952,0.52547,0.9142010813887308,False
GO_BP_2023,Regulation Of RIG-I Signaling Pathway (GO:0039535),3,0,0.30786,0.52572,0.9441554404145076,False
GO_BP_2023,Iron-Sulfur Cluster Assembly (GO:0016226),3,0,0.22002,0.52574,0.9142010813887308,False
GO_BP_2023,Metallo-Sulfur Cluster Assembly (GO:0031163),3,0,0.22002,0.52574,0.9142010813887308,False
Reactome_2022,GTP Hydrolysis And Joining Of 60S Ribosomal Subunit R-HSA-72706,3,0,0.22092,0.52595,0.9441554404145076,False
GO_BP_2023,Sphingolipid Metabolic Process (GO:0006665),3,0,0.066053,0.52609,0.8848690726817042,False
GO_BP_2023,Regulation Of T-helper 17 Type Immune Response (GO:2000316),3,0,0.20392,0.52614,0.9142010813887308,False
GO_BP_2023,Establishment Of Skin Barrier (GO:0061436),3,0,0.30823,0.52615,0.9142010813887308,False
Reactome_2022,Telomere C-strand Synthesis Initiation R-HSA-174430,3,0,0.076699,0.52636,0.9046810444874276,False
GO_BP_2023,Regulation Of Protein Serine/Threonine Kinase Activity (GO:0071900),3,0,0.19164,0.52669,0.9142010813887308,False
Reactome_2022,Metabolism Of Steroids R-HSA-8957322,3,0,0.15893,0.52671,0.9142010813887308,False
Reactome_2022,Nuclear Events (Kinase And Transcription Factor Activation) R-HSA-198725,3,0,0.4254,0.52696,0.9385924805531548,False
GO_BP_2023,Diol Biosynthetic Process (GO:0034312),3,0,0.34698,0.52708,0.922255873493976,False
Reactome_2022,Androgen Biosynthesis R-HSA-193048,3,0,0.46706,0.52727,0.9467693583273252,False
Reactome_2022,EGR2 And SOX10-mediated Initiation Of Schwann Cell Myelination R-HSA-9619665,3,0,0.39598,0.52737,0.9336131578947368,False
GO_BP_2023,Lipoprotein Biosynthetic Process (GO:0042158),3,0,0.32167,0.52772,0.9393504765535644,False
Hallmark_2020,Pperoxisome,3,0,0.066882,0.52785,0.8848690726817042,False
GO_BP_2023,Mononuclear Cell Differentiation (GO:1903131),3,0,0.086467,0.52846,0.9046810444874276,False
GO_BP_2023,Endothelial Cell Differentiation (GO:0045446),3,0,0.049221,0.5289,0.8635484411764706,False
GO_BP_2023,Response To dsRNA (GO:0043331),3,0,0.14344,0.52912,0.9441554404145076,False
GO_BP_2023,snRNA Transcription By RNA Polymerase II (GO:0042795),3,0,0.32356,0.52918,0.916709,False
GO_BP_2023,Endodermal Cell Differentiation (GO:0035987),3,0,0.35995,0.52924,0.922255873493976,False
GO_BP_2023,Negative Regulation Of Reactive Oxygen Species Biosynthetic Process (GO:1903427),3,0,0.057716,0.52953,0.910877225609756,False
GO_BP_2023,Negative Regulation Of Macromolecule Biosynthetic Process (GO:0010558),3,0,0.23732,0.5296,0.9142010813887308,False
GO_BP_2023,Protein Autoprocessing (GO:0016540),3,0,0.31438,0.52986,0.9142010813887308,False
GO_BP_2023,Positive Regulation Of Plasma Membrane Bounded Cell Projection Assembly (GO:0120034),3,0,0.15779,0.52999,0.9441554404145076,False
GO_BP_2023,Histone Deacetylation (GO:0016575),3,0,0.25537,0.53004,0.9142010813887308,False
Reactome_2022,RND3 GTPase Cycle R-HSA-9696264,3,0,0.14791,0.53018,0.9441554404145076,False
GO_BP_2023,Positive Regulation Of Phosphorylation (GO:0042327),3,0,0.34098,0.53161,0.9476422213769494,False
Reactome_2022,Biosynthesis Of N-glycan Precursor (Dolichol LLO) And Transfer To Protein R-HSA-446193,3,0,0.27977,0.53198,0.9142010813887308,False
GO_BP_2023,Positive Regulation Of Nervous System Development (GO:0051962),3,0,0.40771,0.532,0.9393504765535644,False
GO_BP_2023,Regulation Of Cardiac Conduction (GO:1903779),3,0,0.49214,0.53201,0.948727468785471,False
GO_BP_2023,Growth Hormone Receptor Signaling Pathway (GO:0060396),3,0,0.25696,0.5324,0.9142010813887308,False
GO_BP_2023,Positive Regulation Of Vascular Endothelial Cell Proliferation (GO:1905564),3,0,0.19775,0.5326,0.9142010813887308,False
Reactome_2022,Caspase Activation Via Extrinsic Apoptotic Signaling Pathway R-HSA-5357769,3,0,0.2701,0.53272,0.9393504765535644,False
GO_BP_2023,Macrophage Chemotaxis (GO:0048246),3,0,0.21189,0.53278,0.9441554404145076,False
Reactome_2022,Packaging Of Telomere Ends R-HSA-171306,3,0,0.43939,0.53396,0.9393504765535644,False
GO_BP_2023,Positive Regulation Of Nitric-Oxide Synthase Biosynthetic Process (GO:0051770),3,0,0.39927,0.53404,0.9336131578947368,False
GO_BP_2023,Regulation Of DNA Metabolic Process (GO:0051052),3,0,0.08528,0.53412,0.9046810444874276,False
GO_BP_2023,Cytosolic Transport (GO:0016482),3,0,0.51269,0.53415,0.9505385600553824,False
GO_BP_2023,Antigen Receptor-Mediated Signaling Pathway (GO:0050851),3,0,0.34244,0.53464,0.9476422213769494,False
GO_BP_2023,Regulation Of Transcription From RNA Polymerase II Promoter In Response To Stress (GO:0043618),3,0,0.43732,0.53464,0.9467273592715232,False
GO_BP_2023,Regulation Of Cytosolic Calcium Ion Concentration (GO:0051480),3,0,0.53014,0.53474,0.9505385600553824,False
GO_BP_2023,Regulation Of Double-Strand Break Repair (GO:2000779),3,0,0.13928,0.53558,0.9142010813887308,False
GO_BP_2023,Negative Regulation Of Telomere Maintenance (GO:0032205),3,0,0.16614,0.53562,0.9142010813887308,False
GO_BP_2023,Response To Hexose (GO:0009746),3,0,0.080909,0.53584,0.931722776523702,False
GO_BP_2023,Embryonic Digestive Tract Development (GO:0048566),3,0,0.37907,0.5359,0.9441554404145076,False
GO_BP_2023,Regulation Of DNA-templated DNA Replication (GO:0090329),3,0,0.14385,0.5361,0.9142010813887308,False
GO_BP_2023,Vesicle Fusion (GO:0006906),3,0,0.27889,0.53619,0.9142010813887308,False
GO_BP_2023,Regulation Of Fatty Acid Beta-Oxidation (GO:0031998),3,0,0.1902,0.53626,0.9336131578947368,False
GO_BP_2023,Regulation Of Dendritic Spine Development (GO:0060998),3,0,0.4022,0.5368,0.9336131578947368,False
Reactome_2022,Unwinding Of DNA R-HSA-176974,3,0,0.41449,0.53693,0.9348970419426048,False
GO_BP_2023,Regulation Of Lipoprotein Lipase Activity (GO:0051004),3,0,0.20048,0.5372,0.9142010813887308,False
GO_BP_2023,Neuromuscular Process (GO:0050905),3,0,0.40342,0.53747,0.9441554404145076,False
GO_BP_2023,Positive Regulation Of Protein Modification By Small Protein Conjugation Or Removal (GO:1903322),3,0,0.45511,0.53749,0.9492369811320754,False
GO_BP_2023,Regulation Of Sensory Perception Of Pain (GO:0051930),3,0,0.42845,0.53758,0.9441554404145076,False
GO_BP_2023,Negative Regulation Of Protein Modification Process (GO:0031400),3,0,0.1148,0.53786,0.9109985401459854,False
GO_BP_2023,Formation Of Cytoplasmic Translation Initiation Complex (GO:0001732),3,0,0.33148,0.53817,0.9441554404145076,False
Reactome_2022,Fatty acyl-CoA Biosynthesis R-HSA-75105,3,0,0.43961,0.53847,0.9393504765535644,False
GO_BP_2023,Negative Regulation Of Signal Transduction By P53 Class Mediator (GO:1901797),3,0,0.41128,0.5385,0.9393504765535644,False
Reactome_2022,FCGR3A-mediated IL10 Synthesis R-HSA-9664323,3,0,0.22376,0.53866,0.9441554404145076,False
GO_BP_2023,Catecholamine Metabolic Process (GO:0006584),3,0,0.43364,0.5389,0.9467273592715232,False
Reactome_2022,SARS-CoV Infections R-HSA-9679506,3,0,0.20351,0.53893,0.9142010813887308,False
GO_BP_2023,Establishment Of Mitotic Spindle Localization (GO:0040001),3,0,0.30403,0.53903,0.9441554404145076,False
Reactome_2022,Activation Of RAC1 R-HSA-428540,3,0,0.28119,0.53914,0.9142010813887308,False
GO_BP_2023,Natural Killer Cell Activation (GO:0030101),3,0,0.23839,0.5392,0.9441554404145076,False
Reactome_2022,FGFR1 Mutant Receptor Activation R-HSA-1839124,3,0,0.3275,0.5392,0.9176798134942402,False
GO_BP_2023,Cytoplasmic Microtubule Organization (GO:0031122),3,0,0.20507,0.53936,0.9142010813887308,False
Reactome_2022,JNK (c-Jun Kinases) Phosphorylation And Activation Mediated By Activated Human TAK1 R-HSA-450321,3,0,0.37055,0.53939,0.9381720173535792,False
GO_BP_2023,Regulation Of Interleukin-1 Beta Production (GO:0032651),3,0,0.47198,0.53951,0.9505385600553824,False
GO_BP_2023,Histone H2A Monoubiquitination (GO:0035518),3,0,0.25462,0.53963,0.9142010813887308,False
Reactome_2022,Phosphorylation Of CD3 And TCR Zeta Chains R-HSA-202427,3,0,0.48684,0.54013,0.9397101251422072,False
GO_BP_2023,Steroid Hormone Mediated Signaling Pathway (GO:0043401),3,0,0.10747,0.54045,0.9090356792144026,False
GO_BP_2023,Central Nervous System Neuron Development (GO:0021954),3,0,0.22907,0.54081,0.9476422213769494,False
GO_BP_2023,Regulation Of DNA Biosynthetic Process (GO:2000278),3,0,0.40815,0.54093,0.9393504765535644,False
Reactome_2022,Cyclin A/B1/B2 Associated Events During G2/M Transition R-HSA-69273,3,0,0.37513,0.54098,0.9281895580378826,False
GO_BP_2023,Regulation Of miRNA-mediated Gene Silencing (GO:0060964),3,0,0.39603,0.54129,0.9476422213769494,False
Reactome_2022,MyD88 Deficiency (TLR2/4) R-HSA-5602498,3,0,0.27701,0.54135,0.9441554404145076,False
GO_BP_2023,Sterol Metabolic Process (GO:0016125),3,0,0.017939,0.54172,0.8503912258064517,False
Reactome_2022,Formation Of TC-NER Pre-Incision Complex R-HSA-6781823,3,0,0.24964,0.5424,0.9409911612426036,False
GO_BP_2023,Modulation By Host Of Symbiont Process (GO:0051851),3,0,0.18916,0.54263,0.9142010813887308,False
GO_BP_2023,Positive Regulation Of Double-Strand Break Repair Via Homologous Recombination (GO:1905168),3,0,0.3771,0.54286,0.9381720173535792,False
GO_BP_2023,Cardiac Epithelial To Mesenchymal Transition (GO:0060317),3,0,0.37647,0.54298,0.9441554404145076,False
GO_BP_2023,Positive Regulation Of Epidermal Growth Factor Receptor Signaling Pathway (GO:0045742),3,0,0.18167,0.54334,0.9142010813887308,False
Reactome_2022,Organic Cation/Anion/Zwitterion Transport R-HSA-549132,3,0,0.48769,0.5434,0.9505385600553824,False
GO_BP_2023,Regulation Of Cardiac Muscle Contraction (GO:0055117),3,0,0.28638,0.5438,0.9473254447662393,False
GO_BP_2023,Aerobic Electron Transport Chain (GO:0019646),3,0,0.39101,0.54392,0.9441554404145076,False
Reactome_2022,Cleavage Of Damaged Purine R-HSA-110331,3,0,0.37563,0.54396,0.9441554404145076,False
Reactome_2022,Selenocysteine Synthesis R-HSA-2408557,3,0,0.24413,0.54406,0.9441554404145076,False
GO_BP_2023,Regulation Of Defense Response To Virus (GO:0050688),3,0,0.13668,0.54413,0.9441554404145076,False
GO_BP_2023,Leukocyte Adhesion To Vascular Endothelial Cell (GO:0061756),3,0,0.30029,0.5442,0.9441554404145076,False
Reactome_2022,Cargo Trafficking To Periciliary Membrane R-HSA-5620920,3,0,0.16495,0.5444,0.9441554404145076,False
GO_BP_2023,Positive Regulation Of Binding (GO:0051099),3,0,0.33867,0.54443,0.9336131578947368,False
GO_BP_2023,Negative Regulation Of Lipid Storage (GO:0010888),3,0,0.099593,0.54476,0.9090356792144026,False
GO_BP_2023,Histone Modification (GO:0016570),3,0,0.31618,0.54502,0.914765388951522,False
GO_BP_2023,Positive Regulation Of Coagulation (GO:0050820),3,0,0.12607,0.54521,0.9441554404145076,False
GO_BP_2023,Positive Regulation Of Hemostasis (GO:1900048),3,0,0.12607,0.54521,0.9441554404145076,False
GO_BP_2023,Monoatomic Cation Transport (GO:0006812),3,0,0.4517,0.54591,0.9393504765535644,False
Reactome_2022,Chemokine Receptors Bind Chemokines R-HSA-380108,3,0,0.10912,0.54617,0.9090356792144026,False
GO_BP_2023,Lysosomal Lumen Acidification (GO:0007042),3,0,0.39287,0.54636,0.9441554404145076,False
Reactome_2022,Phospholipase C-mediated Cascade; FGFR4 R-HSA-5654228,3,0,0.42391,0.54645,0.9381720173535792,False
GO_BP_2023,Regulation Of Immune Response (GO:0050776),3,0,0.41991,0.54684,0.9393504765535644,False
GO_BP_2023,Regulation Of Epithelial Cell Migration (GO:0010632),3,0,0.33064,0.54698,0.917809705561614,False
GO_BP_2023,L-serine Metabolic Process (GO:0006563),3,0,0.50387,0.54707,0.9454545718432512,False
Reactome_2022,Platelet Adhesion To Exposed Collagen R-HSA-75892,3,0,0.14744,0.54725,0.9476422213769494,False
GO_BP_2023,Multicellular Organismal-Level Iron Ion Homeostasis (GO:0060586),3,0,0.10548,0.54754,0.9090356792144026,False
GO_BP_2023,Striated Muscle Tissue Development (GO:0014706),3,0,0.47791,0.5478,0.9510283345892993,False
GO_BP_2023,Regulation Of ATP Biosynthetic Process (GO:2001169),3,0,0.10134,0.54784,0.9090356792144026,False
GO_BP_2023,Transepithelial Transport (GO:0070633),3,0,0.14301,0.54798,0.9441554404145076,False
GO_BP_2023,Retrotransposon Silencing (GO:0010526),3,0,0.28119,0.5483,0.9142010813887308,False
GO_BP_2023,Hematopoietic Progenitor Cell Differentiation (GO:0002244),3,0,0.044639,0.5484,0.8635484411764706,False
GO_BP_2023,Negative Regulation Of Biomineral Tissue Development (GO:0070168),3,0,0.24603,0.54844,0.9142010813887308,False
GO_BP_2023,Negative Regulation Of Fatty Acid Biosynthetic Process (GO:0045717),3,0,0.49021,0.54866,0.9409529977794228,False
GO_BP_2023,Positive Regulation Of Carbohydrate Metabolic Process (GO:0045913),3,0,0.41861,0.54878,0.9529937644341802,False
Reactome_2022,Cap-dependent Translation Initiation R-HSA-72737,3,0,0.21704,0.54895,0.9441554404145076,False
Reactome_2022,Reactions Specific To Complex N-glycan Synthesis Pathway R-HSA-975578,3,0,0.35374,0.54934,0.922255873493976,False
GO_BP_2023,Regulation Of Fatty Acid Biosynthetic Process (GO:0042304),3,0,0.21405,0.54936,0.9142010813887308,False
GO_BP_2023,Regulation Of Cell Size (GO:0008361),3,0,0.33533,0.54936,0.9216143088552916,False
GO_BP_2023,Negative Regulation Of Pathway-Restricted SMAD Protein Phosphorylation (GO:0060394),3,0,0.24781,0.54954,0.9142010813887308,False
GO_BP_2023,Positive Regulation Of Epithelial Cell Migration (GO:0010634),3,0,0.43642,0.54958,0.9393504765535644,False
GO_BP_2023,Immune Response-Activating Cell Surface Receptor Signaling Pathway (GO:0002429),3,0,0.44288,0.54961,0.9393504765535644,False
GO_BP_2023,Regulation Of I-kappaB kinase/NF-kappaB Signaling (GO:0043122),3,0,0.44085,0.54975,0.9393504765535644,False
Reactome_2022,Apoptotic Factor-Mediated Response R-HSA-111471,3,0,0.24524,0.55008,0.9441554404145076,False
Reactome_2022,Factors Involved In Megakaryocyte Development And Platelet Production R-HSA-983231,3,0,0.40015,0.55019,0.9336131578947368,False
GO_BP_2023,Cellular Response To Hydrogen Peroxide (GO:0070301),3,0,0.28058,0.55031,0.9142010813887308,False
GO_BP_2023,Odontogenesis Of Dentin-Containing Tooth (GO:0042475),3,0,0.47656,0.55036,0.9476422213769494,False
Reactome_2022,Sensory Processing Of Sound By Inner Hair Cells Of Cochlea R-HSA-9662360,3,0,0.43986,0.55038,0.9467273592715232,False
Reactome_2022,Signaling By NTRK3 (TRKC) R-HSA-9034015,3,0,0.27672,0.55052,0.9142010813887308,False
GO_BP_2023,Acylglycerol Metabolic Process (GO:0006639),3,0,0.2827,0.55097,0.9142010813887308,False
Reactome_2022,Carboxyterminal Post-Translational Modifications Of Tubulin R-HSA-8955332,3,0,0.11751,0.55116,0.9109985401459854,False
Reactome_2022,Signaling By FGFR4 R-HSA-5654743,3,0,0.34765,0.55121,0.922255873493976,False
GO_BP_2023,Regulation Of Phosphatase Activity (GO:0010921),3,0,0.038557,0.55135,0.8635484411764706,False
GO_BP_2023,Positive Regulation Of Lamellipodium Organization (GO:1902745),3,0,0.24977,0.55143,0.9142010813887308,False
GO_BP_2023,Regulation Of Cellular Localization (GO:0060341),3,0,0.35295,0.55153,0.9441554404145076,False
Reactome_2022,Regulation Of NF-kappa B Signaling R-HSA-9758274,3,0,0.19105,0.55155,0.9441554404145076,False
GO_BP_2023,Nucleocytoplasmic Transport (GO:0006913),3,0,0.32657,0.55231,0.9172943219404628,False
GO_BP_2023,Mesoderm Development (GO:0007498),3,0,0.32551,0.5524,0.9292556785370548,False
GO_BP_2023,Antifungal Innate Immune Response (GO:0061760),3,0,0.42767,0.55249,0.9529937644341802,False
Reactome_2022,Retrograde Transport At Trans-Golgi-Network R-HSA-6811440,3,0,0.30469,0.55257,0.9142010813887308,False
GO_BP_2023,Regulation Of Tumor Necrosis Factor-Mediated Signaling Pathway (GO:0010803),3,0,0.52148,0.55276,0.9529937644341802,False
GO_BP_2023,Late Endosome To Vacuole Transport (GO:0045324),3,0,0.2428,0.55279,0.9142010813887308,False
Reactome_2022,IRAK4 Deficiency (TLR2/4) R-HSA-5603041,3,0,0.33604,0.55283,0.9441554404145076,False
Reactome_2022,Formation Of Apoptosome R-HSA-111458,3,0,0.28842,0.55293,0.9441554404145076,False
Reactome_2022,M Phase R-HSA-68886,3,0,0.29903,0.55313,0.9441554404145076,False
GO_BP_2023,Negative Regulation Of Response To Cytokine Stimulus (GO:0060761),3,0,0.17885,0.55327,0.9142010813887308,False
Reactome_2022,Diseases Associated With O-glycosylation Of Proteins R-HSA-3906995,3,0,0.3947,0.55352,0.9336131578947368,False
Reactome_2022,Caspase Activation Via Death Receptors In Presence Of Ligand R-HSA-140534,3,0,0.30682,0.55372,0.9529937644341802,False
Reactome_2022,Estrogen-dependent Nuclear Events Downstream Of ESR-membrane Signaling R-HSA-9634638,3,0,0.28072,0.55419,0.922255873493976,False
GO_BP_2023,Negative Regulation Of Hippo Signaling (GO:0035331),3,0,0.50435,0.55499,0.9529937644341802,False
Reactome_2022,PI-3K cascade:FGFR4 R-HSA-5654720,3,0,0.20379,0.55542,0.9142010813887308,False
GO_BP_2023,Melanocyte Differentiation (GO:0030318),3,0,0.3543,0.55544,0.9467273592715232,False
Reactome_2022,SARS-CoV-2-host Interactions R-HSA-9705683,3,0,0.40502,0.55555,0.9529937644341802,False
Reactome_2022,Trafficking And Processing Of Endosomal TLR R-HSA-1679131,3,0,0.34569,0.55631,0.9529937644341802,False
GO_BP_2023,Regulation Of Interleukin-10 Production (GO:0032653),3,0,0.33505,0.55678,0.9441554404145076,False
GO_BP_2023,Nucleoside Phosphate Catabolic Process (GO:1901292),3,0,0.35089,0.55694,0.922255873493976,False
Reactome_2022,Nef Mediated Downregulation Of MHC Class I Complex Cell Surface Expression R-HSA-164940,3,0,0.45185,0.5571,0.9393504765535644,False
GO_BP_2023,Endothelial Cell Proliferation (GO:0001935),3,0,0.027684,0.55728,0.8635484411764706,False
GO_BP_2023,Positive Regulation Of Peptidase Activity (GO:0010952),3,0,0.49263,0.55739,0.948727468785471,False
GO_BP_2023,Regulation Of T Cell Differentiation (GO:0045580),3,0,0.34036,0.55742,0.9441554404145076,False
GO_BP_2023,Pyrimidine Deoxyribonucleotide Catabolic Process (GO:0009223),3,0,0.29069,0.55766,0.9441554404145076,False
GO_BP_2023,Keratinocyte Differentiation (GO:0030216),3,0,0.29077,0.55772,0.9441554404145076,False
GO_BP_2023,Regulation Of Cell Cycle G1/S Phase Transition (GO:1902806),3,0,0.36728,0.55836,0.9262044827586208,False
GO_BP_2023,Exit From Mitosis (GO:0010458),3,0,0.40821,0.55858,0.9529937644341802,False
GO_BP_2023,Positive Regulation Of Viral Process (GO:0048524),3,0,0.32769,0.55924,0.922255873493976,False
GO_BP_2023,Negative Regulation Of Blood Coagulation (GO:0030195),3,0,0.30244,0.55941,0.9467273592715232,False
GO_BP_2023,tRNA Modification (GO:0006400),3,0,0.27281,0.55958,0.9441554404145076,False
GO_BP_2023,Antibacterial Humoral Response (GO:0019731),3,0,0.14617,0.55997,0.9142010813887308,False
GO_BP_2023,Endocrine System Development (GO:0035270),3,0,0.32868,0.56028,0.9441554404145076,False
GO_BP_2023,Positive Regulation Of Endothelial Cell Proliferation (GO:0001938),3,0,0.41172,0.56028,0.9348970419426048,False
GO_BP_2023,Negative Regulation Of Transferase Activity (GO:0051348),3,0,0.26267,0.56037,0.9142010813887308,False
GO_BP_2023,Regulation Of Muscle Cell Differentiation (GO:0051147),3,0,0.50764,0.56053,0.9454545718432512,False
GO_BP_2023,Central Nervous System Development (GO:0007417),3,0,0.45697,0.561,0.9476422213769494,False
GO_BP_2023,Negative Regulation Of Cell Motility (GO:2000146),3,0,0.091892,0.56143,0.94165,False
GO_BP_2023,Negative Regulation Of Ossification (GO:0030279),3,0,0.02202,0.56176,0.8503912258064517,False
Hallmark_2020,Apical Surface,3,0,0.19049,0.56232,0.9441554404145076,False
GO_BP_2023,Positive Regulation Of Leukocyte Adhesion To Vascular Endothelial Cell (GO:1904996),3,0,0.45218,0.5624,0.9475166529942576,False
GO_BP_2023,Regulation Of Type II Interferon Production (GO:0032649),3,0,0.47754,0.56245,0.9393504765535644,False
Reactome_2022,MET Activates RAP1 And RAC1 R-HSA-8875555,3,0,0.13344,0.56261,0.9142010813887308,False
GO_BP_2023,Phasic Smooth Muscle Contraction (GO:0014821),3,0,0.43697,0.56269,0.9393504765535644,False
GO_BP_2023,Immunoglobulin Mediated Immune Response (GO:0016064),3,0,0.25749,0.56302,0.9441554404145076,False
Reactome_2022,COPI-independent Golgi-to-ER Retrograde Traffic R-HSA-6811436,3,0,0.073804,0.56305,0.901282291169451,False
GO_BP_2023,Regulation Of Defense Response To Virus By Host (GO:0050691),3,0,0.50968,0.56335,0.9454545718432512,False
GO_BP_2023,DNA Catabolic Process (GO:0006308),3,0,0.1633,0.56348,0.9142010813887308,False
Reactome_2022,Ribosomal Scanning And Start Codon Recognition R-HSA-72702,3,0,0.15222,0.5635,0.9441554404145076,False
GO_BP_2023,Regulation Of Oligodendrocyte Differentiation (GO:0048713),3,0,0.47724,0.5635,0.9393504765535644,False
Reactome_2022,Signaling By NTRKs R-HSA-166520,3,0,0.49442,0.56368,0.9493013202565068,False
GO_BP_2023,Synaptic Vesicle Endocytosis (GO:0048488),3,0,0.27647,0.56386,0.9441554404145076,False
GO_BP_2023,tRNA Methylation (GO:0030488),3,0,0.50941,0.56389,0.9454545718432512,False
GO_BP_2023,Mitotic DNA Replication (GO:1902969),3,0,0.22454,0.56398,0.9142010813887308,False
GO_BP_2023,Regulation Of Interleukin-12 Production (GO:0032655),3,0,0.24717,0.56414,0.9142010813887308,False
GO_BP_2023,DNA Conformation Change (GO:0071103),3,0,0.1827,0.56417,0.9441554404145076,False
Reactome_2022,O-linked Glycosylation Of Mucins R-HSA-913709,3,0,0.13752,0.56441,0.9441554404145076,False
GO_BP_2023,Autonomic Nervous System Development (GO:0048483),3,0,0.28377,0.56449,0.9441554404145076,False
GO_BP_2023,Steroid Catabolic Process (GO:0006706),3,0,0.12783,0.56455,0.9441554404145076,False
Reactome_2022,Synthesis Of Substrates In N-glycan Biosythesis R-HSA-446219,3,0,0.26388,0.5646,0.9142010813887308,False
GO_BP_2023,Cellular Response To Steroid Hormone Stimulus (GO:0071383),3,0,0.32418,0.56463,0.916709,False
GO_BP_2023,Digestive Tract Morphogenesis (GO:0048546),3,0,0.484,0.56463,0.9467693583273252,False
Reactome_2022,CDK-mediated Phosphorylation And Removal Of Cdc6 R-HSA-69017,3,0,0.4352,0.56531,0.9467273592715232,False
GO_BP_2023,Regulation Of Fibroblast Proliferation (GO:0048145),3,0,0.48288,0.56546,0.9476422213769494,False
GO_BP_2023,Mitochondrial Respiratory Chain Complex III Assembly (GO:0034551),3,0,0.14016,0.56555,0.9142010813887308,False
GO_BP_2023,Respiratory Chain Complex III Assembly (GO:0017062),3,0,0.14016,0.56555,0.9142010813887308,False
GO_BP_2023,Regulation Of Protein Polymerization (GO:0032271),3,0,0.21605,0.5657,0.9441554404145076,False
GO_BP_2023,Adult Locomotory Behavior (GO:0008344),3,0,0.42637,0.56615,0.9385924805531548,False
GO_BP_2023,Cellular Response To Interferon-Beta (GO:0035458),3,0,0.05187,0.56621,0.8874128476821191,False
GO_BP_2023,Regulation Of DNA Damage Checkpoint (GO:2000001),3,0,0.56106,0.56672,0.9529937644341802,False
GO_BP_2023,DNA Damage Response (GO:0006974),3,0,0.40131,0.56673,0.9441554404145076,False
Reactome_2022,Separation Of Sister Chromatids R-HSA-2467813,3,0,0.4692,0.56681,0.9393504765535644,False
Reactome_2022,"mRNA Activation Upon Binding Of Cap-Binding Complex And eIFs, Subsequent Binding To 43S R-HSA-72662",3,0,0.19234,0.56693,0.9441554404145076,False
GO_BP_2023,Vacuolar Transport (GO:0007034),3,0,0.39831,0.56697,0.9336131578947368,False
GO_BP_2023,"Retrograde Vesicle-Mediated Transport, Golgi To Endoplasmic Reticulum (GO:0006890)",3,0,0.21786,0.56698,0.9142010813887308,False
GO_BP_2023,"Regulation Of Synaptic Transmission, Glutamatergic (GO:0051966)",3,0,0.47506,0.56704,0.9529937644341802,False
GO_BP_2023,Regulation Of Trophoblast Cell Migration (GO:1901163),3,0,0.41731,0.56706,0.9349526315789474,False
Hallmark_2020,Oxidative Phosphorylation,3,0,0.37033,0.56748,0.9441554404145076,False
GO_BP_2023,Positive Regulation Of Endothelial Cell Apoptotic Process (GO:2000353),3,0,0.39347,0.56765,0.9336131578947368,False
GO_BP_2023,Regulation Of Cardiac Muscle Cell Action Potential (GO:0098901),3,0,0.55401,0.5677,0.9529937644341802,False
Reactome_2022,"Formation Of Ternary Complex, And Subsequently, 43S Complex R-HSA-72695",3,0,0.23712,0.56798,0.9441554404145076,False
GO_BP_2023,Regulation Of Potassium Ion Transmembrane Transport (GO:1901379),3,0,0.35477,0.56805,0.922255873493976,False
GO_BP_2023,Cellular Response To BMP Stimulus (GO:0071773),3,0,0.23467,0.56821,0.9142010813887308,False
GO_BP_2023,Regulation Of Single Stranded Viral RNA Replication Via Double Stranded DNA Intermediate (GO:0045091),3,0,0.51594,0.56839,0.9529937644341802,False
Reactome_2022,Intrinsic Pathway Of Fibrin Clot Formation R-HSA-140837,3,0,0.3285,0.56862,0.9393504765535644,False
GO_BP_2023,Negative Regulation Of Cellular Metabolic Process (GO:0031324),3,0,0.29086,0.56892,0.9478996096522356,False
GO_BP_2023,Negative Regulation Of mRNA Processing (GO:0050686),3,0,0.44583,0.56908,0.9467273592715232,False
GO_BP_2023,Histone Monoubiquitination (GO:0010390),3,0,0.31535,0.56928,0.9467273592715232,False
GO_BP_2023,Quaternary Ammonium Group Transport (GO:0015697),3,0,0.23661,0.5693,0.9475166529942576,False
GO_BP_2023,Innate Immune Response-Activating Signaling Pathway (GO:0002758),3,0,0.45944,0.56935,0.9393504765535644,False
GO_BP_2023,Telomere Organization (GO:0032200),3,0,0.14931,0.56942,0.9142010813887308,False
GO_BP_2023,Positive Regulation Of Supramolecular Fiber Organization (GO:1902905),3,0,0.27657,0.56975,0.9441554404145076,False
GO_BP_2023,Intracellular Glucose Homeostasis (GO:0001678),3,0,0.13075,0.57001,0.9142010813887308,False
GO_BP_2023,Regulation Of calcineurin-NFAT Signaling Cascade (GO:0070884),3,0,0.35718,0.57014,0.9476422213769494,False
Reactome_2022,Purine Catabolism R-HSA-74259,3,0,0.51042,0.57015,0.9529937644341802,False
GO_BP_2023,Negative Regulation Of Steroid Biosynthetic Process (GO:0010894),3,0,0.38975,0.57017,0.9441554404145076,False
Reactome_2022,TP53 Regulates Transcription Of Genes Involved In G2 Cell Cycle Arrest R-HSA-6804114,3,0,0.18609,0.57022,0.9142010813887308,False
GO_BP_2023,Positive Regulation Of Cell Morphogenesis Involved In Differentiation (GO:0010770),3,0,0.49456,0.57045,0.9409529977794228,False
Reactome_2022,PERK Regulates Gene Expression R-HSA-381042,3,0,0.4522,0.5707,0.9533020999045498,False
Reactome_2022,"Transport Of Bile Salts And Organic Acids, Metal Ions And Amine Compounds R-HSA-425366",3,0,0.46416,0.57082,0.9393504765535644,False
GO_BP_2023,Negative Regulation Of Macroautophagy (GO:0016242),3,0,0.36186,0.5711,0.9505442906574394,False
GO_BP_2023,Purine Nucleoside Bisphosphate Metabolic Process (GO:0034032),3,0,0.52824,0.57112,0.9505385600553824,False
GO_BP_2023,Ribonucleoside Bisphosphate Metabolic Process (GO:0033875),3,0,0.52824,0.57112,0.9505385600553824,False
Reactome_2022,Deactivation Of Beta-Catenin Transactivating Complex R-HSA-3769402,3,0,0.25793,0.57152,0.9393504765535644,False
GO_BP_2023,Positive Regulation Of Neuron Projection Development (GO:0010976),3,0,0.41116,0.57212,0.9454545718432512,False
GO_BP_2023,"Phagocytosis, Engulfment (GO:0006911)",3,0,0.34734,0.57216,0.9476422213769494,False
Reactome_2022,ECM Proteoglycans R-HSA-3000178,3,0,0.15768,0.57223,0.9142010813887308,False
Reactome_2022,G2/M Checkpoints R-HSA-69481,3,0,0.24624,0.57226,0.9142010813887308,False
Reactome_2022,Regulation Of Innate Immune Responses To Cytosolic DNA R-HSA-3134975,3,0,0.40034,0.57243,0.9336131578947368,False
GO_BP_2023,Positive Regulation Of Immune Effector Process (GO:0002699),3,0,0.24695,0.57254,0.9441554404145076,False
GO_BP_2023,"Retrograde Transport, Endosome To Golgi (GO:0042147)",3,0,0.34708,0.57257,0.9533020999045498,False
GO_BP_2023,Regulation Of Mitotic Sister Chromatid Separation (GO:0010965),3,0,0.43066,0.57268,0.9454545718432512,False
Reactome_2022,Erythropoietin Activates RAS R-HSA-9027284,3,0,0.068371,0.57278,0.8848690726817042,False
GO_BP_2023,Positive Regulation Of Response To Endoplasmic Reticulum Stress (GO:1905898),3,0,0.27048,0.57288,0.9142010813887308,False
GO_BP_2023,Cortical Cytoskeleton Organization (GO:0030865),3,0,0.29266,0.57317,0.9441554404145076,False
GO_BP_2023,Negative Regulation Of Organelle Assembly (GO:1902116),3,0,0.25223,0.57332,0.9142010813887308,False
GO_BP_2023,Positive Regulation Of Type II Interferon Production (GO:0032729),3,0,0.53762,0.57362,0.9533020999045498,False
Reactome_2022,Chromosome Maintenance R-HSA-73886,3,0,0.065737,0.57374,0.8848690726817042,False
GO_BP_2023,Positive Regulation Of SMAD Protein Signal Transduction (GO:0060391),3,0,0.087223,0.57401,0.9046810444874276,False
Reactome_2022,DNA Repair R-HSA-73894,3,0,0.35228,0.57402,0.922255873493976,False
GO_BP_2023,Positive Regulation Of Interleukin-12 Production (GO:0032735),3,0,0.14629,0.57409,0.9142010813887308,False
Reactome_2022,Inositol Phosphate Metabolism R-HSA-1483249,3,0,0.41538,0.57466,0.9348970419426048,False
GO_BP_2023,TOR Signaling (GO:0031929),3,0,0.38228,0.57605,0.9318596650717704,False
Reactome_2022,HDR Thru Homologous Recombination (HRR) Or Single Strand Annealing (SSA) R-HSA-5693567,3,0,0.26834,0.57631,0.9142010813887308,False
GO_BP_2023,Cellular Response To Fibroblast Growth Factor Stimulus (GO:0044344),3,0,0.46802,0.57657,0.9484488821523304,False
GO_BP_2023,Regulation Of Leukocyte Tethering Or Rolling (GO:1903236),3,0,0.39381,0.57698,0.9441554404145076,False
Reactome_2022,Metal Ion SLC Transporters R-HSA-425410,3,0,0.44106,0.5774,0.9528340308747856,False
Reactome_2022,Activation Of PPARGC1A (PGC-1alpha) By Phosphorylation R-HSA-2151209,3,0,0.073017,0.57743,0.901282291169451,False
GO_BP_2023,Icosanoid Transport (GO:0071715),3,0,0.29262,0.57755,0.9441554404145076,False
GO_BP_2023,Peptide Biosynthetic Process (GO:0043043),3,0,0.24293,0.57758,0.9441554404145076,False
Reactome_2022,CASP8 Activity Is Inhibited R-HSA-5218900,3,0,0.25759,0.57762,0.9533020999045498,False
Reactome_2022,Dimerization Of Procaspase-8 R-HSA-69416,3,0,0.25759,0.57762,0.9533020999045498,False
Reactome_2022,Synthesis Of PC R-HSA-1483191,3,0,0.38654,0.57764,0.932385674025364,False
Reactome_2022,Assembly Of Pre-Replicative Complex R-HSA-68867,3,0,0.45075,0.57775,0.9476422213769494,False
GO_BP_2023,Regulation Of Protein Kinase Activity (GO:0045859),3,0,0.51401,0.57777,0.9467693583273252,False
GO_BP_2023,Regulation Of Nitric-Oxide Synthase Biosynthetic Process (GO:0051769),3,0,0.47513,0.57785,0.9393504765535644,False
Reactome_2022,LGI-ADAM Interactions R-HSA-5682910,3,0,0.48448,0.5779,0.9476422213769494,False
Reactome_2022,eNOS Activation R-HSA-203615,3,0,0.31414,0.57803,0.9142010813887308,False
GO_BP_2023,Positive Regulation Of Vasculature Development (GO:1904018),3,0,0.39462,0.57807,0.9476422213769494,False
Reactome_2022,Miscellaneous Substrates R-HSA-211958,3,0,0.28093,0.5782,0.9478996096522356,False
GO_BP_2023,RNA Biosynthetic Process (GO:0032774),3,0,0.31827,0.57872,0.922255873493976,False
GO_BP_2023,Positive Regulation Of JNK Cascade (GO:0046330),3,0,0.45823,0.5788,0.9533020999045498,False
GO_BP_2023,Defense Response To Symbiont (GO:0140546),3,0,0.37654,0.57884,0.9441554404145076,False
GO_BP_2023,N-acetylglucosamine Metabolic Process (GO:0006044),3,0,0.23012,0.57915,0.9441554404145076,False
GO_BP_2023,Detection Of Chemical Stimulus Involved In Sensory Perception Of Taste (GO:0050912),3,0,0.14577,0.57918,0.9225998824911869,False
Reactome_2022,NOTCH2 Intracellular Domain Regulates Transcription R-HSA-2197563,3,0,0.3967,0.57938,0.9441554404145076,False
Reactome_2022,Striated Muscle Contraction R-HSA-390522,3,0,0.16129,0.5796,0.9142010813887308,False
GO_BP_2023,Regulation Of Centriole Replication (GO:0046599),3,0,0.41127,0.57966,0.9393504765535644,False
GO_BP_2023,Brain Development (GO:0007420),3,0,0.42422,0.5797,0.9393504765535644,False
GO_BP_2023,Ribosome Assembly (GO:0042255),3,0,0.21486,0.58017,0.9441554404145076,False
GO_BP_2023,Positive Regulation Of Response To Biotic Stimulus (GO:0002833),3,0,0.20063,0.58022,0.9142010813887308,False
GO_BP_2023,Regulation Of Mast Cell Degranulation (GO:0043304),3,0,0.17062,0.58059,0.9441554404145076,False
GO_BP_2023,Positive Regulation Of Myeloid Leukocyte Differentiation (GO:0002763),3,0,0.051639,0.58061,0.8874128476821191,False
GO_BP_2023,"Positive Regulation Of DNA Damage Response, Signal Transduction By P53 Class Mediator (GO:0043517)",3,0,0.49944,0.58065,0.9528594382022472,False
GO_BP_2023,Nitric Oxide Metabolic Process (GO:0046209),3,0,0.2849,0.58109,0.9475166529942576,False
Reactome_2022,Acyl Chain Remodelling Of PS R-HSA-1482801,3,0,0.53088,0.58109,0.9529937644341802,False
Reactome_2022,P2Y Receptors R-HSA-417957,3,0,0.42254,0.58123,0.9533020999045498,False
Reactome_2022,Transcriptional Regulation By TP53 R-HSA-3700989,3,0,0.22373,0.58163,0.9142010813887308,False
Reactome_2022,Gap Junction Trafficking R-HSA-190828,3,0,0.20698,0.58186,0.9441554404145076,False
GO_BP_2023,Glutamine Family Amino Acid Catabolic Process (GO:0009065),3,0,0.20076,0.58192,0.9476422213769494,False
GO_BP_2023,Positive Regulation Of Cell Projection Organization (GO:0031346),3,0,0.40045,0.58195,0.9454545718432512,False
GO_BP_2023,Regulation Of Macrophage Differentiation (GO:0045649),3,0,0.12638,0.58217,0.9441554404145076,False
GO_BP_2023,Regulation Of Sensory Perception (GO:0051931),3,0,0.22726,0.58224,0.9441554404145076,False
GO_BP_2023,Positive Regulation Of Transcription From RNA Polymerase II Promoter In Response To Stress (GO:0036003),3,0,0.33701,0.58238,0.922255873493976,False
Reactome_2022,Postmitotic Nuclear Pore Complex (NPC) Reformation R-HSA-9615933,3,0,0.2879,0.58265,0.9142010813887308,False
GO_BP_2023,Establishment Of Mitotic Spindle Orientation (GO:0000132),3,0,0.26567,0.58283,0.9441554404145076,False
Reactome_2022,Cellular Response To Starvation R-HSA-9711097,3,0,0.48711,0.58283,0.9508534506556244,False
GO_BP_2023,Synaptonemal Complex Assembly (GO:0007130),3,0,0.47729,0.58297,0.9476422213769494,False
GO_BP_2023,Synaptonemal Complex Organization (GO:0070193),3,0,0.47729,0.58297,0.9476422213769494,False
GO_BP_2023,Icosanoid Metabolic Process (GO:0006690),3,0,0.24203,0.58354,0.9441554404145076,False
GO_BP_2023,Regulation Of Reactive Oxygen Species Metabolic Process (GO:2000377),3,0,0.34552,0.58358,0.922255873493976,False
Reactome_2022,Signaling By NTRK1 (TRKA) R-HSA-187037,3,0,0.47062,0.58366,0.9395154838709678,False
GO_BP_2023,Monoacylglycerol Metabolic Process (GO:0046462),3,0,0.5428,0.5837,0.9529937644341802,False
GO_BP_2023,Regulation Of Interleukin-5 Production (GO:0032674),3,0,0.06456,0.58373,0.918919315068493,False
GO_BP_2023,Cellular Response To Hexose Stimulus (GO:0071331),3,0,0.18904,0.58389,0.9142010813887308,False
GO_BP_2023,Membrane Repolarization During Action Potential (GO:0086011),3,0,0.38802,0.58401,0.9467273592715232,False
GO_BP_2023,Cilium Organization (GO:0044782),3,0,0.42965,0.58403,0.9393504765535644,False
GO_BP_2023,Positive Regulation Of Neuron Death (GO:1901216),3,0,0.31413,0.58432,0.9441554404145076,False
GO_BP_2023,Modulation By Host Of Viral Genome Replication (GO:0044827),3,0,0.19066,0.58433,0.9441554404145076,False
Reactome_2022,Cristae Formation R-HSA-8949613,3,0,0.34523,0.58472,0.9441554404145076,False
Reactome_2022,DARPP-32 Events R-HSA-180024,3,0,0.54674,0.58485,0.9533020999045498,False
GO_BP_2023,"DNA Damage Response, Signal Transduction By P53 Class Mediator (GO:0030330)",3,0,0.25121,0.58496,0.9441554404145076,False
Reactome_2022,Insulin Receptor Recycling R-HSA-77387,3,0,0.55739,0.58512,0.9533020999045498,False
Reactome_2022,Cilium Assembly R-HSA-5617833,3,0,0.18029,0.58538,0.9441554404145076,False
GO_BP_2023,Cellular Response To Alcohol (GO:0097306),3,0,0.54038,0.58551,0.9508534506556244,False
GO_BP_2023,"Negative Regulation Of DNA Damage Response, Signal Transduction By P53 Class Mediator (GO:0043518)",3,0,0.45147,0.58562,0.9393504765535644,False
GO_BP_2023,Protein Maturation (GO:0051604),3,0,0.35335,0.58568,0.922255873493976,False
Reactome_2022,TICAM1-dependent Activation Of IRF3/IRF7 R-HSA-9013973,3,0,0.47167,0.58576,0.9476422213769494,False
Reactome_2022,Reduction Of Cytosolic Ca++ Levels R-HSA-418359,3,0,0.43842,0.58585,0.9393504765535644,False
GO_BP_2023,Positive Regulation Of Myoblast Differentiation (GO:0045663),3,0,0.2783,0.5865,0.9142010813887308,False
Reactome_2022,Toll Like Receptor 4 (TLR4) Cascade R-HSA-166016,3,0,0.45116,0.58676,0.9475166529942576,False
GO_BP_2023,Endoplasmic Reticulum To Cytosol Transport (GO:1903513),3,0,0.20869,0.58694,0.9142010813887308,False
GO_BP_2023,Cellular Response To Heat (GO:0034605),3,0,0.099064,0.58716,0.93584792746114,False
GO_BP_2023,Negative Regulation Of Interleukin-10 Production (GO:0032693),3,0,0.14814,0.58729,0.9441554404145076,False
GO_BP_2023,Detection Of Bacterium (GO:0016045),3,0,0.52889,0.58744,0.9505385600553824,False
GO_BP_2023,T-helper Cell Lineage Commitment (GO:0002295),3,0,0.35906,0.58748,0.9475166529942576,False
GO_BP_2023,Positive Regulation Of Protein Phosphorylation (GO:0001934),3,0,0.45296,0.58748,0.9476422213769494,False
GO_BP_2023,Monocarboxylic Acid Transport (GO:0015718),3,0,0.42375,0.58758,0.9441554404145076,False
Reactome_2022,Resolution Of D-loop Structures Thru Synthesis-Dependent Strand Annealing (SDSA) R-HSA-5693554,3,0,0.11883,0.58776,0.9109985401459854,False
Reactome_2022,RAF/MAP Kinase Cascade R-HSA-5673001,3,0,0.37628,0.58802,0.9476422213769494,False
Reactome_2022,Other Interleukin Signaling R-HSA-449836,3,0,0.18801,0.58823,0.9441554404145076,False
GO_BP_2023,Embryonic Limb Morphogenesis (GO:0030326),3,0,0.46574,0.58842,0.9533020999045498,False
Reactome_2022,Telomere Maintenance R-HSA-157579,3,0,0.34474,0.58855,0.922255873493976,False
GO_BP_2023,mRNA Polyadenylation (GO:0006378),3,0,0.40312,0.58865,0.9467273592715232,False
Reactome_2022,Na+/Cl- Dependent Neurotransmitter Transporters R-HSA-442660,3,0,0.3134,0.58942,0.9441554404145076,False
Reactome_2022,"Platelet Activation, Signaling And Aggregation R-HSA-76002",3,0,0.45203,0.5896,0.9393504765535644,False
GO_BP_2023,Fatty Acid Derivative Biosynthetic Process (GO:1901570),3,0,0.18983,0.58997,0.9441554404145076,False
Reactome_2022,HSF1 Activation R-HSA-3371511,3,0,0.33384,0.59004,0.9441554404145076,False
Reactome_2022,TP53 Regulates Transcription Of Genes Involved In Cytochrome C Release R-HSA-6803204,3,0,0.5276,0.5905,0.9505385600553824,False
Reactome_2022,CREB1 Phosphorylation Thru NMDA Receptor-Mediated Activation Of RAS Signaling R-HSA-442742,3,0,0.1883,0.59062,0.9441554404145076,False
GO_BP_2023,Negative Regulation Of Protein Polymerization (GO:0032272),3,0,0.53632,0.59096,0.953328006329114,False
GO_BP_2023,Cardiolipin Metabolic Process (GO:0032048),3,0,0.54134,0.59104,0.9533020999045498,False
GO_BP_2023,Positive Regulation Of Small GTPase Mediated Signal Transduction (GO:0051057),3,0,0.50427,0.59149,0.953328006329114,False
Reactome_2022,"Synthesis, Secretion, And Inactivation Of Glucagon-like Peptide-1 (GLP-1) R-HSA-381771",3,0,0.55393,0.59162,0.9529937644341802,False
GO_BP_2023,Regulation Of Defense Response (GO:0031347),3,0,0.27341,0.59166,0.9441554404145076,False
GO_BP_2023,Epidermis Development (GO:0008544),3,0,0.49454,0.59172,0.953328006329114,False
Reactome_2022,Diseases Associated With Glycosaminoglycan Metabolism R-HSA-3560782,3,0,0.25719,0.59207,0.9142010813887308,False
Reactome_2022,"FOXO-mediated Transcription Of Oxidative Stress, Metabolic And Neuronal Genes R-HSA-9615017",3,0,0.37894,0.59213,0.9533020999045498,False
GO_BP_2023,Folic Acid Metabolic Process (GO:0046655),3,0,0.43309,0.59246,0.9393504765535644,False
GO_BP_2023,N-terminal Protein Amino Acid Modification (GO:0031365),3,0,0.51297,0.59251,0.9505385600553824,False
GO_BP_2023,Regulation Of Neuron Apoptotic Process (GO:0043523),3,0,0.26844,0.59316,0.9142010813887308,False
Reactome_2022,SUMOylation Of DNA Replication Proteins R-HSA-4615885,3,0,0.26839,0.59327,0.9142010813887308,False
GO_BP_2023,Stress-Activated Protein Kinase Signaling Cascade (GO:0031098),3,0,0.31693,0.59332,0.914765388951522,False
Reactome_2022,MyD88:MAL(TIRAP) Cascade Initiated On Plasma Membrane R-HSA-166058,3,0,0.47403,0.59336,0.9476422213769494,False
GO_BP_2023,Regulation Of Cholesterol Efflux (GO:0010874),3,0,0.13457,0.59377,0.9142010813887308,False
Reactome_2022,SHC1 Events In ERBB4 Signaling R-HSA-1250347,3,0,0.26823,0.59418,0.9142010813887308,False
GO_BP_2023,Defense Response To Protozoan (GO:0042832),3,0,0.34805,0.5942,0.9441554404145076,False
Reactome_2022,Selenoamino Acid Metabolism R-HSA-2408522,3,0,0.1545,0.5945,0.9441554404145076,False
Reactome_2022,Signaling By BMP R-HSA-201451,3,0,0.24962,0.59486,0.9142010813887308,False
Reactome_2022,Sensory Perception Of Taste R-HSA-9717189,3,0,0.25392,0.59509,0.9142010813887308,False
GO_BP_2023,Regulation Of Nitric-Oxide Synthase Activity (GO:0050999),3,0,0.27638,0.59511,0.9336131578947368,False
GO_BP_2023,Regulation Of Protein Sumoylation (GO:0033233),3,0,0.53505,0.59514,0.9505385600553824,False
Reactome_2022,Gap Junction Trafficking And Regulation R-HSA-157858,3,0,0.18935,0.59522,0.9441554404145076,False
Reactome_2022,Sema4D Induced Cell Migration And Growth-Cone Collapse R-HSA-416572,3,0,0.29042,0.59528,0.9142010813887308,False
GO_BP_2023,Protein Secretion (GO:0009306),3,0,0.45941,0.59553,0.9540388679245284,False
Reactome_2022,"Synthesis, Secretion, And Inactivation Of Glucose-dependent Insulinotropic Polypeptide (GIP) R-HSA-400511",3,0,0.39666,0.59564,0.9336131578947368,False
GO_BP_2023,NIK/NF-kappaB Signaling (GO:0038061),3,0,0.29001,0.59567,0.922255873493976,False
GO_BP_2023,Adenine Nucleotide Transport (GO:0051503),3,0,0.41634,0.59596,0.9540388679245284,False
GO_BP_2023,Purine Ribonucleotide Transport (GO:0015868),3,0,0.41634,0.59596,0.9540388679245284,False
GO_BP_2023,Vesicle-Mediated Transport In Synapse (GO:0099003),3,0,0.56141,0.59639,0.9529937644341802,False
GO_BP_2023,Aspartate Family Amino Acid Metabolic Process (GO:0009066),3,0,0.56025,0.59648,0.9533020999045498,False
GO_BP_2023,Positive Regulation Of Cell Development (GO:0010720),3,0,0.56371,0.59691,0.9541864256075874,False
Reactome_2022,Late Phase Of HIV Life Cycle R-HSA-162599,3,0,0.14382,0.59709,0.9142010813887308,False
GO_BP_2023,NAD Metabolic Process (GO:0019674),3,0,0.38873,0.59711,0.9467273592715232,False
GO_BP_2023,Oxygen Transport (GO:0015671),3,0,0.35629,0.59736,0.922255873493976,False
GO_BP_2023,Long-Chain fatty-acyl-CoA Biosynthetic Process (GO:0035338),3,0,0.42457,0.59747,0.9541864256075874,False
Reactome_2022,Tight Junction Interactions R-HSA-420029,3,0,0.22721,0.59755,0.9142010813887308,False
GO_BP_2023,Neurotrophin Signaling Pathway (GO:0038179),3,0,0.55949,0.59773,0.9540388679245284,False
GO_BP_2023,Monoatomic Anion Transport (GO:0006820),3,0,0.33098,0.59828,0.9441554404145076,False
GO_BP_2023,Regulation Of Cholesterol Storage (GO:0010885),3,0,0.40884,0.59849,0.9348970419426048,False
GO_BP_2023,Negative Regulation Of Phosphorylation (GO:0042326),3,0,0.082501,0.59902,0.9046810444874276,False
GO_BP_2023,Negative Regulation Of Insulin Secretion (GO:0046676),3,0,0.41966,0.59908,0.9352317863397548,False
GO_BP_2023,Regulation Of Respiratory Burst (GO:0060263),3,0,0.41214,0.5993,0.9348970419426048,False
Reactome_2022,GRB2 Events In ERBB2 Signaling R-HSA-1963640,3,0,0.39393,0.59939,0.9336131578947368,False
Reactome_2022,HDR Thru Homologous Recombination (HRR) R-HSA-5685942,3,0,0.48306,0.60006,0.9393504765535644,False
GO_BP_2023,Positive Regulation Of Cell Communication (GO:0010647),3,0,0.3122,0.60015,0.9441554404145076,False
Reactome_2022,HDR Thru MMEJ (alt-NHEJ) R-HSA-5685939,3,0,0.37193,0.6004,0.9541864256075874,False
GO_BP_2023,Very Long-Chain Fatty Acid Biosynthetic Process (GO:0042761),3,0,0.46904,0.60073,0.9476422213769494,False
GO_BP_2023,"Wound Healing, Spreading Of Cells (GO:0044319)",3,0,0.39244,0.60089,0.9336131578947368,False
GO_BP_2023,Superoxide Metabolic Process (GO:0006801),3,0,0.36805,0.60094,0.9253609960552268,False
Reactome_2022,Intrinsic Pathway For Apoptosis R-HSA-109606,3,0,0.28898,0.60098,0.9541864256075874,False
Reactome_2022,Protein Ubiquitination R-HSA-8852135,3,0,0.42458,0.60123,0.9441554404145076,False
GO_BP_2023,Removal Of Superoxide Radicals (GO:0019430),3,0,0.49326,0.60133,0.9409529977794228,False
Reactome_2022,Regulation Of TP53 Activity Thru Phosphorylation R-HSA-6804756,3,0,0.015413,0.6017,0.8503912258064517,False
Reactome_2022,FRS-mediated FGFR3 Signaling R-HSA-5654706,3,0,0.51026,0.60191,0.9541864256075874,False
GO_BP_2023,Regulation Of Endothelial Cell Chemotaxis (GO:2001026),3,0,0.41495,0.60195,0.9541864256075874,False
GO_BP_2023,Mitotic Cell Cycle Checkpoint Signaling (GO:0007093),3,0,0.12918,0.60316,0.9441554404145076,False
GO_BP_2023,Regulation Of Interferon-Alpha Production (GO:0032647),3,0,0.49798,0.60319,0.9505385600553824,False
GO_BP_2023,Ear Morphogenesis (GO:0042471),3,0,0.27265,0.60335,0.9441554404145076,False
GO_BP_2023,Autophagosome Assembly (GO:0000045),3,0,0.34097,0.60383,0.922255873493976,False
GO_BP_2023,Positive Regulation Of Chondrocyte Differentiation (GO:0032332),3,0,0.4176,0.60397,0.9349526315789474,False
Reactome_2022,Influenza Infection R-HSA-168255,3,0,0.5001,0.60407,0.941038447319778,False
GO_BP_2023,Regulation Of Nitric Oxide Biosynthetic Process (GO:0045428),3,0,0.17471,0.60433,0.9142010813887308,False
GO_BP_2023,Regulation Of Vasculature Development (GO:1901342),3,0,0.58558,0.60452,0.9533020999045498,False
GO_BP_2023,Positive Regulation Of Protein Localization To Nucleus (GO:1900182),3,0,0.23403,0.60475,0.9441554404145076,False
Reactome_2022,Beta-catenin Phosphorylation Cascade R-HSA-196299,3,0,0.51071,0.60493,0.9467693583273252,False
GO_BP_2023,Positive Regulation Of Mitotic Cell Cycle Phase Transition (GO:1901992),3,0,0.33953,0.60512,0.9529937644341802,False
Reactome_2022,Cytochrome C-Mediated Apoptotic Response R-HSA-111461,3,0,0.21864,0.60529,0.9441554404145076,False
Reactome_2022,Sialic Acid Metabolism R-HSA-4085001,3,0,0.31516,0.60531,0.9142010813887308,False
GO_BP_2023,Regulation Of Cell Communication (GO:0010646),3,0,0.11871,0.60578,0.9441554404145076,False
Reactome_2022,Assembly And Cell Surface Presentation Of NMDA Receptors R-HSA-9609736,3,0,0.30669,0.60591,0.9476422213769494,False
GO_BP_2023,DNA-templated Transcription (GO:0006351),3,0,0.39045,0.60604,0.9326093383388082,False
GO_BP_2023,Vasodilation (GO:0042311),3,0,0.16423,0.60615,0.9441554404145076,False
Reactome_2022,DAG And IP3 Signaling R-HSA-1489509,3,0,0.28462,0.60648,0.9441554404145076,False
GO_BP_2023,Positive Regulation Of Ubiquitin-Dependent Protein Catabolic Process (GO:2000060),3,0,0.25887,0.60692,0.9532424083769634,False
Reactome_2022,Thyroxine Biosynthesis R-HSA-209968,3,0,0.39472,0.60753,0.9336131578947368,False
Reactome_2022,Defective HDR Thru Homologous Recombination (HRR) Due To BRCA1 Loss-Of-Function R-HSA-9701192,3,0,0.11026,0.60757,0.9109985401459854,False
GO_BP_2023,GPI Anchor Biosynthetic Process (GO:0006506),3,0,0.40878,0.60781,0.9476422213769494,False
Reactome_2022,Interaction With Cumulus Cells And Zona Pellucida R-HSA-2534343,3,0,0.43045,0.60865,0.9454049180327868,False
GO_BP_2023,Maintenance Of Protein Localization In Organelle (GO:0072595),3,0,0.32457,0.60888,0.9441554404145076,False
GO_BP_2023,Negative Regulation Of Cell Population Proliferation (GO:0008285),3,0,0.42575,0.60915,0.9441554404145076,False
Reactome_2022,Platelet Homeostasis R-HSA-418346,3,0,0.36174,0.60941,0.922387443721861,False
GO_BP_2023,Response To Light Stimulus (GO:0009416),3,0,0.48632,0.60986,0.9395154838709678,False
Reactome_2022,TP53 Regulates Metabolic Genes R-HSA-5628897,3,0,0.4375,0.61027,0.9505385600553824,False
Reactome_2022,DDX58/IFIH1-mediated Induction Of Interferon-Alpha/Beta R-HSA-168928,3,0,0.25012,0.61086,0.9441554404145076,False
GO_BP_2023,Carbohydrate Derivative Biosynthetic Process (GO:1901137),3,0,0.36584,0.61122,0.9476422213769494,False
GO_BP_2023,Brain Morphogenesis (GO:0048854),3,0,0.52905,0.61152,0.9541864256075874,False
GO_BP_2023,Extrinsic Apoptotic Signaling Pathway (GO:0097191),3,0,0.30728,0.61158,0.9476422213769494,False
GO_BP_2023,Midbody Abscission (GO:0061952),3,0,0.58748,0.61173,0.9541864256075874,False
GO_BP_2023,Positive Regulation Of Post-Transcriptional Gene Silencing By RNA (GO:1900370),3,0,0.27051,0.61199,0.9142010813887308,False
Reactome_2022,Downstream Signaling Of Activated FGFR2 R-HSA-5654696,3,0,0.5807,0.61205,0.9541864256075874,False
GO_BP_2023,Ribosome Disassembly (GO:0032790),3,0,0.55967,0.61212,0.9529937644341802,False
GO_BP_2023,Regulation Of Interleukin-2 Production (GO:0032663),3,0,0.48401,0.61218,0.9393504765535644,False
Reactome_2022,Nef-mediated Downmodulation Of Cell Surface Receptors By Recruitment To Clathrin Adapters R-HSA-164938,3,0,0.53766,0.61234,0.9505385600553824,False
GO_BP_2023,Regulation Of Histone H3-K4 Methylation (GO:0051569),3,0,0.33408,0.61244,0.9441554404145076,False
GO_BP_2023,Potassium Ion Export Across Plasma Membrane (GO:0097623),3,0,0.46064,0.61271,0.9541864256075874,False
Reactome_2022,Signaling By WNT R-HSA-195721,3,0,0.36562,0.61329,0.9541864256075874,False
GO_BP_2023,Fatty Acid Oxidation (GO:0019395),3,0,0.17482,0.61339,0.9441554404145076,False
GO_BP_2023,Positive Regulation Of Defense Response (GO:0031349),3,0,0.46851,0.61346,0.9393504765535644,False
Reactome_2022,Synthesis Of Prostaglandins (PG) And Thromboxanes (TX) R-HSA-2162123,3,0,0.34691,0.61354,0.922255873493976,False
Reactome_2022,Metabolic Disorders Of Biological Oxidation Enzymes R-HSA-5579029,3,0,0.30534,0.61403,0.9142010813887308,False
GO_BP_2023,Regulation Of Aerobic Respiration (GO:1903715),3,0,0.041043,0.61424,0.8298750915750917,False
GO_BP_2023,Activation Of Cysteine-Type Endopeptidase Activity Involved In Apoptotic Process (GO:0006919),3,0,0.4514,0.61426,0.9393504765535644,False
GO_BP_2023,Defense Response To Gram-negative Bacterium (GO:0050829),3,0,0.16804,0.61428,0.9142010813887308,False
Reactome_2022,Constitutive Signaling By Overexpressed ERBB2 R-HSA-9634285,3,0,0.38958,0.61429,0.932385674025364,False
Reactome_2022,SUMOylation Of Transcription Cofactors R-HSA-3899300,3,0,0.27807,0.61434,0.9441554404145076,False
Reactome_2022,Transcriptional Regulation Of Testis Differentiation R-HSA-9690406,3,0,0.38668,0.61444,0.932385674025364,False
GO_BP_2023,Plasma Membrane Tubulation (GO:0097320),3,0,0.51939,0.6148,0.9541864256075874,False
GO_BP_2023,Mitochondrial Respirasome Assembly (GO:0097250),3,0,0.082099,0.61548,0.9380299568965518,False
Hallmark_2020,Androgen Response,3,0,0.28563,0.61554,0.9142010813887308,False
Reactome_2022,RAF-independent MAPK1/3 Activation R-HSA-112409,3,0,0.48168,0.61572,0.9409529977794228,False
GO_BP_2023,Positive Regulation Of Telomere Maintenance Via Telomerase (GO:0032212),3,0,0.43661,0.61575,0.9476422213769494,False
GO_BP_2023,Spermatid Development (GO:0007286),3,0,0.25623,0.61581,0.9142010813887308,False
GO_BP_2023,Positive Regulation By Host Of Viral Process (GO:0044794),3,0,0.50483,0.61605,0.9541864256075874,False
Reactome_2022,Signaling By FGFR3 R-HSA-5654741,3,0,0.59162,0.61687,0.9541864256075874,False
GO_BP_2023,Positive Regulation Of Nitric-Oxide Synthase Activity (GO:0051000),3,0,0.19578,0.61714,0.9348970419426048,False
GO_BP_2023,Phospholipid Metabolic Process (GO:0006644),3,0,0.15333,0.61722,0.9441554404145076,False
GO_BP_2023,Regulation Of Protein Localization To Plasma Membrane (GO:1903076),3,0,0.39593,0.61741,0.9541864256075874,False
Reactome_2022,Repression Of WNT Target Genes R-HSA-4641265,3,0,0.19998,0.61746,0.9441554404145076,False
GO_BP_2023,Chondroitin Sulfate Proteoglycan Biosynthetic Process (GO:0050650),3,0,0.49655,0.61781,0.9409529977794228,False
GO_BP_2023,Cellular Response To Growth Hormone Stimulus (GO:0071378),3,0,0.2175,0.61795,0.9142010813887308,False
Hallmark_2020,Adipogenesis,3,0,0.43919,0.61831,0.9541864256075874,False
Reactome_2022,Pyrimidine Catabolism R-HSA-73621,3,0,0.40574,0.61855,0.9541864256075874,False
GO_BP_2023,Alpha-Amino Acid Metabolic Process (GO:1901605),3,0,0.44637,0.61865,0.9467273592715232,False
Reactome_2022,FGFR4 Ligand Binding And Activation R-HSA-190322,3,0,0.53037,0.61922,0.9505385600553824,False
GO_BP_2023,Heparan Sulfate Proteoglycan Biosynthetic Process (GO:0015012),3,0,0.44248,0.61941,0.9529937644341802,False
Reactome_2022,Class C/3 (Metabotropic Glutamate/Pheromone Receptors) R-HSA-420499,3,0,0.37925,0.61944,0.9292556785370548,False
GO_BP_2023,Response To Muscle Stretch (GO:0035994),3,0,0.52479,0.61948,0.9478996096522356,False
GO_BP_2023,Negative Regulation Of Cation Channel Activity (GO:2001258),3,0,0.54337,0.61961,0.9541864256075874,False
Reactome_2022,Alpha-protein Kinase 1 Signaling Pathway R-HSA-9645460,3,0,0.048762,0.61964,0.8635484411764706,False
Reactome_2022,SUMOylation Of DNA Methylation Proteins R-HSA-4655427,3,0,0.5498,0.61964,0.9541864256075874,False
GO_BP_2023,Negative Regulation Of Intrinsic Apoptotic Signaling Pathway In Response To DNA Damage (GO:1902230),3,0,0.42154,0.61966,0.9529937644341802,False
GO_BP_2023,Plasma Membrane Invagination (GO:0099024),3,0,0.52868,0.62012,0.9541864256075874,False
Reactome_2022,Toll-like Receptor Cascades R-HSA-168898,3,0,0.46631,0.62018,0.9442212758112096,False
GO_BP_2023,Renal Water Homeostasis (GO:0003091),3,0,0.38884,0.62051,0.9476422213769494,False
GO_BP_2023,Focal Adhesion Assembly (GO:0048041),3,0,0.44312,0.62057,0.9467273592715232,False
GO_BP_2023,Sister Chromatid Segregation (GO:0000819),3,0,0.56857,0.62093,0.9540388679245284,False
Reactome_2022,Inactivation Of APC/C Via Direct Inhibition Of APC/C Complex R-HSA-141430,3,0,0.4913,0.62104,0.9409529977794228,False
GO_BP_2023,Regulation Of Hemopoiesis (GO:1903706),3,0,0.28327,0.6211,0.9142010813887308,False
GO_BP_2023,Chemical Synaptic Transmission (GO:0007268),3,0,0.29429,0.6214,0.9441554404145076,False
GO_BP_2023,Regulation Of Lamellipodium Morphogenesis (GO:2000392),3,0,0.4611,0.62143,0.9393504765535644,False
GO_BP_2023,Regulation Of Postsynaptic Membrane Potential (GO:0060078),3,0,0.49785,0.62144,0.9409529977794228,False
GO_BP_2023,Positive Regulation Of Signaling (GO:0023056),3,0,0.43537,0.6217,0.9476422213769494,False
GO_BP_2023,Response To ATP (GO:0033198),3,0,0.48771,0.62209,0.9541864256075874,False
GO_BP_2023,T Cell Proliferation (GO:0042098),3,0,0.19751,0.6221,0.9441554404145076,False
Reactome_2022,Response Of Mtb To Phagocytosis R-HSA-9637690,3,0,0.59139,0.62215,0.953328006329114,False
GO_BP_2023,Negative Regulation By Host Of Viral Process (GO:0044793),3,0,0.2967,0.62235,0.9441554404145076,False
Reactome_2022,RUNX1 Regulates Transcription Of Genes Involved In Differentiation Of HSCs R-HSA-8939236,3,0,0.31081,0.62243,0.9441554404145076,False
GO_BP_2023,Positive Regulation Of Cellular Metabolic Process (GO:0031325),3,0,0.31373,0.62279,0.9142010813887308,False
Reactome_2022,Response Of EIF2AK1 (HRI) To Heme Deficiency R-HSA-9648895,3,0,0.43471,0.62285,0.9393504765535644,False
GO_BP_2023,DNA Replication Checkpoint Signaling (GO:0000076),3,0,0.13061,0.62292,0.9142010813887308,False
Reactome_2022,p130Cas Linkage To MAPK Signaling For Integrins R-HSA-372708,3,0,0.15553,0.62332,0.9142010813887308,False
GO_BP_2023,Positive Regulation Of Protein Processing (GO:0010954),3,0,0.53729,0.62336,0.9541864256075874,False
GO_BP_2023,Activation Of Protein Kinase Activity (GO:0032147),3,0,0.26135,0.62352,0.9142010813887308,False
Reactome_2022,APC-Cdc20 Mediated Degradation Of Nek2A R-HSA-179409,3,0,0.43129,0.62353,0.9393504765535644,False
GO_BP_2023,mRNA Cleavage Involved In mRNA Processing (GO:0098787),3,0,0.46477,0.62356,0.9393504765535644,False
Reactome_2022,MAPK1/MAPK3 Signaling R-HSA-5684996,3,0,0.38718,0.62363,0.9541864256075874,False
GO_BP_2023,Intrinsic Apoptotic Signaling Pathway By P53 Class Mediator (GO:0072332),3,0,0.1997,0.6239,0.9142010813887308,False
GO_BP_2023,Heme Biosynthetic Process (GO:0006783),3,0,0.53516,0.62409,0.9541864256075874,False
GO_BP_2023,Mesenchyme Development (GO:0060485),3,0,0.3744,0.62413,0.9278852140077822,False
Reactome_2022,Synthesis Of IP3 And IP4 In Cytosol R-HSA-1855204,3,0,0.41798,0.62416,0.9349526315789474,False
GO_BP_2023,Regulation Of Regulatory T Cell Differentiation (GO:0045589),3,0,0.40146,0.62421,0.9533020999045498,False
Reactome_2022,Creatine Metabolism R-HSA-71288,3,0,0.57464,0.62421,0.9541864256075874,False
GO_BP_2023,Positive Regulation Of Cytoskeleton Organization (GO:0051495),3,0,0.40811,0.62436,0.9476422213769494,False
GO_BP_2023,Negative Regulation Of Axonogenesis (GO:0050771),3,0,0.29545,0.62441,0.9142010813887308,False
Reactome_2022,SARS-CoV-2 Modulates Host Translation Machinery R-HSA-9754678,3,0,0.39225,0.6245,0.9467273592715232,False
GO_BP_2023,Regulation Of Amyloid Precursor Protein Biosynthetic Process (GO:0042984),3,0,0.28038,0.6246,0.9441554404145076,False
GO_BP_2023,Negative Regulation Of Innate Immune Response (GO:0045824),3,0,0.55427,0.62482,0.9529937644341802,False
GO_BP_2023,Regulation Of Biosynthetic Process (GO:0009889),3,0,0.46344,0.62514,0.9393504765535644,False
GO_BP_2023,Vitamin D Metabolic Process (GO:0042359),3,0,0.46212,0.62568,0.9541864256075874,False
GO_BP_2023,Double-Strand Break Repair (GO:0006302),3,0,0.49302,0.62594,0.9491194402420576,False
Hallmark_2020,Apoptosis,3,0,0.27846,0.62596,0.9541864256075874,False
GO_BP_2023,Vesicle Budding From Membrane (GO:0006900),3,0,0.077379,0.62611,0.9046810444874276,False
Reactome_2022,Polymerase Switching On C-strand Of Telomere R-HSA-174411,3,0,0.48039,0.62619,0.9393504765535644,False
GO_BP_2023,Glucose Homeostasis (GO:0042593),3,0,0.25234,0.62625,0.9142010813887308,False
GO_BP_2023,Histone H4-K5 Acetylation (GO:0043981),3,0,0.48121,0.62629,0.9541864256075874,False
GO_BP_2023,Histone H4-K8 Acetylation (GO:0043982),3,0,0.48121,0.62629,0.9541864256075874,False
GO_BP_2023,Copper Ion Transport (GO:0006825),3,0,0.60483,0.62641,0.9541864256075874,False
Reactome_2022,Insulin Receptor Signaling Cascade R-HSA-74751,3,0,0.58514,0.62652,0.9541864256075874,False
GO_BP_2023,Cytosolic Pattern Recognition Receptor Signaling Pathway (GO:0002753),3,0,0.13967,0.62675,0.9441554404145076,False
GO_BP_2023,Plasma Membrane Repair (GO:0001778),3,0,0.47063,0.627,0.9476422213769494,False
GO_BP_2023,Regulation Of Ventricular Cardiac Muscle Cell Membrane Repolarization (GO:0060307),3,0,0.55938,0.6271,0.9533020999045498,False
GO_BP_2023,Positive Regulation Of Cyclin-Dependent Protein Kinase Activity (GO:1904031),3,0,0.17828,0.62721,0.9142010813887308,False
Reactome_2022,GRB2 Events In EGFR Signaling R-HSA-179812,3,0,0.1929,0.6273,0.9142010813887308,False
GO_BP_2023,Negative Regulation Of Myoblast Differentiation (GO:0045662),3,0,0.23804,0.62735,0.9142010813887308,False
GO_BP_2023,Steroid Biosynthetic Process (GO:0006694),3,0,0.3434,0.62767,0.922255873493976,False
Reactome_2022,Epigenetic Regulation Of Gene Expression R-HSA-212165,3,0,0.43412,0.62783,0.9541864256075874,False
GO_BP_2023,Actin Filament Organization (GO:0007015),3,0,0.54761,0.62796,0.9533020999045498,False
GO_BP_2023,Negative Regulation Of Binding (GO:0051100),3,0,0.59718,0.62829,0.9541864256075874,False
GO_BP_2023,Protein Kinase B Signaling (GO:0043491),3,0,0.27136,0.62834,0.9142010813887308,False
GO_BP_2023,Positive Regulation Of Telomere Capping (GO:1904355),3,0,0.52596,0.62843,0.9529937644341802,False
GO_BP_2023,Positive Regulation Of Collagen Metabolic Process (GO:0010714),3,0,0.48565,0.62866,0.9454545718432512,False
GO_BP_2023,Regulation Of Axon Regeneration (GO:0048679),3,0,0.43825,0.62891,0.9541864256075874,False
GO_BP_2023,Positive Regulation Of Glial Cell Differentiation (GO:0045687),3,0,0.17557,0.6291,0.9142010813887308,False
Reactome_2022,APC/C:Cdc20 Mediated Degradation Of Cyclin B R-HSA-174048,3,0,0.35241,0.62912,0.922255873493976,False
GO_BP_2023,Positive Regulation Of Glucose Transmembrane Transport (GO:0010828),3,0,0.33274,0.62918,0.9541864256075874,False
GO_BP_2023,Positive Regulation Of Collagen Biosynthetic Process (GO:0032967),3,0,0.47828,0.62945,0.9393504765535644,False
Reactome_2022,ATF4 Activates Genes In Response To Endoplasmic Reticulum Stress R-HSA-380994,3,0,0.52062,0.62948,0.9541864256075874,False
Reactome_2022,Formation Of RNA Pol II Elongation Complex R-HSA-112382,3,0,0.30413,0.62958,0.9393504765535644,False
GO_BP_2023,B Cell Mediated Immunity (GO:0019724),3,0,0.54694,0.62972,0.9541864256075874,False
GO_BP_2023,Negative Regulation Of Neuron Projection Development (GO:0010977),3,0,0.020015,0.62981,0.7598961313868613,False
GO_BP_2023,Positive Regulation Of Bone Resorption (GO:0045780),3,0,0.45203,0.63011,0.9393504765535644,False
GO_BP_2023,Organelle Transport Along Microtubule (GO:0072384),3,0,0.32931,0.63037,0.9476422213769494,False
GO_BP_2023,Regulation Of Glucose Metabolic Process (GO:0010906),3,0,0.28975,0.63044,0.9393504765535644,False
GO_BP_2023,AMP Metabolic Process (GO:0046033),3,0,0.37464,0.63058,0.9541864256075874,False
GO_BP_2023,Monoamine Transport (GO:0015844),3,0,0.36453,0.63081,0.9467273592715232,False
GO_BP_2023,Regulation Of IRE1-mediated Unfolded Protein Response (GO:1903894),3,0,0.4024,0.63096,0.9336131578947368,False
Reactome_2022,Signaling By EGFR R-HSA-177929,3,0,0.3594,0.63156,0.922255873493976,False
GO_BP_2023,"Protein Localization To Chromosome, Telomeric Region (GO:0070198)",3,0,0.41165,0.63178,0.9467273592715232,False
GO_BP_2023,Positive Regulation Of Osteoclast Differentiation (GO:0045672),3,0,0.15956,0.63183,0.9441554404145076,False
GO_BP_2023,Regulation Of JUN Kinase Activity (GO:0043506),3,0,0.24616,0.63214,0.9142010813887308,False
GO_BP_2023,Membrane Fission (GO:0090148),3,0,0.5277,0.63223,0.9541864256075874,False
GO_BP_2023,Macrophage Activation (GO:0042116),3,0,0.53608,0.63235,0.9505385600553824,False
GO_BP_2023,Positive Regulation Of Protein Binding (GO:0032092),3,0,0.41933,0.63243,0.9467273592715232,False
GO_BP_2023,Calcineurin-Mediated Signaling (GO:0097720),3,0,0.33414,0.6325,0.9441554404145076,False
GO_BP_2023,Positive Regulation Of Biosynthetic Process (GO:0009891),3,0,0.52421,0.63276,0.9540388679245284,False
Reactome_2022,Signaling By PDGFRA Extracellular Domain Mutants R-HSA-9673770,3,0,0.090379,0.63292,0.9046810444874276,False
Reactome_2022,Phosphorylation Of APC/C R-HSA-176412,3,0,0.53657,0.63317,0.9533020999045498,False
GO_BP_2023,Killing By Host Of Symbiont Cells (GO:0051873),3,0,0.12145,0.63351,0.9109985401459854,False
GO_BP_2023,Monocarboxylic Acid Biosynthetic Process (GO:0072330),3,0,0.19549,0.63352,0.9142010813887308,False
Reactome_2022,Dectin-2 Family R-HSA-5621480,3,0,0.29177,0.63382,0.9142010813887308,False
Reactome_2022,NOTCH4 Intracellular Domain Regulates Transcription R-HSA-9013695,3,0,0.4591,0.63432,0.955233372781065,False
Reactome_2022,p38MAPK Events R-HSA-171007,3,0,0.56201,0.63471,0.9529937644341802,False
GO_BP_2023,Positive Regulation Of Natural Killer Cell Mediated Cytotoxicity (GO:0045954),3,0,0.31593,0.63491,0.9441554404145076,False
GO_BP_2023,Histone H3-K14 Acetylation (GO:0044154),3,0,0.13006,0.63508,0.9441554404145076,False
GO_BP_2023,Regulation Of Myoblast Differentiation (GO:0045661),3,0,0.30923,0.63511,0.9142010813887308,False
Reactome_2022,MET Promotes Cell Motility R-HSA-8875878,3,0,0.23857,0.63523,0.9142010813887308,False
Reactome_2022,Translation Initiation Complex Formation R-HSA-72649,3,0,0.27747,0.63568,0.9441554404145076,False
Reactome_2022,IRAK2 Mediated Activation Of TAK1 Complex Upon TLR7/8 Or 9 Stimulation R-HSA-975163,3,0,0.089595,0.63594,0.9046810444874276,False
GO_BP_2023,Cell Differentiation In Hindbrain (GO:0021533),3,0,0.21666,0.63595,0.9142010813887308,False
Reactome_2022,Collagen Degradation R-HSA-1442490,3,0,0.39597,0.63607,0.9336131578947368,False
GO_BP_2023,Regulation Of Metal Ion Transport (GO:0010959),3,0,0.066671,0.63615,0.9193166042780748,False
GO_BP_2023,Positive Regulation Of Transcription Regulatory Region DNA Binding (GO:2000679),3,0,0.1014,0.63639,0.94165,False
GO_BP_2023,Regulation Of Actin Filament Organization (GO:0110053),3,0,0.42402,0.63648,0.9381720173535792,False
GO_BP_2023,Vascular Endothelial Growth Factor Receptor Signaling Pathway (GO:0048010),3,0,0.27397,0.6365,0.9142010813887308,False
GO_BP_2023,Positive Regulation Of Cell-Substrate Junction Organization (GO:0150117),3,0,0.54499,0.63689,0.9560217647058824,False
Reactome_2022,Glutamate And Glutamine Metabolism R-HSA-8964539,3,0,0.44168,0.63698,0.9560217647058824,False
Reactome_2022,Homology Directed Repair R-HSA-5693538,3,0,0.30544,0.63727,0.9142010813887308,False
Reactome_2022,tRNA Processing In Nucleus R-HSA-6784531,3,0,0.55849,0.63739,0.9541864256075874,False
Reactome_2022,TP53 Regulates Transcription Of Death Receptors And Ligands R-HSA-6803211,3,0,0.45889,0.63749,0.9393504765535644,False
GO_BP_2023,Endosome Organization (GO:0007032),3,0,0.46944,0.63778,0.9476422213769494,False
GO_BP_2023,DNA-templated DNA Replication Maintenance Of Fidelity (GO:0045005),3,0,0.089866,0.63783,0.9046810444874276,False
GO_BP_2023,"Nuclear-Transcribed mRNA Catabolic Process, Exonucleolytic (GO:0000291)",3,0,0.071729,0.63791,0.9234639630390143,False
Reactome_2022,TAK1-dependent IKK And NF-kappa-B Activation R-HSA-445989,3,0,0.47161,0.63805,0.9393504765535644,False
GO_BP_2023,T Cell Receptor Signaling Pathway (GO:0050852),3,0,0.54034,0.63852,0.9550268877702102,False
Reactome_2022,AKT Phosphorylates Targets In Cytosol R-HSA-198323,3,0,0.22827,0.63873,0.9142010813887308,False
GO_BP_2023,Protein Localization To Nucleus (GO:0034504),3,0,0.5846,0.63886,0.9541864256075874,False
GO_BP_2023,Negative Regulation Of miRNA Transcription (GO:1902894),3,0,0.49414,0.63916,0.9409529977794228,False
Reactome_2022,ISG15 Antiviral Mechanism R-HSA-1169408,3,0,0.61771,0.63943,0.9541864256075874,False
GO_BP_2023,Phospholipid Homeostasis (GO:0055091),3,0,0.49123,0.63949,0.948287452615618,False
Reactome_2022,Signaling By FGFR3 In Disease R-HSA-5655332,3,0,0.4504,0.63972,0.9393504765535644,False
GO_BP_2023,T Cell Activation (GO:0042110),3,0,0.44148,0.63974,0.9562800292397662,False
GO_BP_2023,Regulation Of Steroid Metabolic Process (GO:0019218),3,0,0.52082,0.63991,0.9541864256075874,False
GO_BP_2023,Regulation Of Histone Modification (GO:0031056),3,0,0.27953,0.64014,0.9441554404145076,False
Reactome_2022,Neurotoxicity Of Clostridium Toxins R-HSA-168799,3,0,0.44143,0.64019,0.9393504765535644,False
GO_BP_2023,Internal Peptidyl-Lysine Acetylation (GO:0018393),3,0,0.42388,0.64031,0.9381720173535792,False
GO_BP_2023,Negative Regulation Of Mitochondrion Organization (GO:0010823),3,0,0.40938,0.64043,0.9478996096522356,False
GO_BP_2023,Positive Regulation Of Cell Cycle (GO:0045787),3,0,0.1156,0.6405,0.9109985401459854,False
GO_BP_2023,Cellular Response To Leucine (GO:0071233),3,0,0.15238,0.6406,0.9441554404145076,False
GO_BP_2023,Response To Leucine (GO:0043201),3,0,0.15238,0.6406,0.9441554404145076,False
Reactome_2022,"Incretin Synthesis, Secretion, And Inactivation R-HSA-400508",3,0,0.30247,0.64074,0.9142010813887308,False
GO_BP_2023,Cell Projection Assembly (GO:0030031),3,0,0.15437,0.64084,0.9441554404145076,False
GO_BP_2023,Folic Acid-Containing Compound Metabolic Process (GO:0006760),3,0,0.42731,0.64084,0.9393504765535644,False
GO_BP_2023,Negative Regulation Of Phosphate Metabolic Process (GO:0045936),3,0,0.51882,0.64086,0.9478996096522356,False
Reactome_2022,Interleukin-21 Signaling R-HSA-9020958,3,0,0.53683,0.6414,0.9541864256075874,False
GO_BP_2023,Regulation Of Extracellular Matrix Organization (GO:1903053),3,0,0.43998,0.64152,0.9393504765535644,False
GO_BP_2023,Regulation Of Monooxygenase Activity (GO:0032768),3,0,0.40324,0.64158,0.9336131578947368,False
GO_BP_2023,Cell Morphogenesis Involved In Neuron Differentiation (GO:0048667),3,0,0.012616,0.64209,0.8503912258064517,False
GO_BP_2023,Adenylate Cyclase-Inhibiting G Protein-Coupled Receptor Signaling Pathway (GO:0007193),3,0,0.54471,0.64211,0.9529937644341802,False
Reactome_2022,MAPK6/MAPK4 Signaling R-HSA-5687128,3,0,0.24846,0.64222,0.9467273592715232,False
Reactome_2022,"Unblocking Of NMDA Receptors, Glutamate Binding And Activation R-HSA-438066",3,0,0.36504,0.64239,0.9558745474695236,False
GO_BP_2023,Negative Regulation Of DNA-binding Transcription Factor Activity (GO:0043433),3,0,0.62468,0.64253,0.9562800292397662,False
GO_BP_2023,DNA Recombination (GO:0006310),3,0,0.51885,0.64271,0.9478996096522356,False
GO_BP_2023,Regulation Of Insulin Secretion Involved In Cellular Response To Glucose Stimulus (GO:0061178),3,0,0.51603,0.64291,0.9565658871674948,False
GO_BP_2023,Synaptic Membrane Adhesion (GO:0099560),3,0,0.54811,0.64358,0.95700327198364,False
GO_BP_2023,Microglial Cell Activation (GO:0001774),3,0,0.5411,0.64401,0.9541864256075874,False
GO_BP_2023,Positive Regulation Of Multicellular Organismal Process (GO:0051240),3,0,0.62534,0.64411,0.9541864256075874,False
GO_BP_2023,Positive Regulation Of Keratinocyte Differentiation (GO:0045618),3,0,0.02987,0.6443,0.7943846354166667,False
Reactome_2022,Leishmania Infection R-HSA-9658195,3,0,0.50803,0.64431,0.9454545718432512,False
GO_BP_2023,Negative Regulation Of Developmental Growth (GO:0048640),3,0,0.099066,0.64447,0.9090356792144026,False
GO_BP_2023,Regulation Of Actin Polymerization Or Depolymerization (GO:0008064),3,0,0.41087,0.64517,0.9348970419426048,False
GO_BP_2023,Negative Regulation Of Cell Cycle Process (GO:0010948),3,0,0.47749,0.64518,0.9476422213769494,False
GO_BP_2023,Negative Regulation Of Mononuclear Cell Migration (GO:0071676),3,0,0.31949,0.64603,0.932385674025364,False
GO_BP_2023,Plasma Membrane Organization (GO:0007009),3,0,0.52711,0.64622,0.957209686691578,False
GO_BP_2023,Genitalia Development (GO:0048806),3,0,0.58707,0.64659,0.957209686691578,False
GO_BP_2023,Regulation Of Cysteine-Type Endopeptidase Activity Involved In Apoptotic Signaling Pathway (GO:2001267),3,0,0.022833,0.64678,0.7646050657894736,False
Reactome_2022,Interleukin-6 Family Signaling R-HSA-6783589,3,0,0.44781,0.64723,0.9393504765535644,False
Reactome_2022,Interleukin-37 Signaling R-HSA-9008059,3,0,0.089846,0.64728,0.9046810444874276,False
Reactome_2022,TP53 Regulates Transcription Of Cell Cycle Genes R-HSA-6791312,3,0,0.55148,0.6473,0.9529937644341802,False
GO_BP_2023,Insulin Secretion (GO:0030073),3,0,0.50439,0.64731,0.9454545718432512,False
Reactome_2022,p53-Dependent G1 DNA Damage Response R-HSA-69563,3,0,0.58468,0.64731,0.957209686691578,False
GO_BP_2023,Regulation Of Leukocyte Migration (GO:0002685),3,0,0.34592,0.64751,0.9476422213769494,False
Reactome_2022,Synthesis Of PIPs At Golgi Membrane R-HSA-1660514,3,0,0.2142,0.64754,0.9441554404145076,False
GO_BP_2023,Cellular Response To Virus (GO:0098586),3,0,0.19284,0.64759,0.9441554404145076,False
GO_BP_2023,Notch Signaling Pathway (GO:0007219),3,0,0.27656,0.64773,0.9441554404145076,False
GO_BP_2023,Metanephric Mesenchyme Development (GO:0072075),3,0,0.3407,0.648,0.922255873493976,False
GO_BP_2023,Intermediate Filament Organization (GO:0045109),3,0,0.46172,0.64802,0.957209686691578,False
Reactome_2022,Processing Of SMDT1 R-HSA-8949664,3,0,0.50503,0.64812,0.957209686691578,False
GO_BP_2023,Actin Polymerization Or Depolymerization (GO:0008154),3,0,0.55237,0.6485,0.9529937644341802,False
Hallmark_2020,IL-6/JAK/STAT3 Signaling,3,0,0.33356,0.64854,0.9208097071583514,False
GO_BP_2023,Cell-Matrix Adhesion (GO:0007160),3,0,0.46597,0.64959,0.9393504765535644,False
GO_BP_2023,Phosphate-Containing Compound Metabolic Process (GO:0006796),3,0,0.57606,0.64967,0.9533020999045498,False
GO_BP_2023,Intrinsic Apoptotic Signaling Pathway (GO:0097193),3,0,0.47084,0.6497,0.9393504765535644,False
GO_BP_2023,Actin Nucleation (GO:0045010),3,0,0.3345,0.6503,0.9441554404145076,False
Reactome_2022,PTEN Regulation R-HSA-6807070,3,0,0.40955,0.65037,0.9560217647058824,False
Reactome_2022,"Base-Excision Repair, AP Site Formation R-HSA-73929",3,0,0.50111,0.65072,0.9558745474695236,False
GO_BP_2023,Positive Regulation Of Proteasomal Protein Catabolic Process (GO:1901800),3,0,0.20678,0.65074,0.957209686691578,False
GO_BP_2023,Leukotriene Biosynthetic Process (GO:0019370),3,0,0.32789,0.65075,0.9475166529942576,False
Reactome_2022,RAS Processing R-HSA-9648002,3,0,0.13314,0.65099,0.9441554404145076,False
GO_BP_2023,Positive Regulation Of Cell Division (GO:0051781),3,0,0.41657,0.65099,0.957209686691578,False
Reactome_2022,MyD88-independent TLR4 Cascade R-HSA-166166,3,0,0.52706,0.65107,0.957209686691578,False
GO_BP_2023,Long-Chain Fatty Acid Transport (GO:0015909),3,0,0.37157,0.65119,0.92698642578125,False
GO_BP_2023,COPII-coated Vesicle Budding (GO:0090114),3,0,0.51018,0.6513,0.9454545718432512,False
GO_BP_2023,Regulation Of Cholesterol Metabolic Process (GO:0090181),3,0,0.5486,0.65139,0.9529937644341802,False
GO_BP_2023,Regulation Of G2/M Transition Of Mitotic Cell Cycle (GO:0010389),3,0,0.38378,0.6514,0.957209686691578,False
GO_BP_2023,Protein Catabolic Process (GO:0030163),3,0,0.32317,0.65156,0.9541864256075874,False
GO_BP_2023,Pyrimidine Nucleobase Metabolic Process (GO:0006206),3,0,0.22405,0.65158,0.9441554404145076,False
GO_BP_2023,calcineurin-NFAT Signaling Cascade (GO:0033173),3,0,0.34879,0.65169,0.9441554404145076,False
GO_BP_2023,Regulation Of Oxidoreductase Activity (GO:0051341),3,0,0.51192,0.65201,0.9454545718432512,False
GO_BP_2023,Mitotic Cytokinetic Process (GO:1902410),3,0,0.57193,0.65203,0.957209686691578,False
GO_BP_2023,Regulation Of mRNA Stability (GO:0043488),3,0,0.37399,0.65221,0.957209686691578,False
Reactome_2022,FLT3 Signaling In Disease R-HSA-9682385,3,0,0.12544,0.65251,0.9142010813887308,False
Reactome_2022,Transcription Of HIV Genome R-HSA-167172,3,0,0.23581,0.65269,0.9142010813887308,False
GO_BP_2023,Regulation Of Cell Junction Assembly (GO:1901888),3,0,0.56628,0.65288,0.9529937644341802,False
GO_BP_2023,Nuclear Envelope Organization (GO:0006998),3,0,0.509,0.6529,0.9529937644341802,False
GO_BP_2023,C-terminal Protein Amino Acid Modification (GO:0018410),3,0,0.44997,0.65293,0.9476422213769494,False
GO_BP_2023,Regulation Of Protein Ubiquitination (GO:0031396),3,0,0.50408,0.65303,0.957209686691578,False
Hallmark_2020,KRAS Signaling Dn,3,0,0.47119,0.65305,0.9393504765535644,False
GO_BP_2023,Chondroitin Sulfate Metabolic Process (GO:0030204),3,0,0.35817,0.65307,0.922255873493976,False
GO_BP_2023,Embryonic Skeletal System Morphogenesis (GO:0048704),3,0,0.24068,0.65315,0.9441554404145076,False
GO_BP_2023,Regulation Of Collagen Biosynthetic Process (GO:0032965),3,0,0.51894,0.65323,0.9478996096522356,False
GO_BP_2023,Positive Regulation Of Telomerase Activity (GO:0051973),3,0,0.58715,0.65334,0.9541864256075874,False
GO_BP_2023,Ganglion Development (GO:0061548),3,0,0.38035,0.65347,0.9297977458033572,False
GO_BP_2023,"Nuclear-Transcribed mRNA Catabolic Process, Deadenylation-Dependent Decay (GO:0000288)",3,0,0.26646,0.6537,0.9441554404145076,False
GO_BP_2023,NADP Metabolic Process (GO:0006739),3,0,0.29474,0.65392,0.9142010813887308,False
GO_BP_2023,Regulation Of Interleukin-4 Production (GO:0032673),3,0,0.62827,0.65398,0.9541864256075874,False
Reactome_2022,Phototransduction Cascade R-HSA-2514856,3,0,0.1333,0.65422,0.9142010813887308,False
GO_BP_2023,Cellular Response To Nitrogen Levels (GO:0043562),3,0,0.15597,0.65425,0.9441554404145076,False
GO_BP_2023,Cellular Response To Nitrogen Starvation (GO:0006995),3,0,0.15597,0.65425,0.9441554404145076,False
GO_BP_2023,Glucose Transmembrane Transport (GO:1904659),3,0,0.57861,0.65451,0.9573149137931036,False
Reactome_2022,RHO GTPases Activate PAKs R-HSA-5627123,3,0,0.47042,0.65476,0.9393504765535644,False
GO_BP_2023,Negative Regulation Of Locomotion (GO:0040013),3,0,0.42797,0.65483,0.9566735910404623,False
GO_BP_2023,Negative Regulation Of Nitrogen Compound Metabolic Process (GO:0051172),3,0,0.56568,0.65496,0.9529937644341802,False
GO_BP_2023,Negative Regulation Of Extrinsic Apoptotic Signaling Pathway In Absence Of Ligand (GO:2001240),3,0,0.3502,0.65499,0.922255873493976,False
GO_BP_2023,Negative Regulation Of Signal Transduction In Absence Of Ligand (GO:1901099),3,0,0.3502,0.65499,0.922255873493976,False
GO_BP_2023,Regulation Of Stress Fiber Assembly (GO:0051492),3,0,0.40675,0.65505,0.9346130807397384,False
GO_BP_2023,Regulation Of B Cell Proliferation (GO:0030888),3,0,0.040699,0.65514,0.8298750915750917,False
GO_BP_2023,Regulation Of NIK/NF-kappaB Signaling (GO:1901222),3,0,0.49843,0.65526,0.952718123827392,False
Reactome_2022,IRAK2 Mediated Activation Of TAK1 Complex R-HSA-937042,3,0,0.047609,0.65563,0.8635484411764706,False
Reactome_2022,SHC1 Events In EGFR Signaling R-HSA-180336,3,0,0.13693,0.6564,0.9142010813887308,False
Reactome_2022,Toll Like Receptor 3 (TLR3) Cascade R-HSA-168164,3,0,0.50611,0.65644,0.9563137376689806,False
GO_BP_2023,DNA Metabolic Process (GO:0006259),3,0,0.43336,0.65645,0.9393504765535644,False
Reactome_2022,CREB1 Phosphorylation Thru Activation Of Adenylate Cyclase R-HSA-442720,3,0,0.41363,0.65666,0.9467273592715232,False
GO_BP_2023,Coenzyme A Metabolic Process (GO:0015936),3,0,0.33667,0.65668,0.9559259177679882,False
Reactome_2022,Impaired BRCA2 Binding To PALB2 R-HSA-9709603,3,0,0.14177,0.65685,0.9142010813887308,False
GO_BP_2023,Protein Polymerization (GO:0051258),3,0,0.35505,0.65685,0.9582592433361996,False
Reactome_2022,ATF6 (ATF6-alpha) Activates Chaperones R-HSA-381033,3,0,0.24385,0.6571,0.9142010813887308,False
GO_BP_2023,Regulation Of Peptidyl-Serine Phosphorylation (GO:0033135),3,0,0.55031,0.65717,0.9562800292397662,False
GO_BP_2023,Positive Regulation Of DNA-templated DNA Replication (GO:2000105),3,0,0.52334,0.65745,0.957209686691578,False
GO_BP_2023,Positive Regulation Of Leukocyte Degranulation (GO:0043302),3,0,0.52541,0.65751,0.9486828307910607,False
GO_BP_2023,Negative Regulation Of Cellular Response To Vascular Endothelial Growth Factor Stimulus (GO:1902548),3,0,0.53927,0.6576,0.9505385600553824,False
Reactome_2022,Diseases Of Glycosylation R-HSA-3781865,3,0,0.28172,0.65771,0.9142010813887308,False
GO_BP_2023,Embryonic Digit Morphogenesis (GO:0042733),3,0,0.46207,0.65786,0.9393504765535644,False
GO_BP_2023,Negative Regulation Of Leukocyte Activation (GO:0002695),3,0,0.45608,0.65805,0.9393504765535644,False
GO_BP_2023,Nuclear Membrane Reassembly (GO:0031468),3,0,0.35467,0.65823,0.945454381443299,False
GO_BP_2023,Positive Regulation Of Mitochondrial Fission (GO:0090141),3,0,0.13538,0.65838,0.9142010813887308,False
GO_BP_2023,Cardiocyte Differentiation (GO:0035051),3,0,0.15958,0.65838,0.9441554404145076,False
Reactome_2022,Long-term Potentiation R-HSA-9620244,3,0,0.37231,0.65839,0.9476422213769494,False
GO_BP_2023,Cellular Response To Cytokine Stimulus (GO:0071345),3,0,0.4254,0.6589,0.9583676546024508,False
GO_BP_2023,"Nuclear-Transcribed mRNA Catabolic Process, Exonucleolytic, 3'-5' (GO:0034427)",3,0,0.59744,0.65909,0.9541864256075874,False
GO_BP_2023,Negative Regulation Of Cell Cycle Phase Transition (GO:1901988),3,0,0.54243,0.6592,0.9517299896587385,False
GO_BP_2023,Placenta Development (GO:0001890),3,0,0.60511,0.65934,0.9583676546024508,False
GO_BP_2023,Activation Of NF-kappaB-inducing Kinase Activity (GO:0007250),3,0,0.52352,0.65936,0.9583676546024508,False
GO_BP_2023,Stress Granule Assembly (GO:0034063),3,0,0.46931,0.6594,0.9476422213769494,False
GO_BP_2023,Negative Regulation Of Extrinsic Apoptotic Signaling Pathway Via Death Domain Receptors (GO:1902042),3,0,0.22424,0.66002,0.9583676546024508,False
Reactome_2022,Peroxisomal Protein Import R-HSA-9033241,3,0,0.45338,0.66007,0.9475166529942576,False
Reactome_2022,tRNA Processing R-HSA-72306,3,0,0.56513,0.66014,0.9541864256075874,False
GO_BP_2023,Regulation Of Wound Healing (GO:0061041),3,0,0.60365,0.66028,0.9541864256075874,False
GO_BP_2023,Protein Localization To Cell Junction (GO:1902414),3,0,0.61799,0.66042,0.9541864256075874,False
Reactome_2022,STAT3 Nuclear Events Downstream Of ALK Signaling R-HSA-9701898,3,0,0.13875,0.66045,0.9142010813887308,False
GO_BP_2023,Peroxisome Organization (GO:0007031),3,0,0.081804,0.66092,0.9046810444874276,False
GO_BP_2023,Positive Regulation Of T Cell Mediated Cytotoxicity (GO:0001916),3,0,0.22985,0.66109,0.9142010813887308,False
GO_BP_2023,Interstrand Cross-Link Repair (GO:0036297),3,0,0.5519,0.66141,0.9586070045558088,False
GO_BP_2023,Formation Of Extrachromosomal Circular DNA (GO:0001325),3,0,0.012666,0.66168,0.8503912258064517,False
GO_BP_2023,T-Circle Formation (GO:0090656),3,0,0.012666,0.66168,0.8503912258064517,False
GO_BP_2023,Telomere Maintenance Via Telomere Trimming (GO:0090737),3,0,0.012666,0.66168,0.8503912258064517,False
GO_BP_2023,I-kappaB kinase/NF-kappaB Signaling (GO:0007249),3,0,0.4743,0.66171,0.9476422213769494,False
GO_BP_2023,Positive Regulation Of Cytoplasmic Translation (GO:2000767),3,0,0.48173,0.66175,0.9533020999045498,False
Reactome_2022,TNFR1-induced NFkappaB Signaling Pathway R-HSA-5357956,3,0,0.15901,0.66193,0.9142010813887308,False
GO_BP_2023,Positive Regulation Of Cellular Component Biogenesis (GO:0044089),3,0,0.49839,0.66261,0.9409529977794228,False
GO_BP_2023,peptidyl-L-cysteine S-palmitoylation (GO:0018230),3,0,0.63933,0.66278,0.957209686691578,False
GO_BP_2023,peptidyl-S-diacylglycerol-L-cysteine Biosynthetic Process From Peptidyl-Cysteine (GO:0018231),3,0,0.63933,0.66278,0.957209686691578,False
GO_BP_2023,Negative Regulation Of Viral-Induced Cytoplasmic Pattern Recognition Receptor Signaling Pathway (GO:0039532),3,0,0.62157,0.66279,0.9541864256075874,False
GO_BP_2023,Positive Regulation Of Developmental Growth (GO:0048639),3,0,0.20129,0.66314,0.9441554404145076,False
GO_BP_2023,Negative Regulation Of miRNA Metabolic Process (GO:2000629),3,0,0.54487,0.66333,0.9523400480439258,False
GO_BP_2023,Negative Regulation Of Kinase Activity (GO:0033673),3,0,0.47177,0.66339,0.959422346368715,False
Reactome_2022,Endogenous Sterols R-HSA-211976,3,0,0.16893,0.66438,0.9142010813887308,False
GO_BP_2023,Lymphocyte Proliferation (GO:0046651),3,0,0.36165,0.66447,0.922387443721861,False
GO_BP_2023,Very Long-Chain Fatty Acid Metabolic Process (GO:0000038),3,0,0.60686,0.66494,0.9541864256075874,False
Reactome_2022,"Inactivation, Recovery And Regulation Of Phototransduction Cascade R-HSA-2514859",3,0,0.14735,0.66503,0.9142010813887308,False
GO_BP_2023,Nucleoside Triphosphate Metabolic Process (GO:0009141),3,0,0.49974,0.66513,0.9586531541218638,False
GO_BP_2023,Epidermal Cell Differentiation (GO:0009913),3,0,0.58055,0.66526,0.959422346368715,False
GO_BP_2023,Neurotransmitter Biosynthetic Process (GO:0042136),3,0,0.044131,0.66538,0.8298750915750917,False
GO_BP_2023,Negative Regulation Of Endothelial Cell Apoptotic Process (GO:2000352),3,0,0.53488,0.6661,0.959422346368715,False
Reactome_2022,CYP2E1 Reactions R-HSA-211999,3,0,0.44767,0.66642,0.9393504765535644,False
Hallmark_2020,Apical Junction,3,0,0.1649,0.66676,0.9142010813887308,False
GO_BP_2023,Cholesterol Metabolic Process (GO:0008203),3,0,0.057012,0.66677,0.8635484411764706,False
Reactome_2022,Signaling By Insulin Receptor R-HSA-74752,3,0,0.5983,0.66693,0.9541864256075874,False
GO_BP_2023,Positive Regulation Of Ion Transmembrane Transporter Activity (GO:0032414),3,0,0.49665,0.6673,0.959422346368715,False
GO_BP_2023,Regulation Of Cardiac Muscle Cell Apoptotic Process (GO:0010665),3,0,0.60675,0.66742,0.959422346368715,False
GO_BP_2023,Reticulophagy (GO:0061709),3,0,0.56368,0.66761,0.9529937644341802,False
GO_BP_2023,Regulation Of Steroid Biosynthetic Process (GO:0050810),3,0,0.44834,0.66765,0.9473340778097984,False
Reactome_2022,Synthesis Of Bile Acids And Bile Salts Via 27-Hydroxycholesterol R-HSA-193807,3,0,0.53424,0.66767,0.959422346368715,False
GO_BP_2023,Positive Regulation Of Erythrocyte Differentiation (GO:0045648),3,0,0.66059,0.66823,0.959422346368715,False
Reactome_2022,CaMK IV-mediated Phosphorylation Of CREB R-HSA-111932,3,0,0.51645,0.66831,0.9566735910404623,False
Reactome_2022,"WNT5A-dependent Internalization Of FZD2, FZD5 And ROR2 R-HSA-5140745",3,0,0.3529,0.66848,0.9476422213769494,False
GO_BP_2023,Regulation Of Cysteine-Type Endopeptidase Activity (GO:2000116),3,0,0.23964,0.6687,0.9142010813887308,False
GO_BP_2023,Blood Vessel Diameter Maintenance (GO:0097746),3,0,0.44072,0.66871,0.959422346368715,False
GO_BP_2023,Cell Migration Involved In Sprouting Angiogenesis (GO:0002042),3,0,0.2087,0.66872,0.9142010813887308,False
GO_BP_2023,Positive Regulation Of Voltage-Gated Calcium Channel Activity (GO:1901387),3,0,0.55174,0.66899,0.9529937644341802,False
GO_BP_2023,Exonucleolytic Catabolism Of Deadenylated mRNA (GO:0043928),3,0,0.10599,0.66937,0.9332625235404896,False
GO_BP_2023,Regulation Of mRNA Polyadenylation (GO:1900363),3,0,0.60821,0.66961,0.959422346368715,False
GO_BP_2023,Dicarboxylic Acid Metabolic Process (GO:0043648),3,0,0.54471,0.66972,0.9523400480439258,False
GO_BP_2023,Regulation Of T Cell Apoptotic Process (GO:0070232),3,0,0.55711,0.66974,0.959422346368715,False
GO_BP_2023,Regulation Of Microtubule-Based Movement (GO:0060632),3,0,0.38249,0.66989,0.9318596650717704,False
GO_BP_2023,Regulation Of Exocytosis (GO:0017157),3,0,0.40708,0.6699,0.9346130807397384,False
GO_BP_2023,Regulation Of Cardiac Muscle Contraction By Calcium Ion Signaling (GO:0010882),3,0,0.5873,0.66997,0.959422346368715,False
GO_BP_2023,Positive Regulation Of Phospholipase C Activity (GO:0010863),3,0,0.54371,0.67006,0.959422346368715,False
Reactome_2022,CaM Pathway R-HSA-111997,3,0,0.39449,0.6701,0.9441554404145076,False
Reactome_2022,PIWI-interacting RNA (piRNA) Biogenesis R-HSA-5601884,3,0,0.49141,0.67012,0.9505385600553824,False
Reactome_2022,VEGFR2 Mediated Vascular Permeability R-HSA-5218920,3,0,0.27298,0.67022,0.959422346368715,False
GO_BP_2023,Lymphocyte Mediated Immunity (GO:0002449),3,0,0.47112,0.67024,0.9393504765535644,False
Reactome_2022,SHC-mediated cascade:FGFR4 R-HSA-5654719,3,0,0.29682,0.67035,0.9142010813887308,False
Reactome_2022,Antiviral Mechanism By IFN-stimulated Genes R-HSA-1169410,3,0,0.47834,0.67036,0.959422346368715,False
GO_BP_2023,Negative Regulation Of Single Stranded Viral RNA Replication Via Double Stranded DNA Intermediate (GO:0045869),3,0,0.53019,0.67054,0.9529937644341802,False
GO_BP_2023,Negative Regulation Of Protein Transport (GO:0051224),3,0,0.53061,0.67067,0.959422346368715,False
Reactome_2022,Gastrin-CREB Signaling Pathway Via PKC And MAPK R-HSA-881907,3,0,0.57002,0.67082,0.959422346368715,False
Reactome_2022,Cell-Cell Communication R-HSA-1500931,3,0,0.31246,0.67087,0.9142010813887308,False
GO_BP_2023,Negative Regulation Of Extrinsic Apoptotic Signaling Pathway (GO:2001237),3,0,0.31674,0.67087,0.9471802162162162,False
GO_BP_2023,Regulation Of Cell Migration (GO:0030334),3,0,0.080931,0.67111,0.931722776523702,False
GO_BP_2023,B Cell Receptor Signaling Pathway (GO:0050853),3,0,0.27562,0.67126,0.9566735910404623,False
Reactome_2022,APC Truncation Mutants Have Impaired AXIN Binding R-HSA-5467337,3,0,0.51463,0.67137,0.9467693583273252,False
GO_BP_2023,Positive Regulation Of Circadian Rhythm (GO:0042753),3,0,0.50184,0.67153,0.9478996096522356,False
GO_BP_2023,Regulation Of Cellular Response To Heat (GO:1900034),3,0,0.42207,0.67158,0.959422346368715,False
Reactome_2022,Uptake And Actions Of Bacterial Toxins R-HSA-5339562,3,0,0.41426,0.67244,0.9441554404145076,False
GO_BP_2023,Amyloid-Beta Metabolic Process (GO:0050435),3,0,0.33359,0.67245,0.9208097071583514,False
Reactome_2022,Effects Of PIP2 Hydrolysis R-HSA-114508,3,0,0.15997,0.67248,0.9441554404145076,False
GO_BP_2023,Regulation Of Erythrocyte Differentiation (GO:0045646),3,0,0.60521,0.67265,0.9541864256075874,False
Reactome_2022,HCMV Early Events R-HSA-9609690,3,0,0.58902,0.67278,0.953328006329114,False
GO_BP_2023,Cellular Response To Catecholamine Stimulus (GO:0071870),3,0,0.5917,0.67284,0.953328006329114,False
GO_BP_2023,Regulation Of Nuclear Division (GO:0051783),3,0,0.20981,0.67285,0.9142010813887308,False
Reactome_2022,Chondroitin Sulfate Biosynthesis R-HSA-2022870,3,0,0.27714,0.67293,0.9142010813887308,False
GO_BP_2023,Metanephros Development (GO:0001656),3,0,0.58736,0.67295,0.9533020999045498,False
Reactome_2022,mRNA Decay By 3 To 5 Exoribonuclease R-HSA-429958,3,0,0.35218,0.67302,0.9441554404145076,False
GO_BP_2023,Negative Regulation Of Macrophage Activation (GO:0043031),3,0,0.39242,0.67305,0.9336131578947368,False
GO_BP_2023,Negative Regulation Of Toll-Like Receptor Signaling Pathway (GO:0034122),3,0,0.28352,0.67308,0.9142010813887308,False
GO_BP_2023,Autophagosome Organization (GO:1905037),3,0,0.58864,0.67309,0.959422346368715,False
Reactome_2022,Sulfur Amino Acid Metabolism R-HSA-1614635,3,0,0.28508,0.67322,0.9142010813887308,False
GO_BP_2023,Negative Regulation Of Complement Activation (GO:0045916),3,0,0.067,0.67328,0.8848690726817042,False
Reactome_2022,Acyl Chain Remodelling Of PI R-HSA-1482922,3,0,0.62377,0.67382,0.959422346368715,False
GO_BP_2023,Regulation Of Exit From Mitosis (GO:0007096),3,0,0.51269,0.67386,0.959422346368715,False
Reactome_2022,NOTCH3 Intracellular Domain Regulates Transcription R-HSA-9013508,3,0,0.45121,0.67412,0.9476422213769494,False
GO_BP_2023,Cellular Response To Starvation (GO:0009267),3,0,0.15009,0.67413,0.9563137376689806,False
GO_BP_2023,Connective Tissue Development (GO:0061448),3,0,0.10088,0.6743,0.94165,False
Reactome_2022,Interconversion Of Nucleotide Di- And Triphosphates R-HSA-499943,3,0,0.33044,0.67458,0.917809705561614,False
GO_BP_2023,Regulation Of Lipid Storage (GO:0010883),3,0,0.47304,0.67492,0.9393504765535644,False
Reactome_2022,Pyruvate Metabolism R-HSA-70268,3,0,0.58997,0.67499,0.9541864256075874,False
GO_BP_2023,Negative Regulation Of Signaling (GO:0023057),3,0,0.25305,0.67533,0.9142010813887308,False
GO_BP_2023,Positive Regulation Of Neuroblast Proliferation (GO:0002052),3,0,0.50593,0.67541,0.9541864256075874,False
GO_BP_2023,Response To Acidic pH (GO:0010447),3,0,0.15114,0.67542,0.9142010813887308,False
Reactome_2022,Defective GALNT3 Causes HFTC R-HSA-5083625,3,0,0.49941,0.67562,0.9409529977794228,False
GO_BP_2023,Leukocyte Tethering Or Rolling (GO:0050901),3,0,0.308,0.67599,0.9441554404145076,False
GO_BP_2023,Ammonium Transmembrane Transport (GO:0072488),3,0,0.64125,0.67605,0.9562800292397662,False
GO_BP_2023,Response To Alcohol (GO:0097305),3,0,0.59117,0.67671,0.9562800292397662,False
Reactome_2022,Ca-dependent Events R-HSA-111996,3,0,0.41062,0.67678,0.9467273592715232,False
GO_BP_2023,Regulation Of Cellular Respiration (GO:0043457),3,0,0.067,0.67685,0.9193166042780748,False
GO_BP_2023,Positive Regulation Of Nervous System Process (GO:0031646),3,0,0.078563,0.67737,0.9046810444874276,False
Reactome_2022,Post-translational Protein Phosphorylation R-HSA-8957275,3,0,0.38305,0.67739,0.9319906787762906,False
GO_BP_2023,Histone Lysine Methylation (GO:0034968),3,0,0.59269,0.67763,0.95392039203288,False
GO_BP_2023,Positive Regulation Of Cyclin-Dependent Protein Serine/Threonine Kinase Activity (GO:0045737),3,0,0.24371,0.67779,0.9142010813887308,False
GO_BP_2023,Protein Palmitoylation (GO:0018345),3,0,0.63439,0.67787,0.9602724609909662,False
GO_BP_2023,Regulation Of Nuclear-Transcribed mRNA poly(A) Tail Shortening (GO:0060211),3,0,0.46814,0.67807,0.9476422213769494,False
GO_BP_2023,Gamma-Aminobutyric Acid Signaling Pathway (GO:0007214),3,0,0.65926,0.67819,0.959422346368715,False
GO_BP_2023,Regulation Of Keratinocyte Differentiation (GO:0045616),3,0,0.29531,0.67822,0.9441554404145076,False
GO_BP_2023,Negative Regulation Of Cholesterol Transport (GO:0032375),3,0,0.47772,0.67828,0.9393504765535644,False
GO_BP_2023,Epiboly Involved In Wound Healing (GO:0090505),3,0,0.43558,0.67842,0.9393504765535644,False
GO_BP_2023,Positive Regulation Of Extracellular Matrix Organization (GO:1903055),3,0,0.49374,0.6785,0.9541864256075874,False
Reactome_2022,PKA Activation In Glucagon Signaling R-HSA-164378,3,0,0.49983,0.67861,0.9528594382022472,False
GO_BP_2023,Regulation Of Dopamine Secretion (GO:0014059),3,0,0.59002,0.67864,0.9602724609909662,False
GO_BP_2023,Dendrite Self-Avoidance (GO:0070593),3,0,0.61174,0.67864,0.9562800292397662,False
GO_BP_2023,Long-Chain fatty-acyl-CoA Metabolic Process (GO:0035336),3,0,0.61033,0.67894,0.9541864256075874,False
Hallmark_2020,KRAS Signaling Up,3,0,0.29885,0.6793,0.9385924805531548,False
GO_BP_2023,snRNA Transcription (GO:0009301),3,0,0.44259,0.67948,0.9393504765535644,False
GO_BP_2023,Nuclear Pore Organization (GO:0006999),3,0,0.63007,0.67975,0.9541864256075874,False
GO_BP_2023,Enzyme-Linked Receptor Protein Signaling Pathway (GO:0007167),3,0,0.42114,0.68009,0.9476422213769494,False
GO_BP_2023,MyD88-dependent Toll-Like Receptor Signaling Pathway (GO:0002755),3,0,0.63451,0.6801,0.9602724609909662,False
GO_BP_2023,Visual Learning (GO:0008542),3,0,0.28589,0.68012,0.9475166529942576,False
GO_BP_2023,Peptidyl-Glutamic Acid Modification (GO:0018200),3,0,0.60715,0.68048,0.9541864256075874,False
Reactome_2022,Cleavage Of Damaged Pyrimidine R-HSA-110329,3,0,0.60479,0.68062,0.9602724609909662,False
Reactome_2022,Endosomal Sorting Complex Required For Transport (ESCRT) R-HSA-917729,3,0,0.49719,0.68178,0.9409529977794228,False
GO_BP_2023,Membrane Assembly (GO:0071709),3,0,0.67582,0.68182,0.960191332218506,False
GO_BP_2023,Negative Regulation Of Bone Mineralization (GO:0030502),3,0,0.17472,0.68187,0.9142010813887308,False
GO_BP_2023,Positive Regulation Of Defense Response To Virus By Host (GO:0002230),3,0,0.6594,0.68205,0.960191332218506,False
GO_BP_2023,Regulation Of Cell Adhesion (GO:0030155),3,0,0.30075,0.68235,0.9476422213769494,False
GO_BP_2023,Arachidonic Acid Metabolic Process (GO:0019369),3,0,0.53942,0.68235,0.9602724609909662,False
Reactome_2022,XBP1(S) Activates Chaperone Genes R-HSA-381038,3,0,0.2118,0.68239,0.9142010813887308,False
GO_BP_2023,Positive Regulation Of Cellular Biosynthetic Process (GO:0031328),3,0,0.45027,0.68243,0.9393504765535644,False
GO_BP_2023,Positive Regulation Of Potassium Ion Transport (GO:0043268),3,0,0.45231,0.68255,0.9393504765535644,False
GO_BP_2023,"G Protein-Coupled Receptor Signaling Pathway, Coupled To Cyclic Nucleotide Second Messenger (GO:0007187)",3,0,0.58451,0.6826,0.9541864256075874,False
Reactome_2022,Chaperone Mediated Autophagy R-HSA-9613829,3,0,0.5094,0.68263,0.953328006329114,False
GO_BP_2023,rRNA Metabolic Process (GO:0016072),3,0,0.39386,0.68296,0.9602724609909662,False
GO_BP_2023,Positive Regulation Of Double-Strand Break Repair (GO:2000781),3,0,0.17573,0.68316,0.9142010813887308,False
GO_BP_2023,Peptide Hormone Secretion (GO:0030072),3,0,0.51802,0.68346,0.9478996096522356,False
Reactome_2022,RHOJ GTPase Cycle R-HSA-9013409,3,0,0.46762,0.68351,0.9393504765535644,False
GO_BP_2023,Positive Regulation Of Histone H3-K4 Methylation (GO:0051571),3,0,0.15639,0.68365,0.9441554404145076,False
Reactome_2022,EML4 And NUDC In Mitotic Spindle Formation R-HSA-9648025,3,0,0.38576,0.68369,0.932385674025364,False
Reactome_2022,Metabolism Of Amino Acids And Derivatives R-HSA-71291,3,0,0.34263,0.68403,0.9602724609909662,False
GO_BP_2023,Cell Chemotaxis (GO:0060326),3,0,0.12216,0.68407,0.9109985401459854,False
GO_BP_2023,Regulation Of Cardiac Muscle Cell Membrane Repolarization (GO:0099623),3,0,0.37764,0.68422,0.9289679691268692,False
GO_BP_2023,Positive Regulation Of Focal Adhesion Assembly (GO:0051894),3,0,0.60941,0.68436,0.9602724609909662,False
GO_BP_2023,Positive Regulation Of Stem Cell Proliferation (GO:2000648),3,0,0.47285,0.68497,0.9602724609909662,False
GO_BP_2023,Regulation Of Type I Interferon Production (GO:0032479),3,0,0.44726,0.6851,0.9409529977794228,False
GO_BP_2023,Positive Regulation Of Wound Healing (GO:0090303),3,0,0.2527,0.68578,0.9476422213769494,False
Reactome_2022,Infection With Mycobacterium Tuberculosis R-HSA-9635486,3,0,0.61937,0.68583,0.9541864256075874,False
GO_BP_2023,Blood Circulation (GO:0008015),3,0,0.19437,0.68599,0.9142010813887308,False
Reactome_2022,Cyclin D Associated Events In G1 R-HSA-69231,3,0,0.60191,0.68608,0.9541864256075874,False
Reactome_2022,Nuclear Pore Complex (NPC) Disassembly R-HSA-3301854,3,0,0.26448,0.68612,0.9142010813887308,False
Hallmark_2020,Estrogen Response Late,3,0,0.44996,0.68637,0.9602724609909662,False
Reactome_2022,Azathioprine ADME R-HSA-9748787,3,0,0.60895,0.68662,0.9602724609909662,False
GO_BP_2023,Regulation Of Cardiac Muscle Hypertrophy (GO:0010611),3,0,0.49117,0.68673,0.9409529977794228,False
Reactome_2022,Collagen Biosynthesis And Modifying Enzymes R-HSA-1650814,3,0,0.42723,0.68679,0.9602724609909662,False
GO_BP_2023,Regulation Of Cell-Cell Adhesion (GO:0022407),3,0,0.57823,0.68696,0.9533020999045498,False
GO_BP_2023,Positive Regulation By Host Of Viral Transcription (GO:0043923),3,0,0.60618,0.68717,0.9562800292397662,False
GO_BP_2023,Gliogenesis (GO:0042063),3,0,0.58109,0.68719,0.9533020999045498,False
GO_BP_2023,Regulation Of Leukocyte Cell-Cell Adhesion (GO:1903037),3,0,0.27551,0.68724,0.9541864256075874,False
GO_BP_2023,Aerobic Respiration (GO:0009060),3,0,0.55525,0.68762,0.9602724609909662,False
Reactome_2022,Negative Regulation Of NMDA Receptor-Mediated Neuronal Transmission R-HSA-9617324,3,0,0.19996,0.68763,0.948287452615618,False
Reactome_2022,TP53 Regulates Transcription Of Cell Death Genes R-HSA-5633008,3,0,0.1039,0.68773,0.9090356792144026,False
GO_BP_2023,Inorganic Anion Transport (GO:0015698),3,0,0.32464,0.6879,0.9467273592715232,False
GO_BP_2023,Endosomal Transport (GO:0016197),3,0,0.56936,0.68798,0.9602724609909662,False
GO_BP_2023,Cellular Response To Inorganic Substance (GO:0071241),3,0,0.25332,0.68807,0.9559259177679882,False
GO_BP_2023,Negative Regulation Of Gluconeogenesis (GO:0045721),3,0,0.18501,0.68828,0.9467273592715232,False
Reactome_2022,Interactions Of Rev With Host Cellular Proteins R-HSA-177243,3,0,0.5373,0.68862,0.9505385600553824,False
GO_BP_2023,Positive Regulation Of Glucose Import (GO:0046326),3,0,0.32724,0.68871,0.9602724609909662,False
GO_BP_2023,Positive Regulation Of Nuclear-Transcribed mRNA poly(A) Tail Shortening (GO:0060213),3,0,0.40978,0.68873,0.9441554404145076,False
GO_BP_2023,Fatty Acid Homeostasis (GO:0055089),3,0,0.61742,0.68895,0.9541864256075874,False
GO_BP_2023,Astrocyte Activation (GO:0048143),3,0,0.35114,0.68913,0.9602724609909662,False
GO_BP_2023,Cellular Response To Xenobiotic Stimulus (GO:0071466),3,0,0.61018,0.68917,0.9602724609909662,False
Reactome_2022,Transcriptional Regulation Of Granulopoiesis R-HSA-9616222,3,0,0.5391,0.68953,0.96051113847838,False
GO_BP_2023,Positive Regulation Of Cyclase Activity (GO:0031281),3,0,0.67988,0.68954,0.9602724609909662,False
GO_BP_2023,2-Oxoglutarate Metabolic Process (GO:0006103),3,0,0.62436,0.6896,0.959422346368715,False
GO_BP_2023,Signal Release From Synapse (GO:0099643),3,0,0.64646,0.68975,0.9583676546024508,False
GO_BP_2023,SMAD Protein Signal Transduction (GO:0060395),3,0,0.17703,0.68976,0.9142010813887308,False
GO_BP_2023,Fatty Acid Metabolic Process (GO:0006631),3,0,0.56749,0.68989,0.9529937644341802,False
Reactome_2022,Plasma Lipoprotein Clearance R-HSA-8964043,3,0,0.33213,0.69003,0.9207743464052288,False
Reactome_2022,Pre-NOTCH Transcription And Translation R-HSA-1912408,3,0,0.41304,0.69037,0.9595907571987204,False
GO_BP_2023,Telomere Capping (GO:0016233),3,0,0.62066,0.69045,0.9608400929215634,False
GO_BP_2023,Positive Regulation Of Receptor Internalization (GO:0002092),3,0,0.4613,0.69063,0.9393504765535644,False
GO_BP_2023,Nuclear Migration (GO:0007097),3,0,0.54059,0.69069,0.9560217647058824,False
GO_BP_2023,Proteolysis (GO:0006508),3,0,0.4253,0.69071,0.9467273592715232,False
GO_BP_2023,Negative Regulation Of Peptide Hormone Secretion (GO:0090278),3,0,0.52099,0.69093,0.9478996096522356,False
GO_BP_2023,Cellular Component Maintenance (GO:0043954),3,0,0.56149,0.69117,0.9529937644341802,False
GO_BP_2023,Synaptic Vesicle Membrane Organization (GO:0048499),3,0,0.50821,0.69166,0.9541864256075874,False
GO_BP_2023,RNA-mediated Gene Silencing (GO:0031047),3,0,0.25291,0.69173,0.9142010813887308,False
GO_BP_2023,Negative Regulation Of Intracellular Steroid Hormone Receptor Signaling Pathway (GO:0033144),3,0,0.41814,0.69245,0.961542032892963,False
GO_BP_2023,Regulation Of Osteoblast Proliferation (GO:0033688),3,0,0.48637,0.69248,0.9395154838709678,False
Reactome_2022,Glucocorticoid Biosynthesis R-HSA-194002,3,0,0.52131,0.69273,0.9541864256075874,False
GO_BP_2023,Regulation Of Monoatomic Ion Transmembrane Transporter Activity (GO:0032412),3,0,0.21951,0.69277,0.9142010813887308,False
GO_BP_2023,Phosphatidylinositol-3-Phosphate Biosynthetic Process (GO:0036092),3,0,0.61693,0.69302,0.957209686691578,False
Reactome_2022,IRS-related Events Triggered By IGF1R R-HSA-2428928,3,0,0.48465,0.69341,0.9394436882129276,False
Reactome_2022,Golgi Cisternae Pericentriolar Stack Reorganization R-HSA-162658,3,0,0.50037,0.69345,0.961542032892963,False
GO_BP_2023,Mitotic DNA Integrity Checkpoint Signaling (GO:0044774),3,0,0.6457,0.69349,0.961542032892963,False
GO_BP_2023,Erythrocyte Differentiation (GO:0030218),3,0,0.335,0.69352,0.9216143088552916,False
Reactome_2022,Rab Regulation Of Trafficking R-HSA-9007101,3,0,0.26153,0.69438,0.9142010813887308,False
Reactome_2022,PI3K/AKT Signaling In Cancer R-HSA-2219528,3,0,0.44925,0.6944,0.9393504765535644,False
Reactome_2022,B-WICH Complex Positively Regulates rRNA Expression R-HSA-5250924,3,0,0.6827,0.69479,0.961542032892963,False
GO_BP_2023,Intrinsic Apoptotic Signaling Pathway In Response To DNA Damage By P53 Class Mediator (GO:0042771),3,0,0.26299,0.69548,0.9142010813887308,False
Reactome_2022,Heparan Sulfate/Heparin (HS-GAG) Metabolism R-HSA-1638091,3,0,0.42568,0.6955,0.9385924805531548,False
GO_BP_2023,Negative Regulation Of Translational Initiation (GO:0045947),3,0,0.48757,0.69562,0.9402912533131388,False
GO_BP_2023,Replication Fork Processing (GO:0031297),3,0,0.060215,0.6957,0.8751797471910112,False
GO_BP_2023,Negative Regulation Of Voltage-Gated Calcium Channel Activity (GO:1901386),3,0,0.59683,0.69576,0.961542032892963,False
GO_BP_2023,Negative Regulation Of Cell Division (GO:0051782),3,0,0.40607,0.6964,0.9476422213769494,False
GO_BP_2023,Regulation Of Anoikis (GO:2000209),3,0,0.34031,0.69651,0.961542032892963,False
Reactome_2022,rRNA Processing R-HSA-72312,3,0,0.32694,0.69657,0.9559259177679882,False
GO_BP_2023,Regulation Of miRNA Transcription (GO:1902893),3,0,0.48407,0.69699,0.9393504765535644,False
Reactome_2022,Metabolism Of Folate And Pterines R-HSA-196757,3,0,0.54883,0.69706,0.957209686691578,False
GO_BP_2023,poly(A)+ mRNA Export From Nucleus (GO:0016973),3,0,0.57623,0.69733,0.961542032892963,False
GO_BP_2023,Glutamine Metabolic Process (GO:0006541),3,0,0.65417,0.6974,0.957209686691578,False
GO_BP_2023,Cellular Response To Radiation (GO:0071478),3,0,0.58587,0.69781,0.9533020999045498,False
GO_BP_2023,Inhibitory Synapse Assembly (GO:1904862),3,0,0.44731,0.69795,0.9586318752240948,False
Reactome_2022,TP53 Regulates Transcription Of Caspase Activators And Caspases R-HSA-6803207,3,0,0.093094,0.69827,0.9061465200764818,False
GO_BP_2023,Regulation Of Ras Protein Signal Transduction (GO:0046578),3,0,0.62473,0.69832,0.9541864256075874,False
GO_BP_2023,Positive Regulation Of Immune System Process (GO:0002684),3,0,0.49732,0.69837,0.961542032892963,False
GO_BP_2023,Regulation Of Response To External Stimulus (GO:0032101),3,0,0.36418,0.69871,0.9595907571987204,False
Reactome_2022,Toll Like Receptor 9 (TLR9) Cascade R-HSA-168138,3,0,0.51657,0.69879,0.961542032892963,False
GO_BP_2023,"Regulation Of CD4-positive, Alpha-Beta T Cell Differentiation (GO:0043370)",3,0,0.64794,0.6988,0.961542032892963,False
Reactome_2022,Anchoring Of Basal Body To Plasma Membrane R-HSA-5620912,3,0,0.43568,0.69905,0.961542032892963,False
GO_BP_2023,miRNA Catabolic Process (GO:0010587),3,0,0.64792,0.69913,0.957209686691578,False
GO_BP_2023,Mitotic G2/M Transition Checkpoint (GO:0044818),3,0,0.062828,0.69927,0.918919315068493,False
GO_BP_2023,Regulation Of Interleukin-1 Production (GO:0032652),3,0,0.30551,0.69937,0.9142010813887308,False
GO_BP_2023,Positive Regulation Of Hormone Secretion (GO:0046887),3,0,0.35967,0.69942,0.922255873493976,False
GO_BP_2023,Positive Regulation Of Vascular Endothelial Growth Factor Production (GO:0010575),3,0,0.2344,0.69946,0.9142010813887308,False
Reactome_2022,Condensation Of Prophase Chromosomes R-HSA-2299718,3,0,0.33363,0.69947,0.9476422213769494,False
GO_BP_2023,Membrane Fusion (GO:0061025),3,0,0.42664,0.69951,0.961542032892963,False
GO_BP_2023,Regulation Of Glycoprotein Biosynthetic Process (GO:0010559),3,0,0.52377,0.6998,0.9478996096522356,False
GO_BP_2023,Regulation Of Exosomal Secretion (GO:1903541),3,0,0.29135,0.69982,0.9558745474695236,False
Reactome_2022,"Plasma Lipoprotein Assembly, Remodeling, And Clearance R-HSA-174824",3,0,0.39387,0.69989,0.9336131578947368,False
GO_BP_2023,Chondroitin Sulfate Biosynthetic Process (GO:0030206),3,0,0.44646,0.6999,0.9393504765535644,False
GO_BP_2023,Nucleic Acid Phosphodiester Bond Hydrolysis (GO:0090305),3,0,0.25485,0.7002,0.9142010813887308,False
GO_BP_2023,Regulation Of Mitochondrial Fission (GO:0090140),3,0,0.21399,0.70028,0.9142010813887308,False
GO_BP_2023,Synaptic Vesicle Cycle (GO:0099504),3,0,0.57475,0.70028,0.961542032892963,False
GO_BP_2023,Negative Regulation Of Fatty Acid Metabolic Process (GO:0045922),3,0,0.64759,0.70036,0.961542032892963,False
Hallmark_2020,Hypoxia,3,0,0.57589,0.7004,0.9533020999045498,False
GO_BP_2023,Plasma Membrane Bounded Cell Projection Assembly (GO:0120031),3,0,0.56876,0.70045,0.9541864256075874,False
GO_BP_2023,Protein Complex Oligomerization (GO:0051259),3,0,0.62835,0.7006,0.9541864256075874,False
GO_BP_2023,Regulation Of Vascular Endothelial Growth Factor Signaling Pathway (GO:1900746),3,0,0.43071,0.70063,0.9393504765535644,False
GO_BP_2023,Positive Regulation Of CREB Transcription Factor Activity (GO:0032793),3,0,0.47413,0.70066,0.961542032892963,False
GO_BP_2023,Positive Regulation Of Adaptive Immune Response Based On Somatic Recombination Of Immune Receptors Built From Immunoglobulin Superfamily Domains (GO:0002824),3,0,0.41143,0.70067,0.9348970419426048,False
GO_BP_2023,Peptidyl-Serine Phosphorylation (GO:0018105),3,0,0.63943,0.70084,0.9602724609909662,False
GO_BP_2023,Regulation Of Glucose Transmembrane Transport (GO:0010827),3,0,0.65712,0.7011,0.959422346368715,False
GO_BP_2023,"Negative Regulation Of mRNA Splicing, Via Spliceosome (GO:0048025)",3,0,0.56698,0.70135,0.9550268877702102,False
Reactome_2022,Signaling By TGFB Family Members R-HSA-9006936,3,0,0.13857,0.7021,0.9142010813887308,False
Reactome_2022,Degradation Of Cysteine And Homocysteine R-HSA-1614558,3,0,0.25183,0.70212,0.9142010813887308,False
GO_BP_2023,Diol Metabolic Process (GO:0034311),3,0,0.57187,0.70249,0.9624195402298852,False
GO_BP_2023,Base-Excision Repair (GO:0006284),3,0,0.46896,0.70274,0.9393504765535644,False
Reactome_2022,Passive Transport By Aquaporins R-HSA-432047,3,0,0.49293,0.70281,0.9624195402298852,False
GO_BP_2023,Positive Regulation Of MAP Kinase Activity (GO:0043406),3,0,0.32631,0.70289,0.9172943219404628,False
GO_BP_2023,Negative Regulation Of Smooth Muscle Cell Migration (GO:0014912),3,0,0.1554,0.70294,0.9142010813887308,False
GO_BP_2023,Lymphocyte Chemotaxis (GO:0048247),3,0,0.64149,0.70301,0.9624195402298852,False
GO_BP_2023,Negative Regulation Of Cytokine Production (GO:0001818),3,0,0.32088,0.70333,0.9441554404145076,False
GO_BP_2023,Positive Regulation Of NIK/NF-kappaB Signaling (GO:1901224),3,0,0.61791,0.70345,0.9624195402298852,False
GO_BP_2023,Lipid Biosynthetic Process (GO:0008610),3,0,0.62012,0.7035,0.9541864256075874,False
GO_BP_2023,cGMP-mediated Signaling (GO:0019934),3,0,0.31091,0.704,0.9142010813887308,False
GO_BP_2023,In Utero Embryonic Development (GO:0001701),3,0,0.30755,0.70475,0.9441554404145076,False
GO_BP_2023,Positive Regulation Of Natural Killer Cell Mediated Immunity (GO:0002717),3,0,0.27804,0.70496,0.9441554404145076,False
Reactome_2022,Activated TAK1 Mediates P38 MAPK Activation R-HSA-450302,3,0,0.1495,0.70523,0.9142010813887308,False
Reactome_2022,Interleukin-15 Signaling R-HSA-8983432,3,0,0.62459,0.70562,0.957209686691578,False
GO_BP_2023,Positive Regulation Of Macrophage Activation (GO:0043032),3,0,0.2785,0.70568,0.9142010813887308,False
GO_BP_2023,Regulation Of Muscle Contraction (GO:0006937),3,0,0.17076,0.70615,0.9142010813887308,False
GO_BP_2023,Negative Regulation Of Transmembrane Transport (GO:0034763),3,0,0.57514,0.70623,0.9540388679245284,False
GO_BP_2023,Skeletal Muscle Contraction (GO:0003009),3,0,0.47325,0.70638,0.9624195402298852,False
Reactome_2022,Negative Epigenetic Regulation Of rRNA Expression R-HSA-5250941,3,0,0.38194,0.70648,0.9624195402298852,False
Reactome_2022,IGF1R Signaling Cascade R-HSA-2428924,3,0,0.43924,0.70655,0.9393504765535644,False
Reactome_2022,Sphingolipid Metabolism R-HSA-428157,3,0,0.075886,0.70666,0.9046810444874276,False
GO_BP_2023,Protein O-linked Mannosylation (GO:0035269),3,0,0.52212,0.70673,0.9478996096522356,False
GO_BP_2023,G Protein-Coupled Acetylcholine Receptor Signaling Pathway (GO:0007213),3,0,0.51652,0.70681,0.9566735910404623,False
GO_BP_2023,"Positive Regulation Of CD4-positive, Alpha-Beta T Cell Activation (GO:2000516)",3,0,0.19658,0.70689,0.9441554404145076,False
GO_BP_2023,Muscle Filament Sliding (GO:0030049),3,0,0.28176,0.70689,0.9142010813887308,False
Reactome_2022,Activation Of BH3-only Proteins R-HSA-114452,3,0,0.53731,0.70725,0.9505385600553824,False
GO_BP_2023,Cellular Response To Ionizing Radiation (GO:0071479),3,0,0.46816,0.70735,0.9624195402298852,False
GO_BP_2023,Non-Membrane-Bounded Organelle Assembly (GO:0140694),3,0,0.5127,0.70739,0.9465516866158868,False
Reactome_2022,Translocation Of ZAP-70 To Immunological Synapse R-HSA-202430,3,0,0.63777,0.70787,0.9560217647058824,False
GO_BP_2023,Positive Regulation Of Interleukin-4 Production (GO:0032753),3,0,0.60721,0.70793,0.9541864256075874,False
GO_BP_2023,Positive Regulation Of Intrinsic Apoptotic Signaling Pathway (GO:2001244),3,0,0.34909,0.70805,0.922255873493976,False
GO_BP_2023,Negative Regulation Of Actin Filament Polymerization (GO:0030837),3,0,0.59946,0.70827,0.959422346368715,False
GO_BP_2023,Pancreas Development (GO:0031016),3,0,0.48873,0.7086,0.9409475992438564,False
GO_BP_2023,Granulocyte Activation (GO:0036230),3,0,0.55504,0.70869,0.9602724609909662,False
GO_BP_2023,Negative Regulation Of Secretion (GO:0051048),3,0,0.57756,0.7087,0.961542032892963,False
GO_BP_2023,"Maturation Of SSU-rRNA From Tricistronic rRNA Transcript (SSU-rRNA, 5.8S rRNA, LSU-rRNA) (GO:0000462)",3,0,0.2132,0.70886,0.9441554404145076,False
GO_BP_2023,Neuron Fate Commitment (GO:0048663),3,0,0.47604,0.70889,0.9393504765535644,False
GO_BP_2023,Regulation Of Lysosomal Lumen pH (GO:0035751),3,0,0.62311,0.70908,0.9625442194992008,False
GO_BP_2023,Neurotransmitter Secretion (GO:0007269),3,0,0.63918,0.70937,0.9625442194992008,False
GO_BP_2023,Regulation Of Peroxisome Proliferator Activated Receptor Signaling Pathway (GO:0035358),3,0,0.48896,0.70989,0.9409475992438564,False
Reactome_2022,RUNX3 Regulates p14-ARF R-HSA-8951936,3,0,0.28901,0.71053,0.9142010813887308,False
Reactome_2022,MAPK3 (ERK1) Activation R-HSA-110056,3,0,0.41985,0.71053,0.9476422213769494,False
GO_BP_2023,Positive Regulation Of Neuroinflammatory Response (GO:0150078),3,0,0.13846,0.71066,0.9142010813887308,False
GO_BP_2023,Vesicle Docking (GO:0048278),3,0,0.51642,0.7107,0.9625746549893844,False
Reactome_2022,Integrin Signaling R-HSA-354192,3,0,0.28362,0.71077,0.9142010813887308,False
GO_BP_2023,Negative Regulation Of Leukocyte Mediated Cytotoxicity (GO:0001911),3,0,0.56299,0.71077,0.9625746549893844,False
GO_BP_2023,Protein Localization To Synapse (GO:0035418),3,0,0.69227,0.71082,0.961542032892963,False
GO_BP_2023,Dicarboxylic Acid Transport (GO:0006835),3,0,0.63428,0.711,0.955233372781065,False
GO_BP_2023,ncRNA Catabolic Process (GO:0034661),3,0,0.6056,0.71108,0.9625746549893844,False
GO_BP_2023,Response To Tumor Necrosis Factor (GO:0034612),3,0,0.60841,0.71135,0.9541864256075874,False
GO_BP_2023,Regulation Of mRNA Processing (GO:0050684),3,0,0.46268,0.71139,0.9393504765535644,False
GO_BP_2023,Regulation Of Phosphatidylinositol 3-Kinase Activity (GO:0043551),3,0,0.41554,0.71146,0.9348970419426048,False
GO_BP_2023,Negative Regulation Of GTPase Activity (GO:0034260),3,0,0.49989,0.71179,0.9566735910404623,False
GO_BP_2023,Sulfate Transport (GO:0008272),3,0,0.54305,0.71183,0.9541864256075874,False
Reactome_2022,Opioid Signaling R-HSA-111885,3,0,0.59869,0.71184,0.9541864256075874,False
GO_BP_2023,Cytoplasmic Sequestering Of Transcription Factor (GO:0042994),3,0,0.6187,0.71188,0.9625746549893844,False
GO_BP_2023,Regulation Of B Cell Apoptotic Process (GO:0002902),3,0,0.12111,0.71204,0.9109985401459854,False
GO_BP_2023,Gene Expression (GO:0010467),3,0,0.41303,0.71226,0.9625746549893844,False
Reactome_2022,Regulation Of TP53 Activity Thru Acetylation R-HSA-6804758,3,0,0.48541,0.71226,0.9394436882129276,False
GO_BP_2023,Organic Anion Transport (GO:0015711),3,0,0.59971,0.71227,0.9541864256075874,False
Reactome_2022,Regulation Of PTEN Gene Transcription R-HSA-8943724,3,0,0.51586,0.71239,0.9467693583273252,False
GO_BP_2023,Canonical Wnt Signaling Pathway (GO:0060070),3,0,0.54238,0.71244,0.961542032892963,False
Reactome_2022,RHO GTPases Activate WASPs And WAVEs R-HSA-5663213,3,0,0.60156,0.71244,0.9625746549893844,False
Reactome_2022,FLT3 Signaling R-HSA-9607240,3,0,0.52585,0.7133,0.957209686691578,False
GO_BP_2023,Regulation Of Toll-Like Receptor 2 Signaling Pathway (GO:0034135),3,0,0.19517,0.71348,0.9476422213769494,False
Reactome_2022,Ephrin Signaling R-HSA-3928664,3,0,0.61821,0.71366,0.9630497782415862,False
Reactome_2022,Paracetamol ADME R-HSA-9753281,3,0,0.26229,0.71388,0.9476422213769494,False
GO_BP_2023,Regulation Of Spindle Assembly (GO:0090169),3,0,0.29774,0.71397,0.9530034431137724,False
GO_BP_2023,T-helper Cell Differentiation (GO:0042093),3,0,0.56304,0.71397,0.9529937644341802,False
Reactome_2022,Serotonin Receptors R-HSA-390666,3,0,0.61051,0.71427,0.9541864256075874,False
GO_BP_2023,Inner Ear Morphogenesis (GO:0042472),3,0,0.27423,0.71481,0.9441554404145076,False
GO_BP_2023,Cochlea Morphogenesis (GO:0090103),3,0,0.65682,0.71508,0.959422346368715,False
GO_BP_2023,Neuron Projection Organization (GO:0106027),3,0,0.48183,0.71542,0.9566735910404623,False
GO_BP_2023,Transition Metal Ion Transport (GO:0000041),3,0,0.58945,0.71565,0.953328006329114,False
GO_BP_2023,Mitotic Nuclear Division (GO:0140014),3,0,0.69441,0.71566,0.961542032892963,False
GO_BP_2023,Regulation Of DNA-templated DNA Replication Initiation (GO:0030174),3,0,0.3297,0.71579,0.917809705561614,False
Reactome_2022,CTNNB1 S33 Mutants Not Phosphorylated R-HSA-5358747,3,0,0.60125,0.71587,0.9541864256075874,False
Reactome_2022,Cell Junction Organization R-HSA-446728,3,0,0.6626,0.71594,0.959422346368715,False
GO_BP_2023,Response To Ionizing Radiation (GO:0010212),3,0,0.25975,0.71613,0.9476422213769494,False
Reactome_2022,RNA Polymerase I Transcription Termination R-HSA-73863,3,0,0.56728,0.71638,0.959422346368715,False
Reactome_2022,Signaling By ALK R-HSA-201556,3,0,0.21456,0.71671,0.9142010813887308,False
GO_BP_2023,Response To Progesterone (GO:0032570),3,0,0.557,0.71681,0.9630497782415862,False
Reactome_2022,Intracellular Signaling By Second Messengers R-HSA-9006925,3,0,0.57863,0.71696,0.9602724609909662,False
GO_BP_2023,Regulation Of Protein Binding (GO:0043393),3,0,0.51449,0.71706,0.9630497782415862,False
Reactome_2022,TP53 Regulates Transcription Of Additional Cell Cycle Genes With Uncertain Roles In P53 Pathway R-HSA-6804115,3,0,0.29147,0.71722,0.9553028645833334,False
Reactome_2022,Regulation Of KIT Signaling R-HSA-1433559,3,0,0.43272,0.71728,0.9393504765535644,False
GO_BP_2023,Epithelial Cell Migration (GO:0010631),3,0,0.68758,0.71731,0.9630497782415862,False
Reactome_2022,Regulation Of Actin Dynamics For Phagocytic Cup Formation R-HSA-2029482,3,0,0.56334,0.7175,0.9630497782415862,False
Reactome_2022,Transcriptional Regulation By RUNX1 R-HSA-8878171,3,0,0.28059,0.71766,0.952718123827392,False
GO_BP_2023,Neuromuscular Junction Development (GO:0007528),3,0,0.4669,0.71801,0.9409529977794228,False
Reactome_2022,IRF3-mediated Induction Of Type I IFN R-HSA-3270619,3,0,0.62466,0.71827,0.9630497782415862,False
GO_BP_2023,"Positive Regulation Of Nuclear-Transcribed mRNA Catabolic Process, Deadenylation-Dependent Decay (GO:1900153)",3,0,0.48592,0.71831,0.9476422213769494,False
GO_BP_2023,Positive Regulation Of Secretion (GO:0051047),3,0,0.63763,0.71859,0.9630497782415862,False
Reactome_2022,TRAF3-dependent IRF Activation Pathway R-HSA-918233,3,0,0.28647,0.71888,0.9630497782415862,False
GO_BP_2023,Actin-Myosin Filament Sliding (GO:0033275),3,0,0.36036,0.71908,0.922255873493976,False
GO_BP_2023,Presynaptic Endocytosis (GO:0140238),3,0,0.63976,0.71934,0.9630497782415862,False
GO_BP_2023,Intrinsic Apoptotic Signaling Pathway In Response To Oxidative Stress (GO:0008631),3,0,0.49609,0.71958,0.9624195402298852,False
GO_BP_2023,Positive Regulation Of Epidermal Cell Differentiation (GO:0045606),3,0,0.079258,0.71966,0.931693348729792,False
Reactome_2022,TRAF6 Mediated IRF7 Activation R-HSA-933541,3,0,0.1256,0.71976,0.9441554404145076,False
Reactome_2022,Mitochondrial Calcium Ion Transport R-HSA-8949215,3,0,0.5416,0.71977,0.9630497782415862,False
Reactome_2022,Pre-NOTCH Expression And Processing R-HSA-1912422,3,0,0.65698,0.71992,0.9602724609909662,False
GO_BP_2023,Negative Regulation Of Microtubule Polymerization (GO:0031115),3,0,0.59738,0.7207,0.9630497782415862,False
Reactome_2022,Diseases Of Programmed Cell Death R-HSA-9645723,3,0,0.31773,0.72093,0.9630497782415862,False
GO_BP_2023,Regulation Of Lipid Biosynthetic Process (GO:0046890),3,0,0.62545,0.72099,0.9541864256075874,False
GO_BP_2023,Defense Response To Tumor Cell (GO:0002357),3,0,0.53481,0.72108,0.9505385600553824,False
Reactome_2022,Cellular Senescence R-HSA-2559583,3,0,0.59604,0.72119,0.9540388679245284,False
GO_BP_2023,Positive Regulation Of Osteoblast Differentiation (GO:0045669),3,0,0.29582,0.72125,0.9142010813887308,False
GO_BP_2023,Secondary Alcohol Biosynthetic Process (GO:1902653),3,0,0.48632,0.72128,0.9395154838709678,False
GO_BP_2023,Associative Learning (GO:0008306),3,0,0.37734,0.72182,0.9630497782415862,False
GO_BP_2023,DNA Repair-Dependent Chromatin Remodeling (GO:0140861),3,0,0.55183,0.72203,0.9560217647058824,False
Reactome_2022,Apoptosis R-HSA-109581,3,0,0.098092,0.72212,0.94165,False
GO_BP_2023,DNA Modification (GO:0006304),3,0,0.59486,0.72242,0.9630497782415862,False
GO_BP_2023,Blood Vessel Endothelial Cell Migration (GO:0043534),3,0,0.40174,0.72252,0.9336131578947368,False
GO_BP_2023,"Regulation Of Retrograde Protein Transport, ER To Cytosol (GO:1904152)",3,0,0.43794,0.72254,0.9393504765535644,False
Reactome_2022,RHO GTPases Activate Formins R-HSA-5663220,3,0,0.29755,0.72277,0.9142010813887308,False
GO_BP_2023,Positive Regulation Of Neuron Apoptotic Process (GO:0043525),3,0,0.49102,0.72318,0.948287452615618,False
Reactome_2022,Metabolism Of Carbohydrates R-HSA-71387,3,0,0.57416,0.72331,0.9630497782415862,False
GO_BP_2023,Negative Regulation Of Voltage-Gated Potassium Channel Activity (GO:1903817),3,0,0.2999,0.72339,0.9467273592715232,False
GO_BP_2023,"Synaptic Transmission, GABAergic (GO:0051932)",3,0,0.50176,0.7236,0.9428994832041344,False
GO_BP_2023,Regulation Of Calcium Ion Import Across Plasma Membrane (GO:1905664),3,0,0.52916,0.72372,0.9533020999045498,False
GO_BP_2023,Regulation Of Catabolic Process (GO:0009894),3,0,0.1292,0.72392,0.9142010813887308,False
GO_BP_2023,Visual System Development (GO:0150063),3,0,0.3111,0.72404,0.948287452615618,False
GO_BP_2023,Negative Regulation Of Interleukin-17 Production (GO:0032700),3,0,0.18266,0.72456,0.9441554404145076,False
GO_BP_2023,Phagosome-Lysosome Fusion (GO:0090385),3,0,0.36006,0.72462,0.9441554404145076,False
Reactome_2022,Attenuation Phase R-HSA-3371568,3,0,0.59757,0.72471,0.9630497782415862,False
GO_BP_2023,Negative Regulation Of Osteoclast Differentiation (GO:0045671),3,0,0.64133,0.72484,0.9562800292397662,False
GO_BP_2023,Nuclear Membrane Organization (GO:0071763),3,0,0.38887,0.72506,0.932385674025364,False
Reactome_2022,Beta-catenin Independent WNT Signaling R-HSA-3858494,3,0,0.47766,0.72509,0.9566735910404623,False
GO_BP_2023,Ribosomal Large Subunit Biogenesis (GO:0042273),3,0,0.39261,0.7252,0.9476422213769494,False
GO_BP_2023,Regulation Of Vascular Endothelial Cell Proliferation (GO:1905562),3,0,0.10628,0.72527,0.9090356792144026,False
GO_BP_2023,Regulation Of Mitochondrial Membrane Potential (GO:0051881),3,0,0.43607,0.72577,0.9393504765535644,False
GO_BP_2023,Regulation Of Telomerase Activity (GO:0051972),3,0,0.57845,0.72586,0.9541864256075874,False
Hallmark_2020,Xenobiotic Metabolism,3,0,0.53242,0.72588,0.9505385600553824,False
GO_BP_2023,Regulation Of Protein Metabolic Process (GO:0051246),3,0,0.44729,0.72606,0.9393504765535644,False
GO_BP_2023,Fatty Acid Beta-Oxidation Using acyl-CoA Oxidase (GO:0033540),3,0,0.10578,0.72649,0.9090356792144026,False
GO_BP_2023,Regulation Of Endothelial Cell Proliferation (GO:0001936),3,0,0.55113,0.72649,0.9529937644341802,False
GO_BP_2023,Response To Cytokine (GO:0034097),3,0,0.48129,0.72653,0.9632415368639669,False
Reactome_2022,Signaling By Type 1 Insulin-like Growth Factor 1 Receptor (IGF1R) R-HSA-2404192,3,0,0.48043,0.72661,0.9393504765535644,False
GO_BP_2023,Positive Regulation Of Lipid Kinase Activity (GO:0090218),3,0,0.68787,0.72704,0.9630497782415862,False
GO_BP_2023,Microtubule Anchoring At Centrosome (GO:0034454),3,0,0.32211,0.72717,0.9156606246514224,False
GO_BP_2023,Atrioventricular Valve Development (GO:0003171),3,0,0.53486,0.72728,0.9632415368639669,False
Reactome_2022,MET Activates PTK2 Signaling R-HSA-8874081,3,0,0.30541,0.72733,0.9142010813887308,False
Reactome_2022,Post-chaperonin Tubulin Folding Pathway R-HSA-389977,3,0,0.35556,0.72737,0.9441554404145076,False
GO_BP_2023,Phosphate Ion Transmembrane Transport (GO:0035435),3,0,0.65894,0.72742,0.9632415368639669,False
Reactome_2022,RHOQ GTPase Cycle R-HSA-9013406,3,0,0.47782,0.72749,0.9632415368639669,False
GO_BP_2023,Neuron Differentiation (GO:0030182),3,0,0.45022,0.72782,0.9393504765535644,False
GO_BP_2023,Intraciliary Retrograde Transport (GO:0035721),3,0,0.71208,0.72795,0.9625746549893844,False
Reactome_2022,FGFR2 Alternative Splicing R-HSA-6803529,3,0,0.58297,0.72813,0.9533020999045498,False
Reactome_2022,Metabolism Of Nucleotides R-HSA-15869,3,0,0.43479,0.72847,0.9393504765535644,False
GO_BP_2023,Response To X-ray (GO:0010165),3,0,0.48841,0.72869,0.9632415368639669,False
GO_BP_2023,Regulation Of Cellular Catabolic Process (GO:0031329),3,0,0.5949,0.72879,0.9632415368639669,False
GO_BP_2023,Protein Insertion Into ER Membrane (GO:0045048),3,0,0.56303,0.72881,0.9632415368639669,False
Reactome_2022,RHOBTB3 ATPase Cycle R-HSA-9706019,3,0,0.41272,0.72894,0.9348970419426048,False
GO_BP_2023,Immunoglobulin Production Involved In Immunoglobulin-Mediated Immune Response (GO:0002381),3,0,0.64614,0.729,0.957209686691578,False
Reactome_2022,GAG Synthesis Requires Tetrasaccharide Linker Sequence R-HSA-1971475,3,0,0.36277,0.72914,0.9225052947052946,False
Reactome_2022,Signaling By Leptin R-HSA-2586552,3,0,0.35712,0.72939,0.922255873493976,False
Reactome_2022,Platelet Sensitization By LDL R-HSA-432142,3,0,0.45643,0.72941,0.9393504765535644,False
Reactome_2022,Synthesis Of Bile Acids And Bile Salts R-HSA-192105,3,0,0.62025,0.72953,0.957209686691578,False
GO_BP_2023,Positive Regulation Of Platelet Aggregation (GO:1901731),3,0,0.29526,0.72995,0.9566735910404623,False
GO_BP_2023,Negative Regulation Of B Cell Activation (GO:0050869),3,0,0.72382,0.73057,0.9630497782415862,False
GO_BP_2023,Negative Regulation Of RNA Biosynthetic Process (GO:1902679),3,0,0.67301,0.73072,0.9625442194992008,False
Reactome_2022,Activation Of IRF3/IRF7 Mediated By TBK1/IKK Epsilon R-HSA-936964,3,0,0.5938,0.73111,0.9540388679245284,False
GO_BP_2023,T Cell Homeostasis (GO:0043029),3,0,0.31403,0.73142,0.9633276891405044,False
Reactome_2022,Transport Of SLBP Independent Mature mRNA R-HSA-159227,3,0,0.57866,0.73171,0.9533020999045498,False
Reactome_2022,Defects Of Contact Activation System (CAS) And Kallikrein/Kinin System (KKS) R-HSA-9651496,3,0,0.47681,0.73174,0.9633276891405044,False
GO_BP_2023,Ribosomal Large Subunit Assembly (GO:0000027),3,0,0.65113,0.7318,0.9633276891405044,False
GO_BP_2023,Rap Protein Signal Transduction (GO:0032486),3,0,0.17348,0.73194,0.9441554404145076,False
Reactome_2022,Pexophagy R-HSA-9664873,3,0,0.50739,0.73206,0.9633276891405044,False
GO_BP_2023,Positive Regulation Of Natural Killer Cell Activation (GO:0032816),3,0,0.61878,0.73211,0.9583676546024508,False
Reactome_2022,NoRC Negatively Regulates rRNA Expression R-HSA-427413,3,0,0.43473,0.73227,0.9633276891405044,False
Reactome_2022,PI-3K cascade:FGFR3 R-HSA-5654710,3,0,0.61615,0.73237,0.9541864256075874,False
GO_BP_2023,Regulation Of Cellular Component Biogenesis (GO:0044087),3,0,0.46291,0.73241,0.9393504765535644,False
GO_BP_2023,Positive Regulation Of Leukocyte Proliferation (GO:0070665),3,0,0.66039,0.73249,0.959422346368715,False
GO_BP_2023,Regulation Of Monocyte Differentiation (GO:0045655),3,0,0.12786,0.73264,0.9441554404145076,False
GO_BP_2023,Organophosphate Catabolic Process (GO:0046434),3,0,0.49886,0.73274,0.9409529977794228,False
GO_BP_2023,Regulation Of Activated T Cell Proliferation (GO:0046006),3,0,0.54145,0.73288,0.9633276891405044,False
GO_BP_2023,Monocarboxylic Acid Metabolic Process (GO:0032787),3,0,0.52781,0.73293,0.9541864256075874,False
GO_BP_2023,Negative Regulation Of Cell-Cell Adhesion (GO:0022408),3,0,0.45973,0.73298,0.9633276891405044,False
GO_BP_2023,Phospholipid Dephosphorylation (GO:0046839),3,0,0.30298,0.73311,0.9441554404145076,False
GO_BP_2023,Positive Regulation Of Cellular Senescence (GO:2000774),3,0,0.44267,0.73366,0.9393504765535644,False
GO_BP_2023,Inorganic Cation Transmembrane Transport (GO:0098662),3,0,0.37382,0.73368,0.9476422213769494,False
GO_BP_2023,Positive Regulation Of Mitotic Cell Cycle (GO:0045931),3,0,0.23687,0.73384,0.9142010813887308,False
GO_BP_2023,Nucleotide Metabolic Process (GO:0009117),3,0,0.36041,0.73396,0.922255873493976,False
Reactome_2022,IRE1alpha Activates Chaperones R-HSA-381070,3,0,0.21208,0.73397,0.9142010813887308,False
GO_BP_2023,Cellular Modified Amino Acid Catabolic Process (GO:0042219),3,0,0.25146,0.73401,0.9142010813887308,False
GO_BP_2023,Actin Cytoskeleton Reorganization (GO:0031532),3,0,0.61238,0.73437,0.9633276891405044,False
GO_BP_2023,Regulation Of mRNA Metabolic Process (GO:1903311),3,0,0.40457,0.73488,0.9633276891405044,False
Reactome_2022,ABC Transporters In Lipid Homeostasis R-HSA-1369062,3,0,0.62303,0.73497,0.9630497782415862,False
GO_BP_2023,Sulfur Compound Transport (GO:0072348),3,0,0.64653,0.73503,0.9632415368639669,False
GO_BP_2023,Circulatory System Development (GO:0072359),3,0,0.46014,0.73516,0.9393504765535644,False
GO_BP_2023,Atrial Cardiac Muscle Cell Action Potential (GO:0086014),3,0,0.47558,0.73528,0.9633276891405044,False
GO_BP_2023,Low-Density Lipoprotein Particle Remodeling (GO:0034374),3,0,0.69587,0.73543,0.961542032892963,False
GO_BP_2023,Cellular Response To Type II Interferon (GO:0071346),3,0,0.60265,0.73546,0.9633276891405044,False
GO_BP_2023,Autophagosome Maturation (GO:0097352),3,0,0.59261,0.73586,0.95392039203288,False
GO_BP_2023,Positive Regulation Of Tyrosine Phosphorylation Of STAT Protein (GO:0042531),3,0,0.59575,0.73592,0.9635129115226336,False
Reactome_2022,Selective Autophagy R-HSA-9663891,3,0,0.66511,0.7362,0.9602724609909662,False
GO_BP_2023,Regulation Of Protein Localization To Cell Periphery (GO:1904375),3,0,0.68599,0.73628,0.9602724609909662,False
GO_BP_2023,Positive Regulation Of Lyase Activity (GO:0051349),3,0,0.64276,0.73639,0.9630497782415862,False
GO_BP_2023,Modulation By Host Of Viral Process (GO:0044788),3,0,0.45464,0.7365,0.9393504765535644,False
GO_BP_2023,RNA Destabilization (GO:0050779),3,0,0.53077,0.73658,0.9505385600553824,False
GO_BP_2023,Positive Regulation Of Cytokine Production Involved In Inflammatory Response (GO:1900017),3,0,0.66817,0.73669,0.9630497782415862,False
GO_BP_2023,Complement Receptor Mediated Signaling Pathway (GO:0002430),3,0,0.20246,0.73716,0.945454381443299,False
GO_BP_2023,Response To Interferon-Alpha (GO:0035455),3,0,0.65415,0.73756,0.9636665240372516,False
GO_BP_2023,Cellular Response To Organic Cyclic Compound (GO:0071407),3,0,0.6384,0.73757,0.9636665240372516,False
Reactome_2022,Transferrin Endocytosis And Recycling R-HSA-917977,3,0,0.53512,0.73786,0.9505385600553824,False
GO_BP_2023,Prostanoid Metabolic Process (GO:0006692),3,0,0.67185,0.73797,0.9602724609909662,False
GO_BP_2023,Cellular Response To Estrogen Stimulus (GO:0071391),3,0,0.62696,0.73798,0.9636665240372516,False
GO_BP_2023,Organic Cyclic Compound Biosynthetic Process (GO:1901362),3,0,0.64917,0.73805,0.957209686691578,False
GO_BP_2023,DNA-templated Transcription Termination (GO:0006353),3,0,0.2912,0.73845,0.9476422213769494,False
GO_BP_2023,Regulation Of Early Endosome To Late Endosome Transport (GO:2000641),3,0,0.47005,0.73884,0.9566735910404623,False
GO_BP_2023,Regulation Of Ubiquitin-Protein Transferase Activity (GO:0051438),3,0,0.60991,0.73891,0.959422346368715,False
GO_BP_2023,Cytoplasmic Translational Initiation (GO:0002183),3,0,0.2854,0.73899,0.9441554404145076,False
GO_BP_2023,"Base-Excision Repair, Gap-Filling (GO:0006287)",3,0,0.51071,0.73949,0.9454545718432512,False
GO_BP_2023,Negative Regulation Of Calcium Ion Transport (GO:0051926),3,0,0.37429,0.73952,0.9278852140077822,False
GO_BP_2023,Pore Complex Assembly (GO:0046931),3,0,0.5477,0.73955,0.9529937644341802,False
GO_BP_2023,Skeletal Muscle Fiber Development (GO:0048741),3,0,0.42836,0.73958,0.9559259177679882,False
Reactome_2022,Formation Of Senescence-Associated Heterochromatin Foci (SAHF) R-HSA-2559584,3,0,0.69175,0.73978,0.9632415368639669,False
Reactome_2022,Synthesis Of DNA R-HSA-69239,3,0,0.45802,0.7398,0.9393504765535644,False
Reactome_2022,Nucleotide Salvage R-HSA-8956321,3,0,0.35982,0.73995,0.922255873493976,False
GO_BP_2023,Telomere Maintenance (GO:0000723),3,0,0.2747,0.74,0.9216143088552916,False
GO_BP_2023,Axon Extension (GO:0048675),3,0,0.57193,0.74002,0.9636665240372516,False
GO_BP_2023,Positive Regulation Of Integrin-Mediated Signaling Pathway (GO:2001046),3,0,0.5926,0.74003,0.9560217647058824,False
GO_BP_2023,Cellular Response To Organic Substance (GO:0071310),3,0,0.66493,0.74005,0.959422346368715,False
Reactome_2022,Signaling By FGFR2 IIIa TM R-HSA-8851708,3,0,0.55304,0.74007,0.957209686691578,False
GO_BP_2023,Negative Regulation Of Receptor Signaling Pathway Via JAK-STAT (GO:0046426),3,0,0.31869,0.74063,0.914765388951522,False
GO_BP_2023,Mitochondrial Gene Expression (GO:0140053),3,0,0.6303,0.74081,0.9583676546024508,False
Reactome_2022,Growth Hormone Receptor Signaling R-HSA-982772,3,0,0.26285,0.7411,0.9142010813887308,False
GO_BP_2023,Mitochondrial Transport (GO:0006839),3,0,0.63119,0.74118,0.9541864256075874,False
Reactome_2022,Sensory Processing Of Sound R-HSA-9659379,3,0,0.57973,0.74137,0.9636665240372516,False
GO_BP_2023,Mitotic Sister Chromatid Cohesion (GO:0007064),3,0,0.62669,0.74143,0.9636665240372516,False
Reactome_2022,Acyl Chain Remodelling Of PC R-HSA-1482788,3,0,0.52836,0.74166,0.9636665240372516,False
GO_BP_2023,Negative Regulation Of NF-kappaB Transcription Factor Activity (GO:0032088),3,0,0.41358,0.74169,0.9348970419426048,False
GO_BP_2023,Membrane Repolarization During Cardiac Muscle Cell Action Potential (GO:0086013),3,0,0.58545,0.74174,0.9636665240372516,False
Reactome_2022,Calcitonin-like Ligand Receptors R-HSA-419812,3,0,0.48154,0.74176,0.9393504765535644,False
GO_BP_2023,Synaptic Vesicle Recycling (GO:0036465),3,0,0.63153,0.7418,0.9560217647058824,False
GO_BP_2023,Metal Ion Transport (GO:0030001),3,0,0.52973,0.74184,0.9505385600553824,False
GO_BP_2023,Negative Regulation Of Notch Signaling Pathway (GO:0045746),3,0,0.58352,0.74215,0.9583676546024508,False
Reactome_2022,G-protein Activation R-HSA-202040,3,0,0.36594,0.74218,0.9248348214285714,False
GO_BP_2023,"Regulation Of Nuclear-Transcribed mRNA Catabolic Process, Nonsense-Mediated Decay (GO:2000622)",3,0,0.70622,0.74226,0.9624195402298852,False
Reactome_2022,Signaling To ERKs R-HSA-187687,3,0,0.7004,0.74228,0.9624195402298852,False
GO_BP_2023,Epithelial Cell-Cell Adhesion (GO:0090136),3,0,0.64414,0.74252,0.9571635833090166,False
Reactome_2022,TRAF6-mediated Induction Of TAK1 Complex Within TLR4 Complex R-HSA-937072,3,0,0.11105,0.7427,0.9109985401459854,False
GO_BP_2023,Regulation Of Mitotic Spindle Organization (GO:0060236),3,0,0.64239,0.74275,0.9636665240372516,False
GO_BP_2023,Activation Of Cysteine-Type Endopeptidase Activity (GO:0097202),3,0,0.2749,0.74294,0.9636665240372516,False
Reactome_2022,Tryptophan Catabolism R-HSA-71240,3,0,0.66452,0.74346,0.9636665240372516,False
GO_BP_2023,Regulation Of Extrinsic Apoptotic Signaling Pathway Via Death Domain Receptors (GO:1902041),3,0,0.32817,0.74352,0.9636665240372516,False
GO_BP_2023,Purine Nucleotide Biosynthetic Process (GO:0006164),3,0,0.20229,0.74373,0.9467273592715232,False
Reactome_2022,DNA Replication R-HSA-69306,3,0,0.60981,0.74374,0.9541864256075874,False
GO_BP_2023,Protein Monoubiquitination (GO:0006513),3,0,0.046264,0.74397,0.8635484411764706,False
GO_BP_2023,Dolichol-Linked Oligosaccharide Biosynthetic Process (GO:0006488),3,0,0.53535,0.74425,0.9505385600553824,False
GO_BP_2023,Negative Regulation Of Cysteine-Type Endopeptidase Activity Involved In Apoptotic Process (GO:0043154),3,0,0.48334,0.74442,0.9393504765535644,False
GO_BP_2023,Myotube Cell Development (GO:0014904),3,0,0.42398,0.74444,0.9566735910404623,False
GO_BP_2023,ERBB2 Signaling Pathway (GO:0038128),3,0,0.62108,0.74449,0.9636665240372516,False
Reactome_2022,HS-GAG Biosynthesis R-HSA-2022928,3,0,0.53944,0.74479,0.9505385600553824,False
Reactome_2022,Laminin Interactions R-HSA-3000157,3,0,0.37425,0.74492,0.9636665240372516,False
GO_BP_2023,Regulation Of Actin Cytoskeleton Reorganization (GO:2000249),3,0,0.37686,0.74498,0.9636665240372516,False
GO_BP_2023,Regulation Of Triglyceride Biosynthetic Process (GO:0010866),3,0,0.33393,0.74532,0.9211631635969664,False
GO_BP_2023,L-alpha-amino Acid Transmembrane Transport (GO:1902475),3,0,0.68013,0.74557,0.9636665240372516,False
GO_BP_2023,Negative Regulation Of Monoatomic Ion Transport (GO:0043271),3,0,0.22482,0.74617,0.9142010813887308,False
GO_BP_2023,Intracellular pH Reduction (GO:0051452),3,0,0.4622,0.74618,0.9636665240372516,False
Reactome_2022,Common Pathway Of Fibrin Clot Formation R-HSA-140875,3,0,0.28651,0.74629,0.9142010813887308,False
GO_BP_2023,Receptor Signaling Pathway Via STAT (GO:0097696),3,0,0.27652,0.7463,0.9142010813887308,False
Reactome_2022,FCERI Mediated MAPK Activation R-HSA-2871796,3,0,0.61821,0.74632,0.9636665240372516,False
GO_BP_2023,Positive Regulation Of Filopodium Assembly (GO:0051491),3,0,0.38144,0.74637,0.9476422213769494,False
Reactome_2022,mRNA Capping R-HSA-72086,3,0,0.36013,0.74652,0.922255873493976,False
GO_BP_2023,Regulation Of Cell Adhesion Mediated By Integrin (GO:0033628),3,0,0.58036,0.74688,0.9636665240372516,False
GO_BP_2023,Establishment Of Chromosome Localization (GO:0051303),3,0,0.5883,0.74694,0.9636665240372516,False
GO_BP_2023,Regulation Of Transcription By RNA Polymerase I (GO:0006356),3,0,0.69398,0.74721,0.9630497782415862,False
Reactome_2022,Diseases Of Carbohydrate Metabolism R-HSA-5663084,3,0,0.59828,0.74733,0.961542032892963,False
GO_BP_2023,Positive Regulation Of Macromolecule Biosynthetic Process (GO:0010557),3,0,0.72575,0.74733,0.9636665240372516,False
GO_BP_2023,Glycoprotein Catabolic Process (GO:0006516),3,0,0.35582,0.74743,0.922255873493976,False
GO_BP_2023,Translesion Synthesis (GO:0019985),3,0,0.2658,0.74745,0.9532424083769634,False
Hallmark_2020,Pancreas Beta Cells,3,0,0.17692,0.74748,0.9142010813887308,False
GO_BP_2023,Endothelial Cell Migration (GO:0043542),3,0,0.28232,0.74756,0.9636665240372516,False
GO_BP_2023,Negative Regulation Of DNA Replication (GO:0008156),3,0,0.52975,0.74758,0.9595907571987204,False
GO_BP_2023,Regulation Of Blood Vessel Endothelial Cell Proliferation Involved In Sprouting Angiogenesis (GO:1903587),3,0,0.29475,0.74759,0.9142010813887308,False
GO_BP_2023,Positive Regulation Of Sodium Ion Transport (GO:0010765),3,0,0.65656,0.7476,0.9630497782415862,False
GO_BP_2023,Protein Targeting To Peroxisome (GO:0006625),3,0,0.30616,0.74775,0.9142010813887308,False
GO_BP_2023,Positive Regulation Of Myeloid Leukocyte Mediated Immunity (GO:0002888),3,0,0.12907,0.74776,0.9441554404145076,False
GO_BP_2023,Macromolecule Biosynthetic Process (GO:0009059),3,0,0.26277,0.74782,0.9467273592715232,False
Reactome_2022,DNA Damage/Telomere Stress Induced Senescence R-HSA-2559586,3,0,0.71416,0.7479,0.9636665240372516,False
GO_BP_2023,Aminoglycan Catabolic Process (GO:0006026),3,0,0.56242,0.74803,0.9529937644341802,False
Reactome_2022,Pyruvate Metabolism And Citric Acid (TCA) Cycle R-HSA-71406,3,0,0.63817,0.74827,0.9560217647058824,False
GO_BP_2023,Tyrosine Metabolic Process (GO:0006570),3,0,0.34739,0.74831,0.9636665240372516,False
GO_BP_2023,Positive Regulation Of Cytosolic Calcium Ion Concentration Involved In Phospholipase C-activating G Protein-Coupled Signaling Pathway (GO:0051482),3,0,0.37671,0.74857,0.9289679691268692,False
GO_BP_2023,Negative Regulation Of T Cell Differentiation (GO:0045581),3,0,0.12738,0.74873,0.9553028645833334,False
GO_BP_2023,Negative Regulation Of T Cell Proliferation (GO:0042130),3,0,0.51771,0.74884,0.9636665240372516,False
Reactome_2022,MicroRNA (miRNA) Biogenesis R-HSA-203927,3,0,0.18982,0.74896,0.9142010813887308,False
GO_BP_2023,Establishment Of Protein Localization To Chromosome (GO:0070199),3,0,0.058425,0.749,0.910877225609756,False
GO_BP_2023,Regulation Of Platelet Aggregation (GO:0090330),3,0,0.68654,0.74922,0.9602724609909662,False
GO_BP_2023,Regulation Of Mitochondrial Fusion (GO:0010635),3,0,0.50928,0.74925,0.9454545718432512,False
Reactome_2022,Defective C1GALT1C1 Causes TNPS R-HSA-5083632,3,0,0.55347,0.74926,0.9529937644341802,False
GO_BP_2023,Double-Strand Break Repair Via Nonhomologous End Joining (GO:0006303),3,0,0.1828,0.74928,0.9441554404145076,False
GO_BP_2023,Regulation Of Stress-Activated Protein Kinase Signaling Cascade (GO:0070302),3,0,0.45169,0.74946,0.9636665240372516,False
GO_BP_2023,Peptidyl-Serine Modification (GO:0018209),3,0,0.62375,0.74949,0.9636665240372516,False
Reactome_2022,Ethanol Oxidation R-HSA-71384,3,0,0.16776,0.74964,0.9475166529942576,False
GO_BP_2023,Positive Regulation Of Peptidyl-Serine Phosphorylation (GO:0033138),3,0,0.53025,0.74986,0.9636665240372516,False
GO_BP_2023,Response To Nutrient Levels (GO:0031667),3,0,0.29936,0.74989,0.9142010813887308,False
GO_BP_2023,Regulation Of Sodium Ion Transport (GO:0002028),3,0,0.4902,0.74999,0.9636665240372516,False
Reactome_2022,TRAF6 Mediated NF-kB Activation R-HSA-933542,3,0,0.30157,0.75015,0.9476422213769494,False
Reactome_2022,Vpr-mediated Nuclear Import Of PICs R-HSA-180910,3,0,0.60221,0.75043,0.9541864256075874,False
Reactome_2022,NS1 Mediated Effects On Host Pathways R-HSA-168276,3,0,0.52407,0.75065,0.9478996096522356,False
GO_BP_2023,Regulation Of Protein Localization To Nucleus (GO:1900180),3,0,0.28763,0.75087,0.9553028645833334,False
GO_BP_2023,Negative Regulation Of Inclusion Body Assembly (GO:0090084),3,0,0.53807,0.75089,0.9505385600553824,False
Reactome_2022,Peptide Hormone Metabolism R-HSA-2980736,3,0,0.47416,0.75109,0.9393504765535644,False
GO_BP_2023,Negative Regulation Of NIK/NF-kappaB Signaling (GO:1901223),3,0,0.45807,0.75133,0.9393504765535644,False
GO_BP_2023,Skeletal Muscle Tissue Development (GO:0007519),3,0,0.46271,0.75153,0.9636665240372516,False
Reactome_2022,ERK/MAPK Targets R-HSA-198753,3,0,0.65338,0.75155,0.9636665240372516,False
GO_BP_2023,Regulation Of Cellular Component Size (GO:0032535),3,0,0.65957,0.75159,0.9583676546024508,False
GO_BP_2023,Neuromuscular Process Controlling Balance (GO:0050885),3,0,0.58871,0.75165,0.9636665240372516,False
GO_BP_2023,Phagolysosome Assembly (GO:0001845),3,0,0.31461,0.75175,0.9441554404145076,False
GO_BP_2023,Regulatory ncRNA Processing (GO:0070918),3,0,0.18951,0.75204,0.9142010813887308,False
GO_BP_2023,Negative Regulation Of Neurogenesis (GO:0050768),3,0,0.2992,0.75204,0.9636665240372516,False
GO_BP_2023,Regulation Of Bicellular Tight Junction Assembly (GO:2000810),3,0,0.7262,0.75211,0.9632415368639669,False
GO_BP_2023,snRNA Processing (GO:0016180),3,0,0.65874,0.75212,0.9630497782415862,False
GO_BP_2023,Negative Regulation Of DNA Biosynthetic Process (GO:2000279),3,0,0.18816,0.75216,0.9142010813887308,False
GO_BP_2023,Anterograde Synaptic Vesicle Transport (GO:0048490),3,0,0.24812,0.75219,0.9579551922385914,False
GO_BP_2023,Synaptic Vesicle Transport Along Microtubule (GO:0099517),3,0,0.24812,0.75219,0.9579551922385914,False
Reactome_2022,Ion Homeostasis R-HSA-5578775,3,0,0.57574,0.75258,0.9637851646970078,False
Reactome_2022,Metabolism Of Nitric Oxide: NOS3 Activation And Regulation R-HSA-202131,3,0,0.4722,0.75259,0.9393504765535644,False
GO_BP_2023,Positive Regulation Of Ubiquitin-Protein Transferase Activity (GO:0051443),3,0,0.50757,0.75269,0.9454545718432512,False
GO_BP_2023,snRNA 3'-End Processing (GO:0034472),3,0,0.73357,0.75283,0.9636665240372516,False
GO_BP_2023,Peptidyl-Threonine Dephosphorylation (GO:0035970),3,0,0.23927,0.75292,0.9142010813887308,False
GO_BP_2023,Sensory Perception Of Chemical Stimulus (GO:0007606),3,0,0.37883,0.75304,0.9476422213769494,False
GO_BP_2023,Activation Of GTPase Activity (GO:0090630),3,0,0.37335,0.75318,0.9274531478770132,False
Reactome_2022,Surfactant Metabolism R-HSA-5683826,3,0,0.61986,0.75318,0.9541864256075874,False
GO_BP_2023,Negative Regulation Of Androgen Receptor Signaling Pathway (GO:0060766),3,0,0.40844,0.75323,0.963785997988939,False
GO_BP_2023,Positive Regulation Of Immunoglobulin Mediated Immune Response (GO:0002891),3,0,0.44591,0.7533,0.9467273592715232,False
GO_BP_2023,Central Nervous System Neuron Differentiation (GO:0021953),3,0,0.55557,0.75341,0.9529937644341802,False
GO_BP_2023,Positive Regulation Of Protein-Containing Complex Assembly (GO:0031334),3,0,0.43795,0.75344,0.9393504765535644,False
GO_BP_2023,ncRNA Processing (GO:0034470),3,0,0.19819,0.75369,0.9553028645833334,False
GO_BP_2023,Negative Regulation Of Receptor Signaling Pathway Via STAT (GO:1904893),3,0,0.17918,0.75372,0.9142010813887308,False
Reactome_2022,Formation Of Incision Complex In GG-NER R-HSA-5696395,3,0,0.67943,0.75388,0.9602724609909662,False
GO_BP_2023,Protein Polyglutamylation (GO:0018095),3,0,0.56747,0.75401,0.9529937644341802,False
GO_BP_2023,Negative Regulation Of Lipopolysaccharide-Mediated Signaling Pathway (GO:0031665),3,0,0.60591,0.7541,0.9541864256075874,False
GO_BP_2023,Negative Regulation Of Lymphocyte Migration (GO:2000402),3,0,0.42485,0.75517,0.953328006329114,False
GO_BP_2023,Nuclear Chromosome Segregation (GO:0098813),3,0,0.54571,0.75517,0.9650268615692156,False
Reactome_2022,IRS-mediated Signaling R-HSA-112399,3,0,0.61393,0.75525,0.9541864256075874,False
GO_BP_2023,Cellular Response To Topologically Incorrect Protein (GO:0035967),3,0,0.62248,0.75547,0.9541864256075874,False
GO_BP_2023,Histone H4-K16 Acetylation (GO:0043984),3,0,0.37042,0.75562,0.9650268615692156,False
GO_BP_2023,Regulation Of Dosage Compensation By Inactivation Of X Chromosome (GO:1900095),3,0,0.37042,0.75562,0.9650268615692156,False
GO_BP_2023,Ventricular Cardiac Muscle Cell Action Potential (GO:0086005),3,0,0.32746,0.75564,0.9644757439446368,False
GO_BP_2023,Ionotropic Glutamate Receptor Signaling Pathway (GO:0035235),3,0,0.2359,0.75587,0.9441554404145076,False
GO_BP_2023,Regulation Of Cytoplasmic Translation (GO:2000765),3,0,0.68201,0.75587,0.9602724609909662,False
Reactome_2022,DSCAM Interactions R-HSA-376172,3,0,0.55798,0.75598,0.9529937644341802,False
GO_BP_2023,Regulation Of Signal Transduction (GO:0009966),3,0,0.51615,0.75601,0.959422346368715,False
Reactome_2022,HSF1-dependent Transactivation R-HSA-3371571,3,0,0.6101,0.75604,0.9650268615692156,False
Reactome_2022,SLBP Independent Processing Of Histone Pre-mRNAs R-HSA-111367,3,0,0.61244,0.7561,0.961542032892963,False
Reactome_2022,Peptide Hormone Biosynthesis R-HSA-209952,3,0,0.51499,0.7562,0.9467693583273252,False
GO_BP_2023,Potassium Ion Homeostasis (GO:0055075),3,0,0.71268,0.75621,0.9636665240372516,False
GO_BP_2023,Regulation Of Blood Vessel Endothelial Cell Migration (GO:0043535),3,0,0.5649,0.7563,0.9529937644341802,False
GO_BP_2023,Protein Import Into Peroxisome Matrix (GO:0016558),3,0,0.30622,0.75667,0.9142010813887308,False
GO_BP_2023,Positive Regulation Of Morphogenesis Of An Epithelium (GO:1905332),3,0,0.70465,0.75678,0.9630497782415862,False
Reactome_2022,EGFR Downregulation R-HSA-182971,3,0,0.58911,0.75689,0.9650268615692156,False
GO_BP_2023,Positive Regulation Of Lipid Metabolic Process (GO:0045834),3,0,0.58519,0.75695,0.9533020999045498,False
Reactome_2022,Unattached Kinetochores Signal Amplification Via A MAD2 Inhibitory Signal R-HSA-141444,3,0,0.49736,0.75714,0.9409529977794228,False
Reactome_2022,PLC Beta Mediated Events R-HSA-112043,3,0,0.49086,0.75725,0.9559259177679882,False
GO_BP_2023,TORC1 Signaling (GO:0038202),3,0,0.54744,0.75727,0.9529937644341802,False
Reactome_2022,DNA Double Strand Break Response R-HSA-5693606,3,0,0.64615,0.7574,0.957209686691578,False
Reactome_2022,Synaptic Adhesion-Like Molecules R-HSA-8849932,3,0,0.54575,0.75749,0.9650268615692156,False
GO_BP_2023,Sensory Organ Development (GO:0007423),3,0,0.15091,0.75759,0.9441554404145076,False
GO_BP_2023,Attachment Of Mitotic Spindle Microtubules To Kinetochore (GO:0051315),3,0,0.65311,0.75791,0.9650268615692156,False
GO_BP_2023,Dolichol Metabolic Process (GO:0019348),3,0,0.56852,0.75807,0.9650268615692156,False
Reactome_2022,Activation Of Kainate Receptors Upon Glutamate Binding R-HSA-451326,3,0,0.70677,0.75827,0.9624195402298852,False
GO_BP_2023,Regulation Of Branching Involved In Ureteric Bud Morphogenesis (GO:0090189),3,0,0.55349,0.75875,0.9650268615692156,False
GO_BP_2023,Negative Regulation Of Mitochondrial Membrane Permeability (GO:0035795),3,0,0.47479,0.75981,0.9653851260294484,False
GO_BP_2023,Regulation Of Smooth Muscle Cell Migration (GO:0014910),3,0,0.33968,0.7599,0.922255873493976,False
GO_BP_2023,Phosphatidylglycerol Metabolic Process (GO:0046471),3,0,0.60338,0.75998,0.9653851260294484,False
Hallmark_2020,Epithelial Mesenchymal Transition,3,0,0.58637,0.76002,0.9533020999045498,False
Reactome_2022,Homologous DNA Pairing And Strand Exchange R-HSA-5693579,3,0,0.61712,0.76013,0.9541864256075874,False
GO_BP_2023,Organelle Membrane Fusion (GO:0090174),3,0,0.57344,0.76063,0.965538728179551,False
Reactome_2022,Aberrant Regulation Of Mitotic Exit In Cancer Due To RB1 Defects R-HSA-9687136,3,0,0.57503,0.76073,0.9533020999045498,False
GO_BP_2023,Spinal Cord Development (GO:0021510),3,0,0.70986,0.76086,0.9625442194992008,False
Reactome_2022,Collagen Chain Trimerization R-HSA-8948216,3,0,0.74161,0.76126,0.9636665240372516,False
Reactome_2022,FRS-mediated FGFR1 Signaling R-HSA-5654693,3,0,0.6589,0.76149,0.9659838275604288,False
Reactome_2022,Citric Acid Cycle (TCA Cycle) R-HSA-71403,3,0,0.46579,0.76154,0.9393504765535644,False
Reactome_2022,BBSome-mediated Cargo-Targeting To Cilium R-HSA-5620922,3,0,0.34355,0.76159,0.9595907571987204,False
GO_BP_2023,Myeloid Cell Activation Involved In Immune Response (GO:0002275),3,0,0.49657,0.76165,0.9409529977794228,False
GO_BP_2023,Negative Regulation Of Protein Phosphorylation (GO:0001933),3,0,0.50043,0.76204,0.9412269301810122,False
Reactome_2022,Fanconi Anemia Pathway R-HSA-6783310,3,0,0.46324,0.7621,0.9454545718432512,False
GO_BP_2023,Regulation Of Cell Migration Involved In Sprouting Angiogenesis (GO:0090049),3,0,0.19682,0.76229,0.9142010813887308,False
GO_BP_2023,Lipid Droplet Organization (GO:0034389),3,0,0.39408,0.76274,0.9336131578947368,False
Reactome_2022,Highly Calcium Permeable Postsynaptic Nicotinic Acetylcholine Receptors R-HSA-629594,3,0,0.14706,0.76277,0.9142010813887308,False
GO_BP_2023,Regulation Of Leukocyte Chemotaxis (GO:0002688),3,0,0.46665,0.76285,0.9393504765535644,False
GO_BP_2023,Positive Regulation Of Actin Filament Bundle Assembly (GO:0032233),3,0,0.51159,0.76309,0.9454545718432512,False
GO_BP_2023,Negative Regulation Of Protein Localization To Plasma Membrane (GO:1903077),3,0,0.27908,0.76332,0.9476422213769494,False
Reactome_2022,Signaling To RAS R-HSA-167044,3,0,0.43094,0.76336,0.9393504765535644,False
GO_BP_2023,Regulation Of cAMP-dependent Protein Kinase Activity (GO:2000479),3,0,0.34406,0.76343,0.948727468785471,False
GO_BP_2023,Negative Regulation Of Bone Remodeling (GO:0046851),3,0,0.75763,0.76355,0.9662152222498138,False
Reactome_2022,Transport Of SLBP Dependant Mature mRNA R-HSA-159230,3,0,0.60346,0.76362,0.9541864256075874,False
Reactome_2022,DNA Replication Pre-Initiation R-HSA-69002,3,0,0.73398,0.76364,0.9662152222498138,False
GO_BP_2023,Gland Development (GO:0048732),3,0,0.51818,0.76382,0.9533020999045498,False
Reactome_2022,Regulation Of Beta-Cell Development R-HSA-186712,3,0,0.38817,0.76389,0.9662152222498138,False
GO_BP_2023,Regulation Of Mitotic Spindle Assembly (GO:1901673),3,0,0.36872,0.76395,0.9659522719508028,False
GO_BP_2023,Protein Targeting To ER (GO:0045047),3,0,0.53854,0.76413,0.9662152222498138,False
GO_BP_2023,Regulation Of Tissue Remodeling (GO:0034103),3,0,0.67488,0.76439,0.9662152222498138,False
GO_BP_2023,Negative Regulation Of Cytokine Production Involved In Inflammatory Response (GO:1900016),3,0,0.33282,0.76443,0.9659522719508028,False
GO_BP_2023,Positive Regulation Of Phosphatidylinositol 3-Kinase Activity (GO:0043552),3,0,0.52713,0.76444,0.9501032932011332,False
Reactome_2022,Lysine Catabolism R-HSA-71064,3,0,0.32024,0.76464,0.9662407149950348,False
GO_BP_2023,Regulation Of Chemokine (C-X-C Motif) Ligand 2 Production (GO:2000341),3,0,0.75548,0.76489,0.9662152222498138,False
GO_BP_2023,RNA Metabolic Process (GO:0016070),3,0,0.67082,0.76515,0.959422346368715,False
GO_BP_2023,Serine Family Amino Acid Biosynthetic Process (GO:0009070),3,0,0.65781,0.76516,0.966254191468254,False
GO_BP_2023,Calcium-Ion Regulated Exocytosis (GO:0017156),3,0,0.40935,0.7653,0.9476422213769494,False
Reactome_2022,Advanced Glycosylation Endproduct Receptor Signaling R-HSA-879415,3,0,0.51827,0.76541,0.966254191468254,False
GO_BP_2023,Protein Localization To Golgi Apparatus (GO:0034067),3,0,0.59766,0.76543,0.9541864256075874,False
Reactome_2022,Signaling By FGFR2 In Disease R-HSA-5655253,3,0,0.6741,0.76549,0.959422346368715,False
Reactome_2022,Interleukin-4 And Interleukin-13 Signaling R-HSA-6785807,3,0,0.1954,0.76562,0.9142010813887308,False
GO_BP_2023,Positive Regulation Of Cell Cycle Process (GO:0090068),3,0,0.59318,0.76583,0.9664691125433812,False
Reactome_2022,Assembly Of Active LPL And LIPC Lipase Complexes R-HSA-8963889,3,0,0.5627,0.76621,0.9529937644341802,False
Reactome_2022,Resolution Of Sister Chromatid Cohesion R-HSA-2500257,3,0,0.59148,0.76622,0.953328006329114,False
GO_BP_2023,Regulation Of Secretion By Cell (GO:1903530),3,0,0.42233,0.76631,0.9381720173535792,False
Reactome_2022,TP53 Regulates Transcription Of Additional Cell Death Genes With Uncertain Roles In P53-Dependent Apoptosis R-HSA-6803205,3,0,0.42378,0.76641,0.9381720173535792,False
GO_BP_2023,Sulfur Compound Catabolic Process (GO:0044273),3,0,0.46586,0.76641,0.9393504765535644,False
Reactome_2022,Downstream Signaling Of Activated FGFR1 R-HSA-5654687,3,0,0.72019,0.76646,0.9667342666005946,False
GO_BP_2023,Positive Regulation Of Cell-Cell Adhesion (GO:0022409),3,0,0.18297,0.76655,0.9649076779026218,False
GO_BP_2023,Negative Regulation Of Tumor Necrosis Factor Production (GO:0032720),3,0,0.56317,0.76659,0.9529937644341802,False
GO_BP_2023,Heart Development (GO:0007507),3,0,0.36284,0.76737,0.9225052947052946,False
GO_BP_2023,Regulation Of Stem Cell Differentiation (GO:2000736),3,0,0.40062,0.76759,0.9644757439446368,False
GO_BP_2023,Positive Regulation Of Transcription From RNA Polymerase II Promoter In Response To Endoplasmic Reticulum Stress (GO:1990440),3,0,0.45464,0.76768,0.9393504765535644,False
Reactome_2022,G Alpha (S) Signaling Events R-HSA-418555,3,0,0.49306,0.76768,0.9409529977794228,False
GO_BP_2023,Histone H2A Acetylation (GO:0043968),3,0,0.73882,0.76768,0.9673645792079208,False
GO_BP_2023,"Maturation Of 5.8S rRNA From Tricistronic rRNA Transcript (SSU-rRNA, 5.8S rRNA, LSU-rRNA) (GO:0000466)",3,0,0.26223,0.76781,0.9476422213769494,False
Reactome_2022,Constitutive Signaling By AKT1 E17K In Cancer R-HSA-5674400,3,0,0.35428,0.76867,0.9529937644341802,False
GO_BP_2023,pre-miRNA Processing (GO:0031054),3,0,0.36044,0.76877,0.922255873493976,False
GO_BP_2023,Lysosome Localization (GO:0032418),3,0,0.5078,0.76915,0.9673418390162102,False
GO_BP_2023,Detection Of Light Stimulus Involved In Sensory Perception (GO:0050962),3,0,0.22412,0.7692,0.9142010813887308,False
GO_BP_2023,Detection Of Light Stimulus Involved In Visual Perception (GO:0050908),3,0,0.22412,0.7692,0.9142010813887308,False
Reactome_2022,Chk1/Chk2(Cds1) Mediated Inactivation Of Cyclin B:Cdk1 Complex R-HSA-75035,3,0,0.53822,0.76935,0.9505385600553824,False
Reactome_2022,ESR-mediated Signaling R-HSA-8939211,3,0,0.54351,0.76949,0.968043524468611,False
Reactome_2022,Rev-mediated Nuclear Export Of HIV RNA R-HSA-165054,3,0,0.43823,0.76978,0.9393504765535644,False
GO_BP_2023,Positive Regulation Of G Protein-Coupled Receptor Signaling Pathway (GO:0045745),3,0,0.59544,0.77004,0.9673418390162102,False
GO_BP_2023,Vitamin Transport (GO:0051180),3,0,0.54394,0.77014,0.9673418390162102,False
GO_BP_2023,DNA Biosynthetic Process (GO:0071897),3,0,0.39546,0.77042,0.9673418390162102,False
Reactome_2022,Iron Uptake And Transport R-HSA-917937,3,0,0.47978,0.77056,0.9393504765535644,False
Reactome_2022,RAB GEFs Exchange GTP For GDP On RABs R-HSA-8876198,3,0,0.1257,0.77108,0.9142010813887308,False
GO_BP_2023,Positive Regulation Of Amide Metabolic Process (GO:0034250),3,0,0.55106,0.77108,0.9662928812415656,False
GO_BP_2023,Microtubule Cytoskeleton Organization Involved In Mitosis (GO:1902850),3,0,0.29324,0.77114,0.9142010813887308,False
GO_BP_2023,Positive Regulation Of Neural Precursor Cell Proliferation (GO:2000179),3,0,0.62959,0.77119,0.9541864256075874,False
GO_BP_2023,Regulation Of Neuroblast Proliferation (GO:1902692),3,0,0.54895,0.77122,0.9529937644341802,False
Reactome_2022,Presynaptic Phase Of Homologous DNA Pairing And Strand Exchange R-HSA-5693616,3,0,0.62187,0.77123,0.9571400116822428,False
GO_BP_2023,Vesicle Transport Along Microtubule (GO:0047496),3,0,0.70677,0.77133,0.9624195402298852,False
GO_BP_2023,Negative Regulation Of Intracellular Estrogen Receptor Signaling Pathway (GO:0033147),3,0,0.5048,0.77155,0.9683909874415167,False
Reactome_2022,Regulation Of RUNX1 Expression And Activity R-HSA-8934593,3,0,0.56391,0.77155,0.9529937644341802,False
Reactome_2022,PI3K Cascade R-HSA-109704,3,0,0.69344,0.77167,0.961542032892963,False
Reactome_2022,Interleukin-6 Signaling R-HSA-1059683,3,0,0.59278,0.77174,0.95392039203288,False
GO_BP_2023,Positive Regulation Of miRNA Transcription (GO:1902895),3,0,0.48511,0.77179,0.9394436882129276,False
Reactome_2022,Olfactory Signaling Pathway R-HSA-381753,3,0,0.4942,0.77183,0.9492369811320754,False
GO_BP_2023,Respiratory Electron Transport Chain (GO:0022904),3,0,0.66265,0.7722,0.959422346368715,False
GO_BP_2023,Protein Mannosylation (GO:0035268),3,0,0.58409,0.77222,0.9533020999045498,False
GO_BP_2023,Regulation Of Astrocyte Differentiation (GO:0048710),3,0,0.50505,0.7723,0.9673418390162102,False
GO_BP_2023,Ether Lipid Metabolic Process (GO:0046485),3,0,0.58633,0.77233,0.9541864256075874,False
GO_BP_2023,Nuclear Pore Complex Assembly (GO:0051292),3,0,0.66449,0.77237,0.9676747452492426,False
Reactome_2022,Aberrant Regulation Of Mitotic Cell Cycle Due To RB1 Defects R-HSA-9687139,3,0,0.69355,0.77249,0.9683909874415167,False
GO_BP_2023,Response To Nerve Growth Factor (GO:1990089),3,0,0.29855,0.77299,0.9533020999045498,False
GO_BP_2023,Transcription By RNA Polymerase III (GO:0006383),3,0,0.57706,0.77328,0.9533020999045498,False
GO_BP_2023,Fibroblast Growth Factor Receptor Signaling Pathway (GO:0008543),3,0,0.4631,0.77383,0.9673418390162102,False
Reactome_2022,G Alpha (Q) Signaling Events R-HSA-416476,3,0,0.26166,0.77388,0.9142010813887308,False
GO_BP_2023,Postsynaptic Membrane Organization (GO:0001941),3,0,0.72664,0.77393,0.9636665240372516,False
Reactome_2022,Erythrocytes Take Up Carbon Dioxide And Release Oxygen R-HSA-1237044,3,0,0.39999,0.77425,0.9336131578947368,False
GO_BP_2023,Actin Filament Polymerization (GO:0030041),3,0,0.69969,0.77425,0.961542032892963,False
Reactome_2022,TNFR2 Non-Canonical NF-kB Pathway R-HSA-5668541,3,0,0.67327,0.77428,0.9688883783783784,False
GO_BP_2023,"mRNA Splicing, Via Spliceosome (GO:0000398)",3,0,0.69981,0.77437,0.961542032892963,False
GO_BP_2023,Purine Ribonucleotide Biosynthetic Process (GO:0009152),3,0,0.35009,0.77441,0.9476422213769494,False
GO_BP_2023,Positive Regulation Of Glucose Metabolic Process (GO:0010907),3,0,0.22997,0.7746,0.9607218331053352,False
GO_BP_2023,Suppression Of Viral Release By Host (GO:0044790),3,0,0.4796,0.7747,0.9673418390162102,False
GO_BP_2023,Positive Regulation Of Double-Strand Break Repair Via Nonhomologous End Joining (GO:2001034),3,0,0.6238,0.77473,0.9688883783783784,False
Reactome_2022,Regulation Of mRNA Stability By Proteins That Bind AU-rich Elements R-HSA-450531,3,0,0.46964,0.775,0.9689,False
Reactome_2022,Defective Homologous Recombination Repair (HRR) Due To BRCA2 Loss Of Function R-HSA-9701190,3,0,0.60082,0.77512,0.9541864256075874,False
Reactome_2022,Anti-inflammatory Response Favoring Leishmania Infection R-HSA-9662851,3,0,0.69733,0.77512,0.961542032892963,False
GO_BP_2023,Regulation Of Cardiac Muscle Cell Contraction (GO:0086004),3,0,0.57874,0.77515,0.9533020999045498,False
GO_BP_2023,Regulation Of Release Of Sequestered Calcium Ion Into Cytosol By Sarcoplasmic Reticulum (GO:0010880),3,0,0.67519,0.77515,0.9630497782415862,False
Reactome_2022,Erythropoietin Activates Phosphoinositide-3-kinase (PI3K) R-HSA-9027276,3,0,0.07705,0.77523,0.9046810444874276,False
GO_BP_2023,Regulation Of Tyrosine Phosphorylation Of STAT Protein (GO:0042509),3,0,0.64422,0.77537,0.9673418390162102,False
GO_BP_2023,Nucleotide-Binding Oligomerization Domain Containing Signaling Pathway (GO:0070423),3,0,0.50298,0.77578,0.9442212758112096,False
Reactome_2022,Fertilization R-HSA-1187000,3,0,0.53212,0.77584,0.9505385600553824,False
Reactome_2022,Metalloprotease DUBs R-HSA-5689901,3,0,0.28512,0.77594,0.9559259177679882,False
GO_BP_2023,Regulation Of Lipid Kinase Activity (GO:0043550),3,0,0.53934,0.77608,0.9505385600553824,False
GO_BP_2023,Protein Peptidyl-Prolyl Isomerization (GO:0000413),3,0,0.65868,0.77618,0.9583676546024508,False
GO_BP_2023,Response To Metal Ion (GO:0010038),3,0,0.38759,0.7762,0.9580811334289814,False
GO_BP_2023,Regulation Of Membrane Protein Ectodomain Proteolysis (GO:0051043),3,0,0.62086,0.77625,0.9541864256075874,False
GO_BP_2023,Defense Response To Virus (GO:0051607),3,0,0.49461,0.77629,0.9673418390162102,False
GO_BP_2023,Protein N-linked Glycosylation Via Asparagine (GO:0018279),3,0,0.16189,0.77661,0.9142010813887308,False
GO_BP_2023,Mitochondrial DNA Metabolic Process (GO:0032042),3,0,0.6882,0.77662,0.961542032892963,False
GO_BP_2023,N-acetylneuraminate Metabolic Process (GO:0006054),3,0,0.41733,0.7767,0.9349526315789474,False
GO_BP_2023,Regulation Of Cellular Senescence (GO:2000772),3,0,0.69974,0.7767,0.961542032892963,False
Reactome_2022,Unfolded Protein Response (UPR) R-HSA-381119,3,0,0.36015,0.77689,0.922255873493976,False
GO_BP_2023,Cellular Response To Nitrogen Compound (GO:1901699),3,0,0.34097,0.77695,0.9673418390162102,False
GO_BP_2023,Protein Targeting To Membrane (GO:0006612),3,0,0.57779,0.77704,0.9692078412153884,False
GO_BP_2023,UV-damage Excision Repair (GO:0070914),3,0,0.3711,0.77708,0.9676747452492426,False
Reactome_2022,TRAF6 Mediated Induction Of NFkB And MAP Kinases Upon TLR7/8 Or 9 Activation R-HSA-975138,3,0,0.611,0.77708,0.9673418390162102,False
GO_BP_2023,Heart Looping (GO:0001947),3,0,0.29832,0.77727,0.9142010813887308,False
Reactome_2022,Cooperation Of PDCL (PhLP1) And TRiC/CCT In G-protein Beta Folding R-HSA-6814122,3,0,0.57231,0.77727,0.9533020999045498,False
GO_BP_2023,Positive Regulation Of Organelle Assembly (GO:1902117),3,0,0.062734,0.77749,0.918919315068493,False
GO_BP_2023,Negative Regulation Of Natural Killer Cell Mediated Immunity (GO:0002716),3,0,0.71296,0.77785,0.9628459538339084,False
Reactome_2022,Prostacyclin Signaling Thru Prostacyclin Receptor R-HSA-392851,3,0,0.43638,0.7779,0.9393504765535644,False
GO_BP_2023,Muscle Tissue Development (GO:0060537),3,0,0.28688,0.77801,0.9676747452492426,False
GO_BP_2023,Regulation Of Cell Motility (GO:2000145),3,0,0.18521,0.77893,0.9649076779026218,False
GO_BP_2023,Regulation Of Spindle Organization (GO:0090224),3,0,0.57483,0.77908,0.9533020999045498,False
GO_BP_2023,Intracellular Estrogen Receptor Signaling Pathway (GO:0030520),3,0,0.60176,0.77922,0.9673418390162102,False
GO_BP_2023,Regulation Of Blood Coagulation (GO:0030193),3,0,0.21315,0.77938,0.9476422213769494,False
GO_BP_2023,Cellular Response To Hormone Stimulus (GO:0032870),3,0,0.46358,0.77978,0.9393504765535644,False
GO_BP_2023,Regulation Of Peptidyl-Threonine Phosphorylation (GO:0010799),3,0,0.62816,0.77978,0.9583676546024508,False
GO_BP_2023,Negative Regulation Of Hemostasis (GO:1900047),3,0,0.6987,0.78028,0.961542032892963,False
GO_BP_2023,Kinetochore Organization (GO:0051383),3,0,0.72142,0.78032,0.9691778245983672,False
GO_BP_2023,Positive Regulation Of Macrophage Derived Foam Cell Differentiation (GO:0010744),3,0,0.50616,0.78043,0.9454545718432512,False
GO_BP_2023,Positive Regulation Of Triglyceride Biosynthetic Process (GO:0010867),3,0,0.25038,0.7806,0.9142010813887308,False
Reactome_2022,Impaired BRCA2 Binding To RAD51 R-HSA-9709570,3,0,0.6271,0.78111,0.9673418390162102,False
Reactome_2022,Constitutive Signaling By Aberrant PI3K In Cancer R-HSA-2219530,3,0,0.40951,0.78123,0.9348970419426048,False
GO_BP_2023,Regulation Of Extracellular Matrix Disassembly (GO:0010715),3,0,0.52191,0.7814,0.9633276891405044,False
GO_BP_2023,Negative Regulation Of Protein Processing (GO:0010955),3,0,0.53182,0.78164,0.9636665240372516,False
GO_BP_2023,Positive Regulation Of T Cell Proliferation (GO:0042102),3,0,0.62608,0.78169,0.9541864256075874,False
GO_BP_2023,Regulation Of Cell Cycle G2/M Phase Transition (GO:1902749),3,0,0.60795,0.78171,0.9541864256075874,False
Reactome_2022,PRC2 Methylates Histones And DNA R-HSA-212300,3,0,0.32376,0.78177,0.9528594382022472,False
Reactome_2022,Signaling By Activin R-HSA-1502540,3,0,0.66785,0.78182,0.959422346368715,False
GO_BP_2023,Negative Regulation Of Macromolecule Metabolic Process (GO:0010605),3,0,0.1064,0.78193,0.9090356792144026,False
Reactome_2022,Recruitment And ATM-mediated Phosphorylation Of Repair And Signal Proteins At DNA Double Strand Breaks R-HSA-5693565,3,0,0.65968,0.78236,0.9583676546024508,False
GO_BP_2023,Positive Regulation Of Lymphocyte Chemotaxis (GO:0140131),3,0,0.50692,0.78248,0.9454545718432512,False
Reactome_2022,Aquaporin-mediated Transport R-HSA-445717,3,0,0.70653,0.78271,0.9691778245983672,False
GO_BP_2023,Regulation Of Chromosome Segregation (GO:0051983),3,0,0.67181,0.78272,0.959422346368715,False
Reactome_2022,"Synthesis, Secretion, And Deacylation Of Ghrelin R-HSA-422085",3,0,0.73464,0.78292,0.9633276891405044,False
GO_BP_2023,Positive Regulation Of Heart Contraction (GO:0045823),3,0,0.29122,0.78302,0.9142010813887308,False
GO_BP_2023,Proteoglycan Biosynthetic Process (GO:0030166),3,0,0.45722,0.78314,0.9393504765535644,False
Reactome_2022,RNA Pol II CTD Phosphorylation And Interaction With CE R-HSA-77075,3,0,0.37747,0.7834,0.9289679691268692,False
Reactome_2022,Nuclear Import Of Rev Protein R-HSA-180746,3,0,0.70559,0.78381,0.9624195402298852,False
Reactome_2022,E3 Ubiquitin Ligases Ubiquitinate Target Proteins R-HSA-8866654,3,0,0.62142,0.78392,0.9673418390162102,False
GO_BP_2023,Peptidyl-Tyrosine Autophosphorylation (GO:0038083),3,0,0.31537,0.78443,0.9673418390162102,False
GO_BP_2023,Entrainment Of Circadian Clock By Photoperiod (GO:0043153),3,0,0.65197,0.78448,0.957209686691578,False
GO_BP_2023,Regulation Of Acute Inflammatory Response (GO:0002673),3,0,0.4965,0.78453,0.9676747452492426,False
GO_BP_2023,Regulation Of Triglyceride Catabolic Process (GO:0010896),3,0,0.14788,0.78473,0.9142010813887308,False
Reactome_2022,PKMTs Methylate Histone Lysines R-HSA-3214841,3,0,0.60298,0.78478,0.9582592433361996,False
GO_BP_2023,Negative Regulation Of Peptidyl-Tyrosine Phosphorylation (GO:0050732),3,0,0.25371,0.78526,0.9673418390162102,False
GO_BP_2023,Toll-Like Receptor Signaling Pathway (GO:0002224),3,0,0.57489,0.7859,0.9533020999045498,False
GO_BP_2023,Regulation Of Mitochondrial Depolarization (GO:0051900),3,0,0.20026,0.78619,0.9142010813887308,False
Reactome_2022,"Sensory Perception Of Sweet, Bitter, And Umami (Glutamate) Taste R-HSA-9717207",3,0,0.50236,0.78631,0.9435470110701109,False
Reactome_2022,Purine Salvage R-HSA-74217,3,0,0.51137,0.78659,0.9454545718432512,False
Reactome_2022,Defective GALNT12 Causes CRCS1 R-HSA-5083636,3,0,0.57484,0.78668,0.9533020999045498,False
Reactome_2022,SUMOylation Of Immune Response Proteins R-HSA-4755510,3,0,0.67476,0.78672,0.959422346368715,False
GO_BP_2023,Glycerophospholipid Catabolic Process (GO:0046475),3,0,0.56947,0.78683,0.970808271219043,False
GO_BP_2023,Positive Regulation Of Heterotypic Cell-Cell Adhesion (GO:0034116),3,0,0.24016,0.78712,0.9644757439446368,False
Reactome_2022,Butyrophilin (BTN) Family Interactions R-HSA-8851680,3,0,0.057068,0.78716,0.8635484411764706,False
GO_BP_2023,Negative Regulation Of ATP-dependent Activity (GO:0032780),3,0,0.50057,0.78737,0.9412269301810122,False
GO_BP_2023,Lipid Transport (GO:0006869),3,0,0.49814,0.78809,0.9409529977794228,False
GO_BP_2023,Negative Regulation Of Tumor Necrosis Factor Superfamily Cytokine Production (GO:1903556),3,0,0.59185,0.78809,0.953328006329114,False
GO_BP_2023,Surfactant Homeostasis (GO:0043129),3,0,0.74718,0.78834,0.9636665240372516,False
Reactome_2022,PIP3 Activates AKT Signaling R-HSA-1257604,3,0,0.6699,0.78837,0.959422346368715,False
GO_BP_2023,Membrane Depolarization (GO:0051899),3,0,0.67337,0.7887,0.970808271219043,False
GO_BP_2023,Post-Transcriptional Regulation Of Gene Expression (GO:0010608),3,0,0.75684,0.78876,0.970808271219043,False
Reactome_2022,Mitotic Spindle Checkpoint R-HSA-69618,3,0,0.5213,0.78884,0.9478996096522356,False
GO_BP_2023,Regulation Of Cardiac Muscle Contraction By Regulation Of The Release Of Sequestered Calcium Ion (GO:0010881),3,0,0.74588,0.78884,0.970808271219043,False
GO_BP_2023,Lipid Droplet Formation (GO:0140042),3,0,0.71936,0.78924,0.970808271219043,False
GO_BP_2023,Mitochondrial Calcium Ion Homeostasis (GO:0051560),3,0,0.2833,0.78932,0.9142010813887308,False
GO_BP_2023,Positive Regulation Of GTPase Activity (GO:0043547),3,0,0.71528,0.78941,0.9691778245983672,False
GO_BP_2023,Regulation Of Translational Initiation (GO:0006446),3,0,0.74169,0.78964,0.970808271219043,False
GO_BP_2023,DNA Strand Elongation (GO:0022616),3,0,0.58258,0.78997,0.9673418390162102,False
Reactome_2022,Extension Of Telomeres R-HSA-180786,3,0,0.26112,0.79018,0.9142010813887308,False
GO_BP_2023,Negative Regulation Of T Cell Receptor Signaling Pathway (GO:0050860),3,0,0.68598,0.7902,0.970808271219043,False
GO_BP_2023,Regulation Of Inflammatory Response (GO:0050727),3,0,0.58661,0.79029,0.9533020999045498,False
GO_BP_2023,Regulation Of Autophagosome Maturation (GO:1901096),3,0,0.16841,0.79065,0.93584792746114,False
GO_BP_2023,Fatty Acid Transport (GO:0015908),3,0,0.77199,0.79118,0.970808271219043,False
GO_BP_2023,Negative Regulation Of I-kappaB kinase/NF-kappaB Signaling (GO:0043124),3,0,0.68646,0.79132,0.9602724609909662,False
Reactome_2022,rRNA Processing In Nucleus And Cytosol R-HSA-8868773,3,0,0.40229,0.79134,0.9673418390162102,False
GO_BP_2023,piRNA Processing (GO:0034587),3,0,0.39341,0.79159,0.9336131578947368,False
GO_BP_2023,Regulation Of Cytoplasmic Transport (GO:1903649),3,0,0.56765,0.79163,0.9689468389224848,False
GO_BP_2023,Positive Regulation Of Interleukin-10 Production (GO:0032733),3,0,0.62453,0.79207,0.959422346368715,False
Reactome_2022,MyD88 Cascade Initiated On Plasma Membrane R-HSA-975871,3,0,0.72359,0.79222,0.970808271219043,False
GO_BP_2023,Modified Amino Acid Transport (GO:0072337),3,0,0.7468,0.79248,0.9636665240372516,False
GO_BP_2023,Negative Regulation Of Secretion By Cell (GO:1903531),3,0,0.40031,0.79261,0.9336131578947368,False
GO_BP_2023,Maturation Of LSU-rRNA (GO:0000470),3,0,0.65932,0.79279,0.9583676546024508,False
Reactome_2022,FOXO-mediated Transcription R-HSA-9614085,3,0,0.41405,0.7928,0.9348970419426048,False
GO_BP_2023,Neurotransmitter Transport (GO:0006836),3,0,0.48978,0.79291,0.9673418390162102,False
Reactome_2022,Collagen Formation R-HSA-1474290,3,0,0.30625,0.79298,0.9673418390162102,False
GO_BP_2023,Sensory Perception (GO:0007600),3,0,0.42732,0.7931,0.9673418390162102,False
GO_BP_2023,Cytoplasmic Sequestering Of Protein (GO:0051220),3,0,0.71266,0.79313,0.970808271219043,False
GO_BP_2023,Positive Regulation Of Pattern Recognition Receptor Signaling Pathway (GO:0062208),3,0,0.42884,0.79315,0.9673418390162102,False
GO_BP_2023,Positive Regulation Of Monooxygenase Activity (GO:0032770),3,0,0.34693,0.79341,0.9582592433361996,False
Reactome_2022,Cellular Response To Heat Stress R-HSA-3371556,3,0,0.74329,0.79348,0.9708685576923076,False
GO_BP_2023,Endosome Transport Via Multivesicular Body Sorting Pathway (GO:0032509),3,0,0.44383,0.79367,0.9393504765535644,False
GO_BP_2023,Vesicle-Mediated Transport Between Endosomal Compartments (GO:0098927),3,0,0.56187,0.79372,0.9529937644341802,False
GO_BP_2023,Response To Nitric Oxide (GO:0071731),3,0,0.59126,0.79388,0.9691778245983672,False
GO_BP_2023,"RNA Splicing, Via Transesterification Reactions With Bulged Adenosine As Nucleophile (GO:0000377)",3,0,0.73802,0.79447,0.9636665240372516,False
Reactome_2022,Regulation Of TP53 Activity Thru Methylation R-HSA-6804760,3,0,0.75119,0.79448,0.9636665240372516,False
Reactome_2022,G-protein Mediated Events R-HSA-112040,3,0,0.58156,0.79464,0.9673418390162102,False
GO_BP_2023,Regulation Of Cytokine Production Involved In Inflammatory Response (GO:1900015),3,0,0.61472,0.79513,0.9716265846736044,False
Reactome_2022,Plasma Lipoprotein Remodeling R-HSA-8963899,3,0,0.49344,0.79517,0.9409529977794228,False
GO_BP_2023,C4-dicarboxylate Transport (GO:0015740),3,0,0.5674,0.79526,0.9716265846736044,False
Reactome_2022,Diseases Of Mitotic Cell Cycle R-HSA-9675126,3,0,0.69218,0.79569,0.9716265846736044,False
GO_BP_2023,Branched-Chain Amino Acid Transport (GO:0015803),3,0,0.52641,0.79574,0.9491416578108396,False
Reactome_2022,MAPK Family Signaling Cascades R-HSA-5683057,3,0,0.50463,0.79603,0.9676747452492426,False
GO_BP_2023,Positive Regulation Of T Cell Activation (GO:0050870),3,0,0.65191,0.79619,0.9673418390162102,False
GO_BP_2023,Cellular Response To Peptide (GO:1901653),3,0,0.49281,0.7962,0.9409529977794228,False
GO_BP_2023,Cell-Cell Adhesion Mediated By Cadherin (GO:0044331),3,0,0.73325,0.79642,0.9633276891405044,False
GO_BP_2023,Development Of Primary Male Sexual Characteristics (GO:0046546),3,0,0.67865,0.79666,0.9602724609909662,False
Reactome_2022,Glucagon-like Peptide-1 (GLP1) Regulates Insulin Secretion R-HSA-381676,3,0,0.76105,0.79669,0.970808271219043,False
GO_BP_2023,Regulation Of Neural Precursor Cell Proliferation (GO:2000177),3,0,0.33048,0.79684,0.917809705561614,False
GO_BP_2023,Positive Regulation Of Fat Cell Differentiation (GO:0045600),3,0,0.56771,0.79703,0.9716265846736044,False
GO_BP_2023,Male Gonad Development (GO:0008584),3,0,0.74052,0.7971,0.9636665240372516,False
Reactome_2022,Gap Junction Assembly R-HSA-190861,3,0,0.70219,0.79717,0.9716265846736044,False
Reactome_2022,FGFR1c Ligand Binding And Activation R-HSA-190373,3,0,0.75782,0.79772,0.9695504643206256,False
Reactome_2022,Signaling By Activated Point Mutants Of FGFR1 R-HSA-1839122,3,0,0.75782,0.79772,0.9695504643206256,False
GO_BP_2023,Regulation Of Pathway-Restricted SMAD Protein Phosphorylation (GO:0060393),3,0,0.4904,0.79778,0.9409529977794228,False
Reactome_2022,Amino Acids Regulate mTORC1 R-HSA-9639288,3,0,0.61045,0.79779,0.9678550061804696,False
GO_BP_2023,Positive Regulation Of Brown Fat Cell Differentiation (GO:0090336),3,0,0.34472,0.798,0.9476422213769494,False
GO_BP_2023,Positive Regulation Of Endothelial Cell Chemotaxis (GO:2001028),3,0,0.50566,0.79802,0.9454545718432512,False
GO_BP_2023,ncRNA Metabolic Process (GO:0034660),3,0,0.40346,0.79812,0.9336131578947368,False
Reactome_2022,EPHB-mediated Forward Signaling R-HSA-3928662,3,0,0.54104,0.79831,0.9508534506556244,False
GO_BP_2023,Positive Regulation Of Cell Junction Assembly (GO:1901890),3,0,0.71846,0.79842,0.9716265846736044,False
GO_BP_2023,Negative Regulation Of Chemokine Production (GO:0032682),3,0,0.73362,0.79861,0.9633276891405044,False
GO_BP_2023,B Cell Activation Involved In Immune Response (GO:0002312),3,0,0.39565,0.79869,0.9336131578947368,False
GO_BP_2023,Response To Peptide Hormone (GO:0043434),3,0,0.26266,0.79874,0.9142010813887308,False
GO_BP_2023,Protein Dephosphorylation (GO:0006470),3,0,0.46082,0.79882,0.9393504765535644,False
Reactome_2022,Defective TPR May Confer Susceptibility Towards Thyroid Papillary Carcinoma (TPC) R-HSA-5619107,3,0,0.60237,0.79892,0.9541864256075874,False
Reactome_2022,mTORC1-mediated Signaling R-HSA-166208,3,0,0.26456,0.79912,0.9673418390162102,False
GO_BP_2023,Cellular Response To Insulin Stimulus (GO:0032869),3,0,0.67026,0.79925,0.9630497782415862,False
GO_BP_2023,Cholesterol Biosynthetic Process (GO:0006695),3,0,0.48677,0.79956,0.9397101251422072,False
GO_BP_2023,Membrane Organization (GO:0061024),3,0,0.048767,0.79966,0.8618889930555556,False
GO_BP_2023,Heart Trabecula Morphogenesis (GO:0061384),3,0,0.58527,0.79992,0.9533020999045498,False
GO_BP_2023,Positive Regulation Of Metabolic Process (GO:0009893),3,0,0.40773,0.80007,0.9348970419426048,False
GO_BP_2023,Positive Regulation Of Chromosome Segregation (GO:0051984),3,0,0.5183,0.80007,0.9566735910404623,False
Reactome_2022,Regulation Of HSF1-mediated Heat Shock Response R-HSA-3371453,3,0,0.74473,0.80016,0.9716265846736044,False
Reactome_2022,MyD88 Dependent Cascade Initiated On Endosome R-HSA-975155,3,0,0.5909,0.80034,0.9673418390162102,False
Reactome_2022,Toll Like Receptor 7/8 (TLR7/8) Cascade R-HSA-168181,3,0,0.5909,0.80034,0.9673418390162102,False
GO_BP_2023,Positive Regulation Of Integrin Activation (GO:0033625),3,0,0.51595,0.80036,0.9716265846736044,False
Reactome_2022,Frs2-mediated Activation R-HSA-170968,3,0,0.53474,0.80036,0.9673418390162102,False
GO_BP_2023,Regulation Of Integrin-Mediated Signaling Pathway (GO:2001044),3,0,0.67636,0.80044,0.960191332218506,False
Reactome_2022,Nucleotide Excision Repair R-HSA-5696398,3,0,0.68658,0.80045,0.9602724609909662,False
Reactome_2022,DNA Double-Strand Break Repair R-HSA-5693532,3,0,0.5727,0.80072,0.9533020999045498,False
GO_BP_2023,Regulation Of Protein Transport (GO:0051223),3,0,0.27333,0.80077,0.9142010813887308,False
GO_BP_2023,"DNA Damage Response, Signal Transduction By P53 Class Mediator Resulting In Cell Cycle Arrest (GO:0006977)",3,0,0.61481,0.80116,0.9716265846736044,False
GO_BP_2023,Positive Regulation Of Transcription By RNA Polymerase I (GO:0045943),3,0,0.7023,0.80118,0.9650268615692156,False
GO_BP_2023,Ribosomal Small Subunit Assembly (GO:0000028),3,0,0.46726,0.80119,0.9691778245983672,False
GO_BP_2023,Long-Term Synaptic Potentiation (GO:0060291),3,0,0.7065,0.80132,0.9624195402298852,False
GO_BP_2023,Positive Regulation Of Response To External Stimulus (GO:0032103),3,0,0.68763,0.80142,0.9602724609909662,False
GO_BP_2023,Regulation Of Brown Fat Cell Differentiation (GO:0090335),3,0,0.48038,0.80159,0.9673418390162102,False
Reactome_2022,Regulation Of IGF Transport And Uptake By IGFBPs R-HSA-381426,3,0,0.52882,0.80174,0.9505385600553824,False
GO_BP_2023,Purine Ribonucleoside Bisphosphate Metabolic Process (GO:0034035),3,0,0.63538,0.8021,0.9673418390162102,False
GO_BP_2023,Positive Regulation Of Epithelial Cell Differentiation (GO:0030858),3,0,0.66022,0.80211,0.9583676546024508,False
GO_BP_2023,Regulation Of Neurotransmitter Transport (GO:0051588),3,0,0.62435,0.8023,0.9716265846736044,False
GO_BP_2023,Regulation Of Short-Term Neuronal Synaptic Plasticity (GO:0048172),3,0,0.2663,0.80233,0.9689528907922912,False
GO_BP_2023,Regulation Of Macrophage Chemotaxis (GO:0010758),3,0,0.5075,0.80244,0.9716265846736044,False
GO_BP_2023,Cellular Response To Amino Acid Stimulus (GO:0071230),3,0,0.22331,0.80251,0.9476422213769494,False
GO_BP_2023,Macrophage Migration (GO:1905517),3,0,0.57158,0.80255,0.9716265846736044,False
GO_BP_2023,Positive Regulation Of Heart Rate (GO:0010460),3,0,0.61734,0.8026,0.9541864256075874,False
Reactome_2022,RHOD GTPase Cycle R-HSA-9013405,3,0,0.47832,0.80268,0.9689468389224848,False
GO_BP_2023,Histone H4 Acetylation (GO:0043967),3,0,0.70733,0.803,0.9691778245983672,False
Hallmark_2020,mTORC1 Signaling,3,0,0.55878,0.80303,0.9529937644341802,False
GO_BP_2023,Positive Regulation Of Regulated Secretory Pathway (GO:1903307),3,0,0.55463,0.80321,0.9529937644341802,False
GO_BP_2023,Positive Regulation Of Autophagosome Assembly (GO:2000786),3,0,0.20224,0.80326,0.9476422213769494,False
Reactome_2022,Signaling By High-Kinase Activity BRAF Mutants R-HSA-6802948,3,0,0.74208,0.80374,0.9716265846736044,False
GO_BP_2023,Regulation Of Androgen Receptor Signaling Pathway (GO:0060765),3,0,0.57642,0.80376,0.970808271219043,False
GO_BP_2023,T Cell Mediated Immunity (GO:0002456),3,0,0.48101,0.80441,0.9393504765535644,False
GO_BP_2023,Regulation Of Chromosome Separation (GO:1905818),3,0,0.60694,0.80444,0.9541864256075874,False
GO_BP_2023,Endoplasmic Reticulum Calcium Ion Homeostasis (GO:0032469),3,0,0.70565,0.8045,0.9624195402298852,False
GO_BP_2023,Regulation Of Presynapse Assembly (GO:1905606),3,0,0.64094,0.80454,0.9716265846736044,False
GO_BP_2023,Regulation Of Presynapse Organization (GO:0099174),3,0,0.64094,0.80454,0.9716265846736044,False
Reactome_2022,SUMOylation R-HSA-2990846,3,0,0.47847,0.80457,0.9393504765535644,False
Reactome_2022,Negative Regulation Of FGFR4 Signaling R-HSA-5654733,3,0,0.73509,0.8047,0.9633276891405044,False
GO_BP_2023,Base Conversion Or Substitution Editing (GO:0016553),3,0,0.73114,0.8049,0.9716265846736044,False
GO_BP_2023,Sodium Ion Transmembrane Transport (GO:0035725),3,0,0.77466,0.80495,0.9716265846736044,False
GO_BP_2023,Positive Regulation Of Ruffle Assembly (GO:1900029),3,0,0.53365,0.80502,0.970808271219043,False
GO_BP_2023,Negative Regulation Of Interleukin-6 Production (GO:0032715),3,0,0.654,0.80531,0.970808271219043,False
GO_BP_2023,Negative Regulation Of Defense Response (GO:0031348),3,0,0.62211,0.80541,0.9541864256075874,False
GO_BP_2023,Intrinsic Apoptotic Signaling Pathway In Response To Endoplasmic Reticulum Stress (GO:0070059),3,0,0.33002,0.80548,0.917809705561614,False
GO_BP_2023,Receptor Metabolic Process (GO:0043112),3,0,0.59837,0.80571,0.9541864256075874,False
GO_BP_2023,Regulation Of Vesicle Size (GO:0097494),3,0,0.77349,0.80582,0.9688883783783784,False
GO_BP_2023,Lysosomal Membrane Organization (GO:0097212),3,0,0.58692,0.80609,0.9533020999045498,False
GO_BP_2023,Fluid Transport (GO:0042044),3,0,0.57787,0.80632,0.9674117483296212,False
Reactome_2022,Vasopressin Regulates Renal Water Homeostasis Via Aquaporins R-HSA-432040,3,0,0.78898,0.80634,0.9716265846736044,False
GO_BP_2023,Phosphatidylserine Metabolic Process (GO:0006658),3,0,0.61397,0.80672,0.9716265846736044,False
GO_BP_2023,Mesonephros Development (GO:0001823),3,0,0.29093,0.80677,0.9476422213769494,False
GO_BP_2023,Regulation Of Actin Nucleation (GO:0051125),3,0,0.50549,0.80694,0.9454545718432512,False
GO_BP_2023,Endochondral Bone Morphogenesis (GO:0060350),3,0,0.32962,0.80708,0.9476422213769494,False
GO_BP_2023,Positive Regulation Of Cholesterol Metabolic Process (GO:0090205),3,0,0.51421,0.80731,0.9467693583273252,False
GO_BP_2023,Tumor Necrosis Factor-Mediated Signaling Pathway (GO:0033209),3,0,0.68179,0.80744,0.9602724609909662,False
GO_BP_2023,Cell-Substrate Junction Assembly (GO:0007044),3,0,0.65066,0.80797,0.9676747452492426,False
GO_BP_2023,Regulation Of G1/S Transition Of Mitotic Cell Cycle (GO:2000045),3,0,0.76304,0.80841,0.9662152222498138,False
GO_BP_2023,Regulation Of Protein Localization To Membrane (GO:1905475),3,0,0.40054,0.8089,0.9336131578947368,False
GO_BP_2023,Sodium Ion Transport (GO:0006814),3,0,0.60742,0.80916,0.9541864256075874,False
GO_BP_2023,Negative Regulation Of Phagocytosis (GO:0050765),3,0,0.779,0.80928,0.973316702102528,False
GO_BP_2023,Central Nervous System Neuron Axonogenesis (GO:0021955),3,0,0.33603,0.80944,0.9673418390162102,False
GO_BP_2023,Non-Motile Cilium Assembly (GO:1905515),3,0,0.76722,0.80948,0.9683909874415167,False
GO_BP_2023,Regulation Of Immune Effector Process (GO:0002697),3,0,0.76285,0.8095,0.9662152222498138,False
GO_BP_2023,Positive Regulation Of Proteasomal Ubiquitin-Dependent Protein Catabolic Process (GO:0032436),3,0,0.43914,0.80989,0.9691778245983672,False
GO_BP_2023,Skeletal Muscle Organ Development (GO:0060538),3,0,0.56674,0.80998,0.9633276891405044,False
GO_BP_2023,Regulation Of Humoral Immune Response (GO:0002920),3,0,0.43214,0.81045,0.9393504765535644,False
GO_BP_2023,Regulation Of Programmed Cell Death (GO:0043067),3,0,0.64404,0.8105,0.957209686691578,False
GO_BP_2023,Response To Interleukin-1 (GO:0070555),3,0,0.66209,0.81065,0.961542032892963,False
GO_BP_2023,Heart Contraction (GO:0060047),3,0,0.20349,0.81073,0.9142010813887308,False
GO_BP_2023,Protein Localization To Chromatin (GO:0071168),3,0,0.48312,0.81094,0.9659522719508028,False
GO_BP_2023,Glutamate Metabolic Process (GO:0006536),3,0,0.63507,0.81139,0.9662152222498138,False
GO_BP_2023,Positive Regulation Of Pathway-Restricted SMAD Protein Phosphorylation (GO:0010862),3,0,0.62634,0.81143,0.9541864256075874,False
GO_BP_2023,Negative Regulation Of Gene Expression (GO:0010629),3,0,0.062658,0.81199,0.8766172752043597,False
Reactome_2022,Negative Regulation Of MAPK Pathway R-HSA-5675221,3,0,0.67759,0.81217,0.9602724609909662,False
GO_BP_2023,Spliceosomal snRNP Assembly (GO:0000387),3,0,0.67086,0.81221,0.959422346368715,False
GO_BP_2023,Monosaccharide Transmembrane Transport (GO:0015749),3,0,0.37606,0.81235,0.9673418390162102,False
GO_BP_2023,Vesicle Cytoskeletal Trafficking (GO:0099518),3,0,0.47393,0.81258,0.9673418390162102,False
Reactome_2022,Membrane Binding And Targetting Of GAG Proteins R-HSA-174490,3,0,0.42899,0.81262,0.9393504765535644,False
GO_BP_2023,Response To Ethanol (GO:0045471),3,0,0.68467,0.81265,0.9735073273837482,False
GO_BP_2023,Negative Regulation Of Anoikis (GO:2000811),3,0,0.65298,0.81269,0.9716265846736044,False
Reactome_2022,Conversion From APC/C:Cdc20 To APC/C:Cdh1 In Late Anaphase R-HSA-176407,3,0,0.76699,0.81277,0.970808271219043,False
GO_BP_2023,Signal Release (GO:0023061),3,0,0.73445,0.81324,0.9735073273837482,False
Reactome_2022,Acetylcholine Binding And Downstream Events R-HSA-181431,3,0,0.4437,0.8134,0.9393504765535644,False
GO_BP_2023,RNA Processing (GO:0006396),3,0,0.7005,0.81347,0.9735073273837482,False
Reactome_2022,Glycogen Breakdown (Glycogenolysis) R-HSA-70221,3,0,0.75254,0.81391,0.970808271219043,False
GO_BP_2023,Negative Regulation Of Activin Receptor Signaling Pathway (GO:0032926),3,0,0.61671,0.81396,0.9541864256075874,False
GO_BP_2023,Neuron Projection Maintenance (GO:1990535),3,0,0.53339,0.81421,0.9621354577464788,False
GO_BP_2023,Coenzyme A Biosynthetic Process (GO:0015937),3,0,0.28281,0.81433,0.9662928812415656,False
GO_BP_2023,Purine Nucleoside Bisphosphate Biosynthetic Process (GO:0034033),3,0,0.28281,0.81433,0.9662928812415656,False
GO_BP_2023,Ribonucleoside Bisphosphate Biosynthetic Process (GO:0034030),3,0,0.28281,0.81433,0.9662928812415656,False
Reactome_2022,Interleukin-35 Signaling R-HSA-8984722,3,0,0.59572,0.81449,0.9540388679245284,False
GO_BP_2023,Negative Regulation Of Lipid Catabolic Process (GO:0050995),3,0,0.45997,0.81451,0.9393504765535644,False
GO_BP_2023,Negative Regulation Of Heart Contraction (GO:0045822),3,0,0.67065,0.81458,0.959422346368715,False
Reactome_2022,ADP Signaling Thru P2Y Purinoceptor 12 R-HSA-392170,3,0,0.59906,0.81471,0.9541864256075874,False
GO_BP_2023,Negative Regulation Of Homotypic Cell-Cell Adhesion (GO:0034111),3,0,0.67851,0.8153,0.9602724609909662,False
GO_BP_2023,Carbohydrate Derivative Transport (GO:1901264),3,0,0.77476,0.81533,0.9735073273837482,False
GO_BP_2023,Dendritic Spine Organization (GO:0097061),3,0,0.63849,0.81542,0.9560217647058824,False
Reactome_2022,Phospholipid Metabolism R-HSA-1483257,3,0,0.54346,0.8156,0.9673418390162102,False
GO_BP_2023,Response To Purine-Containing Compound (GO:0014074),3,0,0.78528,0.81568,0.9735597498842056,False
GO_BP_2023,"Base-Excision Repair, AP Site Formation (GO:0006285)",3,0,0.4459,0.81583,0.9673418390162102,False
GO_BP_2023,Positive Regulation Of miRNA Metabolic Process (GO:2000630),3,0,0.54731,0.816,0.9529937644341802,False
GO_BP_2023,Nuclear-Transcribed mRNA poly(A) Tail Shortening (GO:0000289),3,0,0.59921,0.81606,0.9673418390162102,False
GO_BP_2023,Activation Of Phospholipase C Activity (GO:0007202),3,0,0.40136,0.81611,0.9673418390162102,False
GO_BP_2023,Bile Acid Metabolic Process (GO:0008206),3,0,0.35236,0.81632,0.922255873493976,False
GO_BP_2023,Phosphate Ion Transport (GO:0006817),3,0,0.73485,0.8166,0.9633276891405044,False
GO_BP_2023,Defense Response To Gram-positive Bacterium (GO:0050830),3,0,0.25347,0.81666,0.9142010813887308,False
GO_BP_2023,Organic Cation Transport (GO:0015695),3,0,0.36082,0.81674,0.9673418390162102,False
GO_BP_2023,Positive Regulation Of Lymphocyte Differentiation (GO:0045621),3,0,0.6289,0.81686,0.9673418390162102,False
GO_BP_2023,mRNA Processing (GO:0006397),3,0,0.59352,0.8169,0.9540388679245284,False
Reactome_2022,Activation Of Arylsulfatases R-HSA-1663150,3,0,0.58105,0.81709,0.9533020999045498,False
Reactome_2022,SLBP Dependent Processing Of Replication-Dependent Histone Pre-mRNAs R-HSA-77588,3,0,0.68606,0.81739,0.9636665240372516,False
GO_BP_2023,Negative Regulation Of Myeloid Leukocyte Differentiation (GO:0002762),3,0,0.72674,0.81748,0.9636665240372516,False
GO_BP_2023,Response To Cadmium Ion (GO:0046686),3,0,0.33396,0.81752,0.9558745474695236,False
Reactome_2022,Interleukin-20 Family Signaling R-HSA-8854691,3,0,0.29957,0.81755,0.9142010813887308,False
GO_BP_2023,Body Fluid Secretion (GO:0007589),3,0,0.68197,0.81769,0.961542032892963,False
GO_BP_2023,Microtubule Depolymerization (GO:0007019),3,0,0.69598,0.81777,0.9735597498842056,False
GO_BP_2023,Negative Regulation Of Lymphocyte Proliferation (GO:0050672),3,0,0.43401,0.81803,0.9673418390162102,False
Reactome_2022,Potential Therapeutics For SARS R-HSA-9679191,3,0,0.26113,0.81837,0.9142010813887308,False
GO_BP_2023,Sensory Perception Of Pain (GO:0019233),3,0,0.80295,0.81864,0.9727662491136848,False
GO_BP_2023,Cardiac Myofibril Assembly (GO:0055003),3,0,0.7044,0.81887,0.9624195402298852,False
Reactome_2022,Mucopolysaccharidoses R-HSA-2206281,3,0,0.69134,0.81905,0.970808271219043,False
GO_BP_2023,Endoplasmic Reticulum Organization (GO:0007029),3,0,0.71851,0.81913,0.9630497782415862,False
Reactome_2022,Negative Regulation Of PI3K/AKT Network R-HSA-199418,3,0,0.61814,0.81936,0.9541864256075874,False
Reactome_2022,GPER1 Signaling R-HSA-9634597,3,0,0.3663,0.81946,0.9248348214285714,False
GO_BP_2023,"Endonucleolytic Cleavage Of Tricistronic rRNA Transcript (SSU-rRNA, 5.8S rRNA, LSU-rRNA) (GO:0000479)",3,0,0.3755,0.81947,0.9579551922385914,False
GO_BP_2023,Adenylate Cyclase-Modulating G Protein-Coupled Receptor Signaling Pathway (GO:0007188),3,0,0.77238,0.81973,0.9735597498842056,False
GO_BP_2023,DNA Integrity Checkpoint Signaling (GO:0031570),3,0,0.73794,0.81987,0.970808271219043,False
Reactome_2022,Ovarian Tumor Domain Proteases R-HSA-5689896,3,0,0.32389,0.82002,0.9673418390162102,False
Reactome_2022,Neurexins And Neuroligins R-HSA-6794361,3,0,0.50336,0.82056,0.9673418390162102,False
GO_BP_2023,Positive Regulation Of Macrophage Migration (GO:1905523),3,0,0.4053,0.82081,0.9716265846736044,False
GO_BP_2023,Icosanoid Secretion (GO:0032309),3,0,0.48209,0.82081,0.9393504765535644,False
GO_BP_2023,Endosome To Lysosome Transport (GO:0008333),3,0,0.69069,0.82111,0.9608400929215634,False
GO_BP_2023,Regulation Of Mitotic Cell Cycle Spindle Assembly Checkpoint (GO:0090266),3,0,0.5907,0.82158,0.9541864256075874,False
Reactome_2022,RAC3 GTPase Cycle R-HSA-9013423,3,0,0.29477,0.8216,0.9673418390162102,False
GO_BP_2023,Regulation Of Protein Modification By Small Protein Conjugation Or Removal (GO:1903320),3,0,0.54279,0.82172,0.9673418390162102,False
GO_BP_2023,Positive Regulation Of Wnt Signaling Pathway (GO:0030177),3,0,0.39726,0.82177,0.9673418390162102,False
Reactome_2022,"BMAL1:CLOCK,NPAS2 Activates Circadian Gene Expression R-HSA-1368108",3,0,0.21927,0.82193,0.9467273592715232,False
GO_BP_2023,DNA Replication Initiation (GO:0006270),3,0,0.4118,0.82208,0.9348970419426048,False
Reactome_2022,Aberrant Regulation Of Mitotic G1/S Transition In Cancer Due To RB1 Defects R-HSA-9659787,3,0,0.4722,0.82209,0.9673418390162102,False
GO_BP_2023,Positive Regulation Of Pseudopodium Assembly (GO:0031274),3,0,0.63319,0.82218,0.9725014216806296,False
GO_BP_2023,Regulation Of Pseudopodium Assembly (GO:0031272),3,0,0.63319,0.82218,0.9725014216806296,False
GO_BP_2023,Purine Ribonucleoside Monophosphate Metabolic Process (GO:0009167),3,0,0.25665,0.82228,0.9673418390162102,False
GO_BP_2023,Positive Regulation Of Cold-Induced Thermogenesis (GO:0120162),3,0,0.37206,0.8225,0.92698642578125,False
Reactome_2022,Regulated Necrosis R-HSA-5218859,3,0,0.28925,0.82266,0.9673418390162102,False
GO_BP_2023,Actin Filament Depolymerization (GO:0030042),3,0,0.78694,0.82353,0.970808271219043,False
GO_BP_2023,Regulation Of Synaptic Vesicle Exocytosis (GO:2000300),3,0,0.54239,0.82361,0.9722129199861448,False
GO_BP_2023,Regulation Of SMAD Protein Signal Transduction (GO:0060390),3,0,0.49213,0.82382,0.9409529977794228,False
GO_BP_2023,Regulation Of Protein Secretion (GO:0050708),3,0,0.22522,0.82384,0.9142010813887308,False
Reactome_2022,Recognition Of DNA Damage By PCNA-containing Replication Complex R-HSA-110314,3,0,0.60886,0.82391,0.9735597498842056,False
GO_BP_2023,Regulation Of Organelle Assembly (GO:1902115),3,0,0.31062,0.82416,0.9659522719508028,False
GO_BP_2023,Positive Regulation Of Macroautophagy (GO:0016239),3,0,0.70871,0.82434,0.9691778245983672,False
GO_BP_2023,Dopamine Metabolic Process (GO:0042417),3,0,0.37977,0.82442,0.9673418390162102,False
GO_BP_2023,Import Into Cell (GO:0098657),3,0,0.69791,0.82448,0.973175119858693,False
GO_BP_2023,Ubiquitin-Dependent Protein Catabolic Process Via The Multivesicular Body Sorting Pathway (GO:0043162),3,0,0.5424,0.82468,0.9517299896587385,False
Reactome_2022,Retrograde Neurotrophin Signaling R-HSA-177504,3,0,0.59466,0.82483,0.9673418390162102,False
Reactome_2022,Metabolism Of Amine-Derived Hormones R-HSA-209776,3,0,0.77231,0.82498,0.9683909874415167,False
GO_BP_2023,Positive Regulation Of Type I Interferon Production (GO:0032481),3,0,0.53455,0.82566,0.9505385600553824,False
GO_BP_2023,Lipid Catabolic Process (GO:0016042),3,0,0.48581,0.82567,0.970050144243378,False
Reactome_2022,"Transport Of Vitamins, Nucleosides, And Related Molecules R-HSA-425397",3,0,0.48368,0.82574,0.9673418390162102,False
Hallmark_2020,Interferon Alpha Response,3,0,0.49012,0.82574,0.9673418390162102,False
GO_BP_2023,Sterol Transport (GO:0015918),3,0,0.17007,0.82586,0.9142010813887308,False
Reactome_2022,Deadenylation Of mRNA R-HSA-429947,3,0,0.49154,0.8259,0.9673418390162102,False
GO_BP_2023,Photoperiodism (GO:0009648),3,0,0.6918,0.82619,0.961542032892963,False
GO_BP_2023,Golgi To Plasma Membrane Protein Transport (GO:0043001),3,0,0.56921,0.82633,0.9533020999045498,False
GO_BP_2023,Intracellular Sterol Transport (GO:0032366),3,0,0.30876,0.82648,0.9142010813887308,False
GO_BP_2023,Mitochondrial Transcription (GO:0006390),3,0,0.79057,0.82653,0.970808271219043,False
GO_BP_2023,Regulation Of Natural Killer Cell Mediated Cytotoxicity (GO:0042269),3,0,0.6473,0.82663,0.9691778245983672,False
Reactome_2022,SUMOylation Of RNA Binding Proteins R-HSA-4570464,3,0,0.53095,0.82671,0.9505385600553824,False
Reactome_2022,Transcriptional Regulation By Small RNAs R-HSA-5578749,3,0,0.76517,0.82688,0.970808271219043,False
GO_BP_2023,Regulation Of Nervous System Development (GO:0051960),3,0,0.59239,0.82717,0.9673418390162102,False
GO_BP_2023,Positive Regulation Of Receptor-Mediated Endocytosis (GO:0048260),3,0,0.28859,0.82729,0.9142010813887308,False
GO_BP_2023,Bile Acid Biosynthetic Process (GO:0006699),3,0,0.32093,0.82749,0.9156606246514224,False
Reactome_2022,SHC-mediated cascade:FGFR3 R-HSA-5654704,3,0,0.73472,0.82771,0.9633276891405044,False
Reactome_2022,Transcriptional Activity Of SMAD2/SMAD3:SMAD4 Heterotrimer R-HSA-2173793,3,0,0.21781,0.82792,0.9142010813887308,False
GO_BP_2023,Learning (GO:0007612),3,0,0.73162,0.82824,0.9688883783783784,False
GO_BP_2023,Regulation Of Autophagosome Assembly (GO:2000785),3,0,0.32305,0.82827,0.9673418390162102,False
GO_BP_2023,Negative Regulation Of T Cell Mediated Immunity (GO:0002710),3,0,0.70052,0.82827,0.961542032892963,False
Reactome_2022,G Alpha (Z) Signaling Events R-HSA-418597,3,0,0.79879,0.82845,0.9716265846736044,False
GO_BP_2023,Cellular Response To Interleukin-4 (GO:0071353),3,0,0.58083,0.82867,0.9691778245983672,False
GO_BP_2023,Negative Regulation Of RNA Splicing (GO:0033119),3,0,0.70888,0.82916,0.9689,False
GO_BP_2023,Cell Junction Assembly (GO:0034329),3,0,0.54338,0.82921,0.9722129199861448,False
GO_BP_2023,Negative Regulation Of Small Molecule Metabolic Process (GO:0062014),3,0,0.13102,0.82954,0.9441554404145076,False
GO_BP_2023,Negative Regulation Of Interleukin-12 Production (GO:0032695),3,0,0.61775,0.82968,0.9691778245983672,False
GO_BP_2023,Cellular Defense Response (GO:0006968),3,0,0.73896,0.82989,0.9636665240372516,False
Reactome_2022,HIV Elongation Arrest And Recovery R-HSA-167287,3,0,0.62719,0.82993,0.959422346368715,False
GO_BP_2023,Maintenance Of Gastrointestinal Epithelium (GO:0030277),3,0,0.56552,0.83024,0.9673418390162102,False
GO_BP_2023,Negative Regulation Of Immune System Process (GO:0002683),3,0,0.19351,0.83056,0.9142010813887308,False
GO_BP_2023,Granulocyte Differentiation (GO:0030851),3,0,0.67228,0.83061,0.959422346368715,False
Reactome_2022,Formation Of HIV Elongation Complex In Absence Of HIV Tat R-HSA-167152,3,0,0.55023,0.83148,0.9541864256075874,False
Reactome_2022,DNA Damage Bypass R-HSA-73893,3,0,0.70809,0.83158,0.9757301514332072,False
GO_BP_2023,Regulation Of Release Of Sequestered Calcium Ion Into Cytosol (GO:0051279),3,0,0.73055,0.83159,0.9735073273837482,False
Reactome_2022,"Regulation Of Glycolysis By Fructose 2,6-Bisphosphate Metabolism R-HSA-9634600",3,0,0.41584,0.83173,0.9673418390162102,False
GO_BP_2023,Striated Muscle Contraction (GO:0006941),3,0,0.37223,0.83176,0.92698642578125,False
GO_BP_2023,Negative Regulation Of Catalytic Activity (GO:0043086),3,0,0.59893,0.83177,0.9541864256075874,False
GO_BP_2023,Golgi To Lysosome Transport (GO:0090160),3,0,0.68746,0.83188,0.9602724609909662,False
GO_BP_2023,Positive Regulation Of Muscle Contraction (GO:0045933),3,0,0.45583,0.83201,0.9393504765535644,False
GO_BP_2023,Response To Prostaglandin E (GO:0034695),3,0,0.42113,0.83224,0.9370004807692308,False
GO_BP_2023,Male Meiosis I (GO:0007141),3,0,0.19922,0.8323,0.9142010813887308,False
Reactome_2022,HDACs Deacetylate Histones R-HSA-3214815,3,0,0.6889,0.83236,0.9602724609909662,False
GO_BP_2023,Regulation Of Peptidase Activity (GO:0052547),3,0,0.55214,0.83263,0.9529937644341802,False
GO_BP_2023,Post-Translational Protein Modification (GO:0043687),3,0,0.28443,0.83279,0.9142010813887308,False
Reactome_2022,LDL Clearance R-HSA-8964038,3,0,0.64338,0.8328,0.9569854471069548,False
GO_BP_2023,Cellular Response To Nerve Growth Factor Stimulus (GO:1990090),3,0,0.34583,0.8329,0.9633276891405044,False
GO_BP_2023,Negative Regulation Of Activated T Cell Proliferation (GO:0046007),3,0,0.55625,0.83337,0.973169238476954,False
GO_BP_2023,Protein Heterooligomerization (GO:0051291),3,0,0.78526,0.83354,0.970808271219043,False
GO_BP_2023,Selective Autophagy (GO:0061912),3,0,0.60634,0.83363,0.9541864256075874,False
GO_BP_2023,Positive Regulation Of Synapse Assembly (GO:0051965),3,0,0.71184,0.83424,0.9625746549893844,False
GO_BP_2023,Regulation Of Endosome Size (GO:0051036),3,0,0.75993,0.83464,0.9753051564455568,False
GO_BP_2023,Regulation Of Vascular Associated Smooth Muscle Cell Proliferation (GO:1904705),3,0,0.12048,0.83478,0.9109985401459854,False
GO_BP_2023,Regulation Of Actomyosin Structure Organization (GO:0110020),3,0,0.38535,0.83492,0.932385674025364,False
GO_BP_2023,Regulation Of Sequestering Of Triglyceride (GO:0010889),3,0,0.30993,0.83499,0.9142010813887308,False
GO_BP_2023,Regulation Of Double-Strand Break Repair Via Homologous Recombination (GO:0010569),3,0,0.17681,0.83505,0.9142010813887308,False
Reactome_2022,mRNA Editing R-HSA-75072,3,0,0.77259,0.8351,0.9753129231529528,False
Reactome_2022,RUNX1 Regulates Genes Involved In Megakaryocyte Differentiation And Platelet Function R-HSA-8936459,3,0,0.74621,0.83529,0.976142569832402,False
Reactome_2022,Early SARS-CoV-2 Infection Events R-HSA-9772572,3,0,0.28026,0.83536,0.9142010813887308,False
GO_BP_2023,Regulation Of T Cell Chemotaxis (GO:0010819),3,0,0.67279,0.8354,0.959422346368715,False
Reactome_2022,Non-integrin membrane-ECM Interactions R-HSA-3000171,3,0,0.53707,0.83548,0.9505385600553824,False
GO_BP_2023,Gastrulation (GO:0007369),3,0,0.068727,0.8355,0.8848690726817042,False
GO_BP_2023,Positive Regulation Of TORC1 Signaling (GO:1904263),3,0,0.36113,0.83564,0.9673418390162102,False
GO_BP_2023,Aorta Development (GO:0035904),3,0,0.67308,0.83578,0.9757301514332072,False
GO_BP_2023,Negative Regulation Of Exocytosis (GO:0045920),3,0,0.7606,0.83588,0.965538728179551,False
Reactome_2022,PI-3K cascade:FGFR1 R-HSA-5654689,3,0,0.78377,0.83592,0.970808271219043,False
GO_BP_2023,Regulation Of Developmental Growth (GO:0048638),3,0,0.42373,0.83602,0.9673418390162102,False
GO_BP_2023,Phosphatidic Acid Metabolic Process (GO:0046473),3,0,0.59944,0.83615,0.972868324078748,False
Reactome_2022,MAP2K And MAPK Activation R-HSA-5674135,3,0,0.60117,0.83622,0.9691778245983672,False
Reactome_2022,HATs Acetylate Histones R-HSA-3214847,3,0,0.68822,0.8363,0.9691778245983672,False
GO_BP_2023,Regulation Of Cell Activation (GO:0050865),3,0,0.70899,0.8369,0.9625442194992008,False
GO_BP_2023,tRNA Threonylcarbamoyladenosine Metabolic Process (GO:0070525),3,0,0.74624,0.83691,0.9716265846736044,False
GO_BP_2023,Progesterone Receptor Signaling Pathway (GO:0050847),3,0,0.57985,0.83704,0.9533020999045498,False
Reactome_2022,Pre-NOTCH Processing In Golgi R-HSA-1912420,3,0,0.48528,0.83725,0.9394436882129276,False
GO_BP_2023,Negative Regulation Of Response To Stimulus (GO:0048585),3,0,0.19125,0.83762,0.9142010813887308,False
GO_BP_2023,Positive Regulation Of Insulin Secretion (GO:0032024),3,0,0.32981,0.83762,0.917809705561614,False
GO_BP_2023,Hexose Transmembrane Transport (GO:0008645),3,0,0.49869,0.83799,0.9673418390162102,False
GO_BP_2023,Hepaticobiliary System Development (GO:0061008),3,0,0.68852,0.83818,0.9602724609909662,False
Reactome_2022,SUMO E3 Ligases SUMOylate Target Proteins R-HSA-3108232,3,0,0.41578,0.83829,0.9348970419426048,False
Reactome_2022,Expression And Translocation Of Olfactory Receptors R-HSA-9752946,3,0,0.59416,0.83844,0.9673418390162102,False
GO_BP_2023,Embryonic Heart Tube Morphogenesis (GO:0003143),3,0,0.40524,0.83847,0.9346130807397384,False
Reactome_2022,Abortive Elongation Of HIV-1 Transcript In Absence Of Tat R-HSA-167242,3,0,0.50536,0.83864,0.970808271219043,False
GO_BP_2023,Regulation Of Necroptotic Process (GO:0060544),3,0,0.60426,0.83869,0.9562800292397662,False
GO_BP_2023,Regulation Of Smooth Muscle Contraction (GO:0006940),3,0,0.12729,0.83876,0.9142010813887308,False
GO_BP_2023,Regulation Of GTPase Activity (GO:0043087),3,0,0.21156,0.83906,0.9441554404145076,False
GO_BP_2023,Regulation Of Receptor-Mediated Endocytosis (GO:0048259),3,0,0.33038,0.83906,0.917809705561614,False
Reactome_2022,Diseases Of DNA Repair R-HSA-9675135,3,0,0.56473,0.8393,0.9529937644341802,False
Reactome_2022,Uptake And Function Of Anthrax Toxins R-HSA-5210891,3,0,0.22733,0.83963,0.9563137376689806,False
GO_BP_2023,Regulation Of Osteoclast Differentiation (GO:0045670),3,0,0.72642,0.83999,0.9735073273837482,False
Reactome_2022,Cytosolic tRNA Aminoacylation R-HSA-379716,3,0,0.46481,0.84,0.9393504765535644,False
Reactome_2022,FGFR2c Ligand Binding And Activation R-HSA-190375,3,0,0.8068,0.84035,0.9716265846736044,False
Reactome_2022,Assembly Of HIV Virion R-HSA-175474,3,0,0.44401,0.84058,0.9393504765535644,False
Reactome_2022,Platelet Calcium Homeostasis R-HSA-418360,3,0,0.27064,0.84085,0.9673418390162102,False
GO_BP_2023,Triglyceride Biosynthetic Process (GO:0019432),3,0,0.73155,0.84113,0.9716265846736044,False
Reactome_2022,Global Genome Nucleotide Excision Repair (GG-NER) R-HSA-5696399,3,0,0.72852,0.84126,0.9632415368639669,False
GO_BP_2023,Early Endosome To Late Endosome Transport (GO:0045022),3,0,0.53833,0.84128,0.9505385600553824,False
Reactome_2022,Zinc Transporters R-HSA-435354,3,0,0.74019,0.84143,0.9716265846736044,False
GO_BP_2023,Negative Regulation Of Antigen Receptor-Mediated Signaling Pathway (GO:0050858),3,0,0.68719,0.84148,0.9757301514332072,False
GO_BP_2023,RNA Catabolic Process (GO:0006401),3,0,0.49574,0.8416,0.9409529977794228,False
GO_BP_2023,Antiviral Innate Immune Response (GO:0140374),3,0,0.58133,0.8416,0.9744887096774192,False
GO_BP_2023,Digestive System Development (GO:0055123),3,0,0.73025,0.8416,0.976142569832402,False
Reactome_2022,Recycling Pathway Of L1 R-HSA-437239,3,0,0.78352,0.84183,0.976142569832402,False
GO_BP_2023,Secondary Alcohol Metabolic Process (GO:1902652),3,0,0.070921,0.84192,0.8919786206896552,False
Reactome_2022,Glyoxylate Metabolism And Glycine Degradation R-HSA-389661,3,0,0.21395,0.8423,0.9142010813887308,False
GO_BP_2023,Regulation Of Transcription Regulatory Region DNA Binding (GO:2000677),3,0,0.14586,0.84254,0.9553028645833334,False
Reactome_2022,Vitamin D (Calciferol) Metabolism R-HSA-196791,3,0,0.235,0.84291,0.9142010813887308,False
GO_BP_2023,Positive Regulation Of Alcohol Biosynthetic Process (GO:1902932),3,0,0.69678,0.84298,0.961542032892963,False
GO_BP_2023,Collagen Fibril Organization (GO:0030199),3,0,0.64906,0.843,0.957209686691578,False
GO_BP_2023,Positive Regulation Of Glycogen Biosynthetic Process (GO:0045725),3,0,0.68457,0.84304,0.9602724609909662,False
Reactome_2022,Sphingolipid De Novo Biosynthesis R-HSA-1660661,3,0,0.27192,0.84329,0.9142010813887308,False
Reactome_2022,Formation Of HIV-1 Elongation Complex Containing HIV-1 Tat R-HSA-167200,3,0,0.52686,0.84333,0.9562800292397662,False
GO_BP_2023,Positive Regulation Of Glycogen Metabolic Process (GO:0070875),3,0,0.77171,0.84336,0.9683909874415167,False
Reactome_2022,FRS-mediated FGFR2 Signaling R-HSA-5654700,3,0,0.66049,0.84344,0.9725014216806296,False
GO_BP_2023,Negative Regulation Of Blood Vessel Endothelial Cell Migration (GO:0043537),3,0,0.4903,0.84348,0.9409529977794228,False
Reactome_2022,mRNA Splicing R-HSA-72172,3,0,0.80424,0.84354,0.9716265846736044,False
GO_BP_2023,Prostaglandin Transport (GO:0015732),3,0,0.69836,0.8437,0.9757301514332072,False
GO_BP_2023,rRNA Processing (GO:0006364),3,0,0.31781,0.84398,0.9673418390162102,False
GO_BP_2023,Regulation Of Nucleic Acid-Templated Transcription (GO:1903506),3,0,0.28433,0.84441,0.9673418390162102,False
GO_BP_2023,Calcium-Dependent Cell-Cell Adhesion Via Plasma Membrane Cell Adhesion Molecules (GO:0016339),3,0,0.62775,0.84454,0.9750976857490864,False
GO_BP_2023,Negative Regulation Of Oxidoreductase Activity (GO:0051354),3,0,0.34644,0.84459,0.922255873493976,False
GO_BP_2023,Negative Regulation Of Type I Interferon-Mediated Signaling Pathway (GO:0060339),3,0,0.74372,0.84481,0.9636665240372516,False
Reactome_2022,SUMOylation Of Chromatin Organization Proteins R-HSA-4551638,3,0,0.59072,0.84497,0.953328006329114,False
GO_BP_2023,Negative Regulation Of Lyase Activity (GO:0051350),3,0,0.76888,0.84512,0.976142569832402,False
GO_BP_2023,Positive Regulation Of G1/S Transition Of Mitotic Cell Cycle (GO:1900087),3,0,0.58126,0.84533,0.9744887096774192,False
Reactome_2022,Caspase-mediated Cleavage Of Cytoskeletal Proteins R-HSA-264870,3,0,0.21293,0.84546,0.9673418390162102,False
Reactome_2022,G Beta:Gamma Signaling Thru CDC42 R-HSA-8964616,3,0,0.48788,0.84548,0.9402912533131388,False
GO_BP_2023,Positive Regulation Of Canonical Wnt Signaling Pathway (GO:0090263),3,0,0.69938,0.84569,0.9757301514332072,False
Reactome_2022,MECP2 Regulates Neuronal Receptors And Channels R-HSA-9022699,3,0,0.4019,0.84611,0.9336131578947368,False
Reactome_2022,Transmission Across Chemical Synapses R-HSA-112315,3,0,0.60474,0.84648,0.9676747452492426,False
GO_BP_2023,Positive Regulation Of Membrane Protein Ectodomain Proteolysis (GO:0051044),3,0,0.64063,0.84664,0.9562800292397662,False
GO_BP_2023,Regulation Of Potassium Ion Transport (GO:0043266),3,0,0.54149,0.84671,0.9673418390162102,False
GO_BP_2023,Regulation Of Glycogen Biosynthetic Process (GO:0005979),3,0,0.75779,0.8468,0.9650268615692156,False
Reactome_2022,Pausing And Recovery Of Tat-mediated HIV Elongation R-HSA-167238,3,0,0.60232,0.84695,0.9630497782415862,False
GO_BP_2023,Metaphase Plate Congression (GO:0051310),3,0,0.55871,0.84696,0.9662928812415656,False
GO_BP_2023,L-amino Acid Transport (GO:0015807),3,0,0.71909,0.84703,0.9630497782415862,False
GO_BP_2023,Regulation Of Cell Division (GO:0051302),3,0,0.5123,0.84709,0.9673418390162102,False
GO_BP_2023,Monoatomic Cation Transmembrane Transport (GO:0098655),3,0,0.44157,0.84742,0.9673418390162102,False
Reactome_2022,Gluconeogenesis R-HSA-70263,3,0,0.75187,0.84744,0.9636665240372516,False
Reactome_2022,Platelet Aggregation (Plug Formation) R-HSA-76009,3,0,0.44505,0.84746,0.9393504765535644,False
GO_BP_2023,Protein Insertion Into Mitochondrial Membrane (GO:0051204),3,0,0.70686,0.84751,0.9624195402298852,False
Reactome_2022,GAB1 Signalosome R-HSA-180292,3,0,0.15032,0.84756,0.9142010813887308,False
Reactome_2022,Crosslinking Of Collagen Fibrils R-HSA-2243919,3,0,0.63107,0.84765,0.9757301514332072,False
Reactome_2022,Signaling By FGFR1 R-HSA-5654736,3,0,0.81259,0.84774,0.976142569832402,False
GO_BP_2023,Endosome To Lysosome Transport Via Multivesicular Body Sorting Pathway (GO:0032510),3,0,0.34343,0.84785,0.922255873493976,False
Reactome_2022,Chaperonin-mediated Protein Folding R-HSA-390466,3,0,0.45981,0.84787,0.9393504765535644,False
GO_BP_2023,DNA Double-Strand Break Processing (GO:0000729),3,0,0.16127,0.84788,0.9142010813887308,False
GO_BP_2023,Female Gamete Generation (GO:0007292),3,0,0.75854,0.8482,0.9650268615692156,False
GO_BP_2023,Antigen Processing And Presentation Of Endogenous Peptide Antigen (GO:0002483),3,0,0.12115,0.84839,0.9109985401459854,False
GO_BP_2023,snRNA Metabolic Process (GO:0016073),3,0,0.76898,0.84853,0.9678550061804696,False
GO_BP_2023,Regulation Of Phospholipase Activity (GO:0010517),3,0,0.47803,0.84855,0.9673418390162102,False
GO_BP_2023,Protein Heterotetramerization (GO:0051290),3,0,0.72891,0.84855,0.9632415368639669,False
GO_BP_2023,Regulation Of Immunoglobulin Production (GO:0002637),3,0,0.58432,0.84889,0.9691778245983672,False
Reactome_2022,RNA Polymerase I Promoter Opening R-HSA-73728,3,0,0.41594,0.8489,0.9673418390162102,False
GO_BP_2023,Positive Regulation Of Calcineurin-Mediated Signaling (GO:0106058),3,0,0.70644,0.84896,0.9757301514332072,False
GO_BP_2023,Positive Regulation Of calcineurin-NFAT Signaling Cascade (GO:0070886),3,0,0.70644,0.84896,0.9757301514332072,False
GO_BP_2023,COPII-coated Vesicle Cargo Loading (GO:0090110),3,0,0.66915,0.84903,0.9757301514332072,False
GO_BP_2023,Regulation Of Cell Projection Organization (GO:0031344),3,0,0.65593,0.84927,0.970808271219043,False
Reactome_2022,RNA Polymerase I Transcription Initiation R-HSA-73762,3,0,0.74865,0.8494,0.9636665240372516,False
GO_BP_2023,External Encapsulating Structure Organization (GO:0045229),3,0,0.54467,0.84951,0.9523400480439258,False
GO_BP_2023,Ventricular Septum Development (GO:0003281),3,0,0.58684,0.8496,0.9725014216806296,False
GO_BP_2023,Acetylcholine Receptor Signaling Pathway (GO:0095500),3,0,0.66941,0.84975,0.9673418390162102,False
GO_BP_2023,Positive Regulation Of Translational Initiation (GO:0045948),3,0,0.68479,0.84975,0.9602724609909662,False
GO_BP_2023,Negative Regulation Of Cytokine Production Involved In Immune Response (GO:0002719),3,0,0.45516,0.85006,0.9673418390162102,False
Reactome_2022,Activation Of ATR In Response To Replication Stress R-HSA-176187,3,0,0.67454,0.85011,0.959422346368715,False
GO_BP_2023,Proteoglycan Metabolic Process (GO:0006029),3,0,0.59414,0.85012,0.9540388679245284,False
GO_BP_2023,Cellular Response To Low-Density Lipoprotein Particle Stimulus (GO:0071404),3,0,0.56703,0.85036,0.9541864256075874,False
Reactome_2022,Viral Messenger RNA Synthesis R-HSA-168325,3,0,0.66091,0.85036,0.9584136467236468,False
GO_BP_2023,tRNA Wobble Base Modification (GO:0002097),3,0,0.67035,0.85037,0.9753129231529528,False
GO_BP_2023,Regulation Of Ruffle Assembly (GO:1900027),3,0,0.60148,0.85044,0.9750976857490864,False
GO_BP_2023,Cytoskeleton-Dependent Intracellular Transport (GO:0030705),3,0,0.68609,0.85049,0.9602724609909662,False
GO_BP_2023,Maintenance Of Blood-Brain Barrier (GO:0035633),3,0,0.63796,0.85052,0.9757301514332072,False
Reactome_2022,Programmed Cell Death R-HSA-5357801,3,0,0.11537,0.85073,0.963380649526387,False
Reactome_2022,Binding And Uptake Of Ligands By Scavenger Receptors R-HSA-2173782,3,0,0.45899,0.85106,0.9393504765535644,False
GO_BP_2023,Digestive Tract Development (GO:0048565),3,0,0.80245,0.85111,0.9716265846736044,False
GO_BP_2023,tRNA Aminoacylation (GO:0043039),3,0,0.68776,0.85121,0.9757301514332072,False
GO_BP_2023,Positive Regulation Of Mitotic Cell Cycle Spindle Assembly Checkpoint (GO:0090267),3,0,0.62302,0.85139,0.9633276891405044,False
GO_BP_2023,Positive Regulation Of Spindle Checkpoint (GO:0090232),3,0,0.62302,0.85139,0.9633276891405044,False
GO_BP_2023,Regulation Of Systemic Arterial Blood Pressure (GO:0003073),3,0,0.55714,0.85156,0.9529937644341802,False
GO_BP_2023,Regulation Of Amide Metabolic Process (GO:0034248),3,0,0.71212,0.85158,0.976142569832402,False
Reactome_2022,Processing Of Capped Intron-Containing Pre-mRNA R-HSA-72203,3,0,0.81954,0.85159,0.9735597498842056,False
Reactome_2022,TP53 Regulates Transcription Of DNA Repair Genes R-HSA-6796648,3,0,0.54557,0.85175,0.9630497782415862,False
GO_BP_2023,Carboxylic Acid Transmembrane Transport (GO:1905039),3,0,0.81766,0.85184,0.976142569832402,False
GO_BP_2023,Regulation Of Cellular Biosynthetic Process (GO:0031326),3,0,0.75947,0.85195,0.9652190511860176,False
Reactome_2022,SARS-CoV-2 Modulates Autophagy R-HSA-9754560,3,0,0.57123,0.85202,0.9691778245983672,False
GO_BP_2023,Extracellular Transport (GO:0006858),3,0,0.64103,0.85239,0.9562800292397662,False
GO_BP_2023,Cyclic Nucleotide Biosynthetic Process (GO:0009190),3,0,0.79638,0.85265,0.976142569832402,False
GO_BP_2023,Lysosomal Transport (GO:0007041),3,0,0.47812,0.85276,0.9393504765535644,False
GO_BP_2023,Positive Regulation Of Acute Inflammatory Response (GO:0002675),3,0,0.7423,0.85331,0.9636665240372516,False
GO_BP_2023,Negative Regulation Of Receptor Internalization (GO:0002091),3,0,0.70174,0.85333,0.9757301514332072,False
Reactome_2022,InlB-mediated Entry Of Listeria Monocytogenes Into Host Cell R-HSA-8875360,3,0,0.66248,0.85339,0.9757301514332072,False
Reactome_2022,PKA Activation R-HSA-163615,3,0,0.74028,0.85354,0.9723050873586844,False
GO_BP_2023,Protein Acylation (GO:0043543),3,0,0.68682,0.85381,0.9691778245983672,False
GO_BP_2023,Inorganic Cation Import Across Plasma Membrane (GO:0098659),3,0,0.35373,0.854,0.9673418390162102,False
GO_BP_2023,Chloride Transmembrane Transport (GO:1902476),3,0,0.73133,0.85405,0.976142569832402,False
Reactome_2022,Metabolism Of Non-Coding RNA R-HSA-194441,3,0,0.70536,0.85419,0.9624195402298852,False
GO_BP_2023,Negative Regulation Of Autophagosome Assembly (GO:1902902),3,0,0.72493,0.85445,0.9636665240372516,False
GO_BP_2023,Protein Deneddylation (GO:0000338),3,0,0.56866,0.85446,0.9676747452492426,False
GO_BP_2023,Dendritic Cell Differentiation (GO:0097028),3,0,0.66485,0.85453,0.959422346368715,False
GO_BP_2023,Nucleotide-Excision Repair (GO:0006289),3,0,0.27985,0.85466,0.9673418390162102,False
GO_BP_2023,fatty-acyl-CoA Metabolic Process (GO:0035337),3,0,0.81438,0.85488,0.9735073273837482,False
GO_BP_2023,Early Endosome To Golgi Transport (GO:0034498),3,0,0.32022,0.85525,0.9156606246514224,False
Reactome_2022,FGFRL1 Modulation Of FGFR1 Signaling R-HSA-5658623,3,0,0.49649,0.85552,0.9571034234234236,False
GO_BP_2023,Macromolecule Modification (GO:0043412),3,0,0.78838,0.85563,0.9735597498842056,False
GO_BP_2023,Positive Regulation Of Leukocyte Cell-Cell Adhesion (GO:1903039),3,0,0.70523,0.85586,0.9624195402298852,False
Reactome_2022,Diseases Associated With Glycosylation Precursor Biosynthesis R-HSA-5609975,3,0,0.47444,0.85603,0.9393504765535644,False
Reactome_2022,Rap1 Signaling R-HSA-392517,3,0,0.7361,0.85604,0.9753051564455568,False
GO_BP_2023,Protein Homotetramerization (GO:0051289),3,0,0.76982,0.85604,0.976142569832402,False
GO_BP_2023,Chromosome Condensation (GO:0030261),3,0,0.61103,0.85611,0.9541864256075874,False
GO_BP_2023,Cell-Cell Junction Maintenance (GO:0045217),3,0,0.5525,0.85641,0.9673418390162102,False
GO_BP_2023,Carbohydrate Biosynthetic Process (GO:0016051),3,0,0.48567,0.85642,0.9722129199861448,False
GO_BP_2023,mRNA Stabilization (GO:0048255),3,0,0.62748,0.85642,0.9541864256075874,False
Reactome_2022,Aspartate And Asparagine Metabolism R-HSA-8963693,3,0,0.3359,0.85644,0.9673418390162102,False
Reactome_2022,RNA Polymerase I Promoter Escape R-HSA-73772,3,0,0.63791,0.85655,0.9757301514332072,False
GO_BP_2023,Positive Regulation Of Protein Export From Nucleus (GO:0046827),3,0,0.65847,0.85672,0.9720412317327768,False
GO_BP_2023,Membrane Raft Organization (GO:0031579),3,0,0.78665,0.85689,0.9734700118063754,False
GO_BP_2023,3'-Phosphoadenosine 5'-Phosphosulfate Metabolic Process (GO:0050427),3,0,0.63162,0.85705,0.9673418390162102,False
GO_BP_2023,Positive Regulation Of Hydrolase Activity (GO:0051345),3,0,0.55123,0.85733,0.9673418390162102,False
GO_BP_2023,Positive Regulation Of Exosomal Secretion (GO:1903543),3,0,0.19115,0.85739,0.9630970290108356,False
GO_BP_2023,Regulation Of Tube Diameter (GO:0035296),3,0,0.7577,0.85739,0.976142569832402,False
GO_BP_2023,Vascular Process In Circulatory System (GO:0003018),3,0,0.7577,0.85739,0.976142569832402,False
GO_BP_2023,Purine Ribonucleoside Monophosphate Biosynthetic Process (GO:0009168),3,0,0.39544,0.85745,0.9673418390162102,False
Reactome_2022,Positive Epigenetic Regulation Of rRNA Expression R-HSA-5250913,3,0,0.78718,0.8575,0.970808271219043,False
GO_BP_2023,Response To Estrogen (GO:0043627),3,0,0.71257,0.85756,0.9625746549893844,False
Reactome_2022,Myogenesis R-HSA-525793,3,0,0.56723,0.85765,0.9529937644341802,False
GO_BP_2023,Intestinal Absorption (GO:0050892),3,0,0.64752,0.85769,0.9757301514332072,False
GO_BP_2023,Negative Regulation Of Protein Localization To Membrane (GO:1905476),3,0,0.21356,0.85776,0.9630970290108356,False
GO_BP_2023,Extracellular Structure Organization (GO:0043062),3,0,0.62896,0.85784,0.9541864256075874,False
GO_BP_2023,Hematopoietic Stem Cell Proliferation (GO:0071425),3,0,0.3796,0.8581,0.9673418390162102,False
Reactome_2022,Signaling By Non-Receptor Tyrosine Kinases R-HSA-9006927,3,0,0.44255,0.8582,0.9393504765535644,False
GO_BP_2023,Response To Molecule Of Bacterial Origin (GO:0002237),3,0,0.61225,0.8582,0.9691778245983672,False
GO_BP_2023,Positive Regulation Of Cell Migration Involved In Sprouting Angiogenesis (GO:0090050),3,0,0.34212,0.85846,0.922255873493976,False
GO_BP_2023,ATP Transport (GO:0015867),3,0,0.49886,0.85884,0.9722129199861448,False
Reactome_2022,SUMOylation Of SUMOylation Proteins R-HSA-4085377,3,0,0.71946,0.85889,0.9630497782415862,False
GO_BP_2023,Negative Regulation Of Leukocyte Cell-Cell Adhesion (GO:1903038),3,0,0.57471,0.85902,0.973536605657238,False
Reactome_2022,Dual Incision In TC-NER R-HSA-6782135,3,0,0.61657,0.85906,0.9743277058279372,False
Reactome_2022,Hormone Ligand-Binding Receptors R-HSA-375281,3,0,0.79558,0.85907,0.9716265846736044,False
Reactome_2022,Complement Cascade R-HSA-166658,3,0,0.78295,0.8591,0.9763535132723624,False
Reactome_2022,Metabolism Of Vitamins And Cofactors R-HSA-196854,3,0,0.70945,0.85912,0.9683909874415167,False
GO_BP_2023,Cellular Response To Peptide Hormone Stimulus (GO:0071375),3,0,0.77851,0.85915,0.9695504643206256,False
Reactome_2022,RMTs Methylate Histone Arginines R-HSA-3214858,3,0,0.6792,0.85919,0.9676747452492426,False
GO_BP_2023,Arp2/3 Complex-Mediated Actin Nucleation (GO:0034314),3,0,0.66954,0.85933,0.9673418390162102,False
GO_BP_2023,Retinoid Metabolic Process (GO:0001523),3,0,0.70491,0.85936,0.9624195402298852,False
GO_BP_2023,Negative Regulation Of Mitotic Cell Cycle (GO:0045930),3,0,0.37169,0.85975,0.9441554404145076,False
GO_BP_2023,Gas Transport (GO:0015669),3,0,0.38793,0.85975,0.932385674025364,False
Reactome_2022,Nuclear Envelope Breakdown R-HSA-2980766,3,0,0.76025,0.85989,0.9763535132723624,False
GO_BP_2023,DNA-templated DNA Replication (GO:0006261),3,0,0.50844,0.85995,0.9454545718432512,False
GO_BP_2023,Positive Regulation Of Muscle Cell Differentiation (GO:0051149),3,0,0.79153,0.86014,0.9735073273837482,False
Reactome_2022,RNA Polymerase I Transcription R-HSA-73864,3,0,0.70754,0.86051,0.9757301514332072,False
GO_BP_2023,Protein Tetramerization (GO:0051262),3,0,0.8426,0.86078,0.976142569832402,False
GO_BP_2023,Purine Ribonucleotide Metabolic Process (GO:0009150),3,0,0.85027,0.86082,0.976142569832402,False
Reactome_2022,Major Pathway Of rRNA Processing In Nucleolus And Cytosol R-HSA-6791226,3,0,0.45804,0.86097,0.9676747452492426,False
GO_BP_2023,Regulation Of Neurotransmitter Secretion (GO:0046928),3,0,0.83478,0.8611,0.976142569832402,False
GO_BP_2023,Positive Regulation Of Interleukin-8 Production (GO:0032757),3,0,0.82198,0.86119,0.9735597498842056,False
GO_BP_2023,Mitotic Spindle Organization (GO:0007052),3,0,0.24024,0.86124,0.9142010813887308,False
Reactome_2022,TBC/RABGAPs R-HSA-8854214,3,0,0.80122,0.86138,0.9735073273837482,False
Reactome_2022,RHO GTPases Activate IQGAPs R-HSA-5626467,3,0,0.67998,0.86144,0.972868324078748,False
GO_BP_2023,Positive Regulation Of Cell Cycle Phase Transition (GO:1901989),3,0,0.40526,0.86154,0.9722129199861448,False
GO_BP_2023,Positive Regulation Of Cell Motility (GO:2000147),3,0,0.41088,0.86174,0.9673418390162102,False
Reactome_2022,SUMOylation Of Ubiquitinylation Proteins R-HSA-3232142,3,0,0.71606,0.86188,0.9630497782415862,False
GO_BP_2023,Activin Receptor Signaling Pathway (GO:0032924),3,0,0.73598,0.86198,0.9635129115226336,False
Reactome_2022,Formation Of Early Elongation Complex R-HSA-113418,3,0,0.45449,0.86209,0.9633276891405044,False
GO_BP_2023,Astrocyte Development (GO:0014002),3,0,0.53684,0.86221,0.9722129199861448,False
Reactome_2022,Assembly Of ORC Complex At Origin Of Replication R-HSA-68616,3,0,0.59833,0.86221,0.9723050873586844,False
GO_BP_2023,Intracellular Zinc Ion Homeostasis (GO:0006882),3,0,0.72074,0.86231,0.9630497782415862,False
GO_BP_2023,Regulation Of Transposition (GO:0010528),3,0,0.3426,0.86235,0.9673418390162102,False
Hallmark_2020,PI3K/AKT/mTOR  Signaling,3,0,0.69641,0.86253,0.9757301514332072,False
GO_BP_2023,Pyroptosis (GO:0070269),3,0,0.77427,0.86322,0.9688883783783784,False
GO_BP_2023,Determination Of Heart Left/Right Asymmetry (GO:0061371),3,0,0.31055,0.86325,0.9142010813887308,False
Reactome_2022,Physiological Factors R-HSA-5578768,3,0,0.57179,0.86334,0.9533020999045498,False
Reactome_2022,Beta Defensins R-HSA-1461957,3,0,0.76342,0.86343,0.9662152222498138,False
Reactome_2022,Free Fatty Acids Regulate Insulin Secretion R-HSA-400451,3,0,0.67376,0.86359,0.959422346368715,False
GO_BP_2023,Phosphatidic Acid Biosynthetic Process (GO:0006654),3,0,0.6806,0.8636,0.9757301514332072,False
Reactome_2022,HCMV Infection R-HSA-9609646,3,0,0.52286,0.86361,0.9478996096522356,False
Reactome_2022,Sodium/Calcium Exchangers R-HSA-425561,3,0,0.66142,0.86407,0.9586070045558088,False
GO_BP_2023,Smooth Muscle Contraction (GO:0006939),3,0,0.85618,0.86408,0.976142569832402,False
GO_BP_2023,Negative Regulation Of Calcium Ion Transmembrane Transporter Activity (GO:1901020),3,0,0.8277,0.86418,0.9743277058279372,False
GO_BP_2023,Response To BMP (GO:0071772),3,0,0.37829,0.86424,0.9289679691268692,False
Reactome_2022,Neutrophil Degranulation R-HSA-6798695,3,0,0.82488,0.86427,0.976142569832402,False
Reactome_2022,Defective B3GAT3 Causes JDSSDHD R-HSA-3560801,3,0,0.39952,0.86433,0.9336131578947368,False
GO_BP_2023,Negative Regulation Of Coagulation (GO:0050819),3,0,0.78934,0.86443,0.970808271219043,False
GO_BP_2023,Regulation Of Cell Development (GO:0060284),3,0,0.57086,0.86452,0.973169238476954,False
Reactome_2022,Leading Strand Synthesis R-HSA-69109,3,0,0.55687,0.8647,0.9691778245983672,False
Reactome_2022,EPHA-mediated Growth Cone Collapse R-HSA-3928663,3,0,0.17478,0.86493,0.9142010813887308,False
GO_BP_2023,Intracellular Protein Transmembrane Transport (GO:0065002),3,0,0.57281,0.86506,0.9533020999045498,False
GO_BP_2023,Phospholipid Biosynthetic Process (GO:0008654),3,0,0.73908,0.86513,0.9636665240372516,False
Reactome_2022,Gene Silencing By RNA R-HSA-211000,3,0,0.71804,0.86526,0.9630497782415862,False
GO_BP_2023,Positive Regulation Of Locomotion (GO:0040017),3,0,0.388,0.86529,0.9673418390162102,False
Reactome_2022,Protein Folding R-HSA-391251,3,0,0.53621,0.86542,0.9505385600553824,False
GO_BP_2023,Protein Localization To Chromosome (GO:0034502),3,0,0.77766,0.86554,0.976142569832402,False
GO_BP_2023,Positive Regulation Of DNA Recombination (GO:0045911),3,0,0.67329,0.86557,0.9602724609909662,False
Reactome_2022,PI-3K cascade:FGFR2 R-HSA-5654695,3,0,0.83286,0.86557,0.9777521748779404,False
Reactome_2022,Butyrate Response Factor 1 Binds And Destabilizes mRNA R-HSA-450385,3,0,0.58389,0.86565,0.9747458510987208,False
Reactome_2022,Oncogene Induced Senescence R-HSA-2559585,3,0,0.72233,0.86604,0.977819322928116,False
GO_BP_2023,Amino Acid Transport (GO:0006865),3,0,0.57056,0.86611,0.9533020999045498,False
GO_BP_2023,Response To Interleukin-6 (GO:0070741),3,0,0.78398,0.86612,0.970808271219043,False
GO_BP_2023,Regulation Of Coagulation (GO:0050818),3,0,0.49142,0.86626,0.9673418390162102,False
GO_BP_2023,Negative Regulation Of Endopeptidase Activity (GO:0010951),3,0,0.62867,0.86636,0.9541864256075874,False
GO_BP_2023,Response To UV-B (GO:0010224),3,0,0.82484,0.86636,0.976142569832402,False
GO_BP_2023,Cardiac Cell Development (GO:0055006),3,0,0.81449,0.86652,0.9763535132723624,False
GO_BP_2023,Neutral Amino Acid Transport (GO:0015804),3,0,0.52345,0.86688,0.9478996096522356,False
GO_BP_2023,Cellular Response To Acid Chemical (GO:0071229),3,0,0.48461,0.86696,0.9691778245983672,False
GO_BP_2023,Regulation Of T Cell Mediated Cytotoxicity (GO:0001914),3,0,0.38263,0.86701,0.9318596650717704,False
GO_BP_2023,Intracellular Copper Ion Homeostasis (GO:0006878),3,0,0.82004,0.86713,0.9777432408435072,False
GO_BP_2023,Establishment Of Protein Localization To Endoplasmic Reticulum (GO:0072599),3,0,0.79632,0.86733,0.9716265846736044,False
GO_BP_2023,P-body Assembly (GO:0033962),3,0,0.62846,0.86776,0.9541864256075874,False
GO_BP_2023,Meiotic Sister Chromatid Cohesion (GO:0051177),3,0,0.78697,0.86801,0.970808271219043,False
GO_BP_2023,Monoatomic Anion Transmembrane Transport (GO:0098656),3,0,0.83358,0.86802,0.977819322928116,False
GO_BP_2023,Phosphatidylinositol Biosynthetic Process (GO:0006661),3,0,0.56991,0.86825,0.9676747452492426,False
Reactome_2022,Processing Of DNA Double-Strand Break Ends R-HSA-5693607,3,0,0.47102,0.86835,0.9393504765535644,False
GO_BP_2023,Positive Regulation Of Peptidyl-Threonine Phosphorylation (GO:0010800),3,0,0.79551,0.86837,0.977819322928116,False
Reactome_2022,Urea Cycle R-HSA-70635,3,0,0.63668,0.86853,0.9560217647058824,False
GO_BP_2023,Cellular Response To Vascular Endothelial Growth Factor Stimulus (GO:0035924),3,0,0.82854,0.86857,0.9747932285648256,False
GO_BP_2023,Neuron Maturation (GO:0042551),3,0,0.72663,0.86883,0.9632415368639669,False
GO_BP_2023,Apoptotic Mitochondrial Changes (GO:0008637),3,0,0.7099,0.86887,0.9625442194992008,False
GO_BP_2023,Positive Regulation Of Rho Protein Signal Transduction (GO:0035025),3,0,0.73112,0.86894,0.977819322928116,False
GO_BP_2023,Negative Regulation Of Fat Cell Differentiation (GO:0045599),3,0,0.82222,0.86905,0.9777277210128832,False
GO_BP_2023,Negative Regulation Of Platelet-Derived Growth Factor Receptor Signaling Pathway (GO:0010642),3,0,0.77848,0.86922,0.976142569832402,False
GO_BP_2023,Cardiac Muscle Cell Action Potential Involved In Contraction (GO:0086002),3,0,0.75919,0.86955,0.9651041708291708,False
Reactome_2022,"Defective B4GALT7 Causes EDS, Progeroid Type R-HSA-3560783",3,0,0.44763,0.8697,0.9393504765535644,False
GO_BP_2023,Positive Regulation Of Macrophage Chemotaxis (GO:0010759),3,0,0.59679,0.86973,0.9750976857490864,False
GO_BP_2023,Positive Regulation Of Cholesterol Transport (GO:0032376),3,0,0.17274,0.87005,0.9142010813887308,False
Reactome_2022,Prolonged ERK Activation Events R-HSA-169893,3,0,0.73423,0.8702,0.9723050873586844,False
Reactome_2022,"PI5P, PP2A And IER3 Regulate PI3K/AKT Signaling R-HSA-6811558",3,0,0.71675,0.87024,0.9630497782415862,False
Reactome_2022,Scavenging By Class A Receptors R-HSA-3000480,3,0,0.54053,0.8703,0.9508534506556244,False
GO_BP_2023,Negative Regulation Of T Cell Activation (GO:0050868),3,0,0.62374,0.87055,0.9750976857490864,False
Reactome_2022,RNA Polymerase I Promoter Clearance R-HSA-73854,3,0,0.76039,0.8706,0.977819322928116,False
GO_BP_2023,Regulation Of mRNA Catabolic Process (GO:0061013),3,0,0.16644,0.87065,0.9441554404145076,False
GO_BP_2023,Regulation Of Leukocyte Adhesion To Vascular Endothelial Cell (GO:1904994),3,0,0.80419,0.87081,0.977819322928116,False
Reactome_2022,Synthesis Of Bile Acids And Bile Salts Via 24-Hydroxycholesterol R-HSA-193775,3,0,0.76906,0.87102,0.9678550061804696,False
Reactome_2022,TNFR1-induced Proapoptotic Signaling R-HSA-5357786,3,0,0.68117,0.87111,0.9757301514332072,False
GO_BP_2023,Negative Regulation Of Alpha-Beta T Cell Activation (GO:0046636),3,0,0.68653,0.87146,0.9757301514332072,False
GO_BP_2023,Cellular Response To Organonitrogen Compound (GO:0071417),3,0,0.72789,0.87152,0.977819322928116,False
GO_BP_2023,Positive Regulation Of Mitotic Nuclear Division (GO:0045840),3,0,0.091029,0.8718,0.9046810444874276,False
GO_BP_2023,Negative Regulation Of Epidermal Growth Factor-Activated Receptor Activity (GO:0007175),3,0,0.26181,0.87182,0.9142010813887308,False
GO_BP_2023,Supramolecular Fiber Organization (GO:0097435),3,0,0.37915,0.87192,0.9292556785370548,False
GO_BP_2023,Cyclic-Nucleotide-Mediated Signaling (GO:0019935),3,0,0.77304,0.87196,0.9735597498842056,False
Reactome_2022,Presynaptic Nicotinic Acetylcholine Receptors R-HSA-622323,3,0,0.5836,0.87212,0.9533020999045498,False
Reactome_2022,MAPK Targets/ Nuclear Events Mediated By MAP Kinases R-HSA-450282,3,0,0.64599,0.87248,0.9757301514332072,False
GO_BP_2023,Regulation Of Sodium Ion Transmembrane Transport (GO:1902305),3,0,0.75294,0.87257,0.9637851646970078,False
GO_BP_2023,Regulation Of RNA Metabolic Process (GO:0051252),3,0,0.72086,0.87262,0.9691778245983672,False
GO_BP_2023,Regulation Of Ryanodine-Sensitive Calcium-Release Channel Activity (GO:0060314),3,0,0.3836,0.87267,0.9676747452492426,False
GO_BP_2023,Positive Regulation Of Exocytosis (GO:0045921),3,0,0.50816,0.87336,0.9691778245983672,False
GO_BP_2023,Protein Localization To Cilium (GO:0061512),3,0,0.83691,0.87348,0.977819322928116,False
GO_BP_2023,Positive Regulation Of Peptide Hormone Secretion (GO:0090277),3,0,0.54605,0.87349,0.9529937644341802,False
GO_BP_2023,Positive Regulation Of Positive Chemotaxis (GO:0050927),3,0,0.80429,0.87361,0.977819322928116,False
Reactome_2022,WNT5A-dependent Internalization Of FZD4 R-HSA-5099900,3,0,0.29597,0.87381,0.9673418390162102,False
GO_BP_2023,Mitotic Metaphase Plate Congression (GO:0007080),3,0,0.59551,0.87413,0.9673418390162102,False
GO_BP_2023,Establishment Of Epithelial Cell Polarity (GO:0090162),3,0,0.447,0.87487,0.9393504765535644,False
GO_BP_2023,Zinc Ion Transmembrane Transport (GO:0071577),3,0,0.76199,0.87513,0.977819322928116,False
GO_BP_2023,Endoplasmic Reticulum Mannose Trimming (GO:1904380),3,0,0.728,0.87517,0.9632415368639669,False
GO_BP_2023,Regulation Of Synapse Maturation (GO:0090128),3,0,0.55672,0.87524,0.9529937644341802,False
Reactome_2022,SIRT1 Negatively Regulates rRNA Expression R-HSA-427359,3,0,0.52323,0.87555,0.9722129199861448,False
GO_BP_2023,Establishment Of Protein Localization To Mitochondrion (GO:0072655),3,0,0.5373,0.87564,0.9505385600553824,False
GO_BP_2023,Receptor-Mediated Endocytosis Of Virus By Host Cell (GO:0019065),3,0,0.32496,0.87581,0.9673418390162102,False
GO_BP_2023,Regulation Of Cell Death (GO:0010941),3,0,0.14361,0.87604,0.9142010813887308,False
GO_BP_2023,Myeloid Cell Development (GO:0061515),3,0,0.75569,0.87631,0.970808271219043,False
GO_BP_2023,Regulation Of Establishment Of Endothelial Barrier (GO:1903140),3,0,0.77708,0.87647,0.976142569832402,False
GO_BP_2023,Monoatomic Cation Homeostasis (GO:0055080),3,0,0.75443,0.87653,0.9648363567839195,False
Reactome_2022,Adenylate Cyclase Inhibitory Pathway R-HSA-170670,3,0,0.86938,0.87684,0.9783701558042572,False
GO_BP_2023,Protein Alkylation (GO:0008213),3,0,0.65044,0.8769,0.957209686691578,False
GO_BP_2023,Zinc Ion Transport (GO:0006829),3,0,0.79324,0.87706,0.970808271219043,False
GO_BP_2023,Myelination In Peripheral Nervous System (GO:0022011),3,0,0.090046,0.8771,0.9046810444874276,False
GO_BP_2023,Positive Regulation Of Adenylate Cyclase Activity (GO:0045762),3,0,0.85114,0.87718,0.976485253558719,False
GO_BP_2023,Negative Regulation Of Protein Localization To Cell Periphery (GO:1904376),3,0,0.29619,0.87721,0.9673418390162102,False
GO_BP_2023,Positive Regulation Of Type 2 Immune Response (GO:0002830),3,0,0.31808,0.87745,0.9673418390162102,False
GO_BP_2023,Negative Regulation Of RNA Metabolic Process (GO:0051253),3,0,0.81019,0.8777,0.9735073273837482,False
GO_BP_2023,Negative Regulation Of Double-Strand Break Repair (GO:2000780),3,0,0.5218,0.87809,0.9529937644341802,False
GO_BP_2023,Regulation Of Intracellular Estrogen Receptor Signaling Pathway (GO:0033146),3,0,0.6541,0.87859,0.9757301514332072,False
GO_BP_2023,Positive Regulation Of Translation (GO:0045727),3,0,0.47648,0.87867,0.9673418390162102,False
GO_BP_2023,Regulation Of Neurogenesis (GO:0050767),3,0,0.58157,0.87868,0.9691778245983672,False
Reactome_2022,FOXO-mediated Transcription Of Cell Death Genes R-HSA-9614657,3,0,0.53937,0.8788,0.9505385600553824,False
GO_BP_2023,Hydrogen Peroxide Catabolic Process (GO:0042744),3,0,0.31135,0.8789,0.9142010813887308,False
Reactome_2022,PKA-mediated Phosphorylation Of CREB R-HSA-111931,3,0,0.75134,0.87893,0.9751563915450429,False
Hallmark_2020,Complement,3,0,0.84104,0.87897,0.976142569832402,False
GO_BP_2023,Endothelial Cell Development (GO:0001885),3,0,0.35556,0.87905,0.9644757439446368,False
Reactome_2022,Synthesis Of PIPs At Early Endosome Membrane R-HSA-1660516,3,0,0.15926,0.8792,0.9441554404145076,False
GO_BP_2023,Negative Regulation Of Stem Cell Differentiation (GO:2000737),3,0,0.07651,0.87923,0.9290704285714284,False
Reactome_2022,Thrombin Signaling Thru Proteinase Activated Receptors (PARs) R-HSA-456926,3,0,0.4816,0.87942,0.9393504765535644,False
GO_BP_2023,Protein Import Into Mitochondrial Matrix (GO:0030150),3,0,0.7904,0.87943,0.970808271219043,False
GO_BP_2023,Regulation Of Macromolecule Biosynthetic Process (GO:0010556),3,0,0.84732,0.87957,0.9790836304347826,False
Reactome_2022,RHO GTPases Activate ROCKs R-HSA-5627117,3,0,0.38667,0.87958,0.932385674025364,False
GO_BP_2023,Chloride Transport (GO:0006821),3,0,0.36947,0.87976,0.9673418390162102,False
Reactome_2022,HDR Thru Single Strand Annealing (SSA) R-HSA-5685938,3,0,0.75013,0.87982,0.9725014216806296,False
GO_BP_2023,V(D)J Recombination (GO:0033151),3,0,0.79737,0.87987,0.9790836304347826,False
GO_BP_2023,Regulation Of Ventricular Cardiac Muscle Cell Action Potential (GO:0098911),3,0,0.6843,0.87992,0.9602724609909662,False
GO_BP_2023,Positive Regulation Of T Cell Migration (GO:2000406),3,0,0.75075,0.88006,0.9636665240372516,False
GO_BP_2023,Nucleus Organization (GO:0006997),3,0,0.73818,0.88026,0.9790836304347826,False
GO_BP_2023,Dendritic Spine Morphogenesis (GO:0060997),3,0,0.7095,0.88038,0.9625442194992008,False
GO_BP_2023,DNA Strand Elongation Involved In DNA Replication (GO:0006271),3,0,0.80328,0.88039,0.9790836304347826,False
Reactome_2022,Extracellular Matrix Organization R-HSA-1474244,3,0,0.60807,0.8804,0.9750976857490864,False
GO_BP_2023,Negative Regulation Of DNA Binding (GO:0043392),3,0,0.79641,0.88072,0.9716265846736044,False
Reactome_2022,Endosomal/Vacuolar Pathway R-HSA-1236977,3,0,0.62657,0.88083,0.9541864256075874,False
GO_BP_2023,Establishment Of Spindle Localization (GO:0051293),3,0,0.39542,0.88087,0.9336131578947368,False
GO_BP_2023,Establishment Of Protein Localization To Plasma Membrane (GO:0061951),3,0,0.7228,0.88099,0.9630497782415862,False
GO_BP_2023,Positive Regulation Of Cell Adhesion (GO:0045785),3,0,0.32684,0.881,0.9673418390162102,False
Reactome_2022,G Beta:Gamma Signaling Thru BTK R-HSA-8964315,3,0,0.5599,0.88104,0.9529937644341802,False
GO_BP_2023,Neutrophil Mediated Immunity (GO:0002446),3,0,0.712,0.8812,0.9625746549893844,False
GO_BP_2023,"Regulation Of Nuclear-Transcribed mRNA Catabolic Process, Deadenylation-Dependent Decay (GO:1900151)",3,0,0.80646,0.88147,0.9716265846736044,False
GO_BP_2023,Positive Regulation Of Toll-Like Receptor 4 Signaling Pathway (GO:0034145),3,0,0.83278,0.88163,0.976142569832402,False
GO_BP_2023,Detection Of Visible Light (GO:0009584),3,0,0.26254,0.88169,0.9142010813887308,False
Reactome_2022,Interactions Of Vpr With Host Cellular Proteins R-HSA-176033,3,0,0.74586,0.88206,0.9636665240372516,False
GO_BP_2023,Regulation Of Heterotypic Cell-Cell Adhesion (GO:0034114),3,0,0.71483,0.88226,0.9783502823339608,False
GO_BP_2023,UDP-N-acetylglucosamine Metabolic Process (GO:0006047),3,0,0.72896,0.88232,0.9632415368639669,False
GO_BP_2023,Cellular Response To Interleukin-1 (GO:0071347),3,0,0.57949,0.88234,0.9533020999045498,False
GO_BP_2023,Regulation Of Hematopoietic Stem Cell Differentiation (GO:1902036),3,0,0.20912,0.88241,0.9563137376689806,False
GO_BP_2023,Cell Junction Maintenance (GO:0034331),3,0,0.7176,0.88255,0.9632366979655712,False
GO_BP_2023,Diterpenoid Metabolic Process (GO:0016101),3,0,0.56661,0.88287,0.9529937644341802,False
Reactome_2022,Deadenylation-dependent mRNA Decay R-HSA-429914,3,0,0.75009,0.88288,0.9753129231529528,False
GO_BP_2023,Protein Kinase C Signaling (GO:0070528),3,0,0.45131,0.883,0.9691778245983672,False
GO_BP_2023,Intracellular Cholesterol Transport (GO:0032367),3,0,0.30842,0.88306,0.9142010813887308,False
Reactome_2022,Defective Pyroptosis R-HSA-9710421,3,0,0.56262,0.88313,0.9723050873586844,False
Reactome_2022,L1CAM Interactions R-HSA-373760,3,0,0.62817,0.88341,0.9750976857490864,False
GO_BP_2023,Regulation Of Lipid Catabolic Process (GO:0050994),3,0,0.51158,0.88361,0.9454545718432512,False
GO_BP_2023,Negative Regulation Of Cyclase Activity (GO:0031280),3,0,0.84114,0.88371,0.9790836304347826,False
GO_BP_2023,Microtubule-Based Transport (GO:0099111),3,0,0.85333,0.88386,0.976142569832402,False
GO_BP_2023,Eye Development (GO:0001654),3,0,0.70879,0.884,0.9757301514332072,False
GO_BP_2023,Vascular Endothelial Growth Factor Signaling Pathway (GO:0038084),3,0,0.68211,0.88413,0.9757301514332072,False
Reactome_2022,Nuclear Events Stimulated By ALK Signaling In Cancer R-HSA-9725371,3,0,0.62051,0.88417,0.9750976857490864,False
GO_BP_2023,Response To cAMP (GO:0051591),3,0,0.74372,0.88419,0.9725014216806296,False
GO_BP_2023,Microtubule Polymerization Or Depolymerization (GO:0031109),3,0,0.63904,0.88421,0.9757301514332072,False
Hallmark_2020,Inflammatory Response,3,0,0.75332,0.88429,0.9790836304347826,False
GO_BP_2023,Carboxylic Acid Catabolic Process (GO:0046395),3,0,0.42414,0.8845,0.9381720173535792,False
Reactome_2022,YAP1- And WWTR1 (TAZ)-stimulated Gene Expression R-HSA-2032785,3,0,0.85643,0.88453,0.977819322928116,False
GO_BP_2023,rRNA Transcription (GO:0009303),3,0,0.77036,0.88456,0.9682562469135804,False
GO_BP_2023,Positive Regulation Of Developmental Process (GO:0051094),3,0,0.21975,0.88463,0.9142010813887308,False
GO_BP_2023,Cellular Response To Tumor Necrosis Factor (GO:0071356),3,0,0.70715,0.88496,0.9624195402298852,False
GO_BP_2023,Peptide Catabolic Process (GO:0043171),3,0,0.38389,0.88508,0.9322519561068702,False
GO_BP_2023,Positive Regulation Of Lipid Localization (GO:1905954),3,0,0.81662,0.88542,0.9790836304347826,False
GO_BP_2023,Cellular Response To Decreased Oxygen Levels (GO:0036294),3,0,0.21724,0.88566,0.9142010813887308,False
GO_BP_2023,Relaxation Of Muscle (GO:0090075),3,0,0.70837,0.8857,0.9757301514332072,False
GO_BP_2023,Positive Regulation Of T Cell Chemotaxis (GO:0010820),3,0,0.73619,0.88571,0.9635400102854204,False
GO_BP_2023,Regulation Of Feeding Behavior (GO:0060259),3,0,0.6618,0.88599,0.9588847139197268,False
GO_BP_2023,Positive Regulation Of Synaptic Transmission (GO:0050806),3,0,0.43665,0.88629,0.9722129199861448,False
Reactome_2022,Transport Of Ribonucleoproteins Into Host Nucleus R-HSA-168271,3,0,0.71667,0.88644,0.9630497782415862,False
Reactome_2022,Protein-protein Interactions At Synapses R-HSA-6794362,3,0,0.59861,0.8869,0.9750976857490864,False
Reactome_2022,Peptide Ligand-Binding Receptors R-HSA-375276,3,0,0.18916,0.88705,0.9142010813887308,False
GO_BP_2023,Positive Regulation Of NF-kappaB Transcription Factor Activity (GO:0051092),3,0,0.87438,0.8871,0.9790836304347826,False
GO_BP_2023,Cellular Response To Glucose Stimulus (GO:0071333),3,0,0.38079,0.88743,0.9297977458033572,False
Reactome_2022,HS-GAG Degradation R-HSA-2024096,3,0,0.70918,0.88743,0.9625442194992008,False
Reactome_2022,Cell Cycle Checkpoints R-HSA-69620,3,0,0.44608,0.88789,0.9393504765535644,False
Reactome_2022,Reversible Hydration Of Carbon Dioxide R-HSA-1475029,3,0,0.82659,0.88847,0.9737437398750288,False
GO_BP_2023,Regulation Of Cell Cycle Phase Transition (GO:1901987),3,0,0.73965,0.88854,0.9636665240372516,False
GO_BP_2023,Gluconeogenesis (GO:0006094),3,0,0.60396,0.88855,0.9541864256075874,False
Reactome_2022,Voltage Gated Potassium Channels R-HSA-1296072,3,0,0.8247,0.88856,0.9735597498842056,False
Reactome_2022,HCMV Late Events R-HSA-9610379,3,0,0.58252,0.88861,0.9533020999045498,False
GO_BP_2023,Activation Of Adenylate Cyclase Activity (GO:0007190),3,0,0.7789,0.88885,0.9803695523856368,False
GO_BP_2023,Regulation Of Interleukin-8 Production (GO:0032677),3,0,0.69567,0.8891,0.961542032892963,False
GO_BP_2023,Monoatomic Ion Transport (GO:0006811),3,0,0.86415,0.88928,0.977819322928116,False
GO_BP_2023,sno(s)RNA 3'-End Processing (GO:0031126),3,0,0.70653,0.88974,0.9624195402298852,False
GO_BP_2023,Positive Regulation Of Protein Depolymerization (GO:1901881),3,0,0.56622,0.88979,0.973169238476954,False
GO_BP_2023,Dephosphorylation (GO:0016311),3,0,0.79786,0.89015,0.9716265846736044,False
GO_BP_2023,Regulation Of Translation (GO:0006417),3,0,0.695,0.89023,0.9757301514332072,False
GO_BP_2023,Regulation Of Calcium Ion Import (GO:0090279),3,0,0.76691,0.89034,0.9669486995293536,False
GO_BP_2023,Establishment Of Protein Localization To Extracellular Region (GO:0035592),3,0,0.76138,0.89036,0.977819322928116,False
GO_BP_2023,Carbon Dioxide Transport (GO:0015670),3,0,0.21714,0.89057,0.9142010813887308,False
GO_BP_2023,Positive Regulation Of Calcium Ion Transmembrane Transport (GO:1904427),3,0,0.85747,0.89073,0.976142569832402,False
GO_BP_2023,Negative Regulation Of Cell-Substrate Adhesion (GO:0010812),3,0,0.3853,0.8909,0.9691778245983672,False
GO_BP_2023,Regulation Of Chemotaxis (GO:0050920),3,0,0.78453,0.89113,0.970808271219043,False
GO_BP_2023,Positive Regulation Of Monoatomic Ion Transport (GO:0043270),3,0,0.84373,0.89147,0.976142569832402,False
GO_BP_2023,Positive Regulation Of Lipid Transport (GO:0032370),3,0,0.77873,0.89156,0.9695504643206256,False
GO_BP_2023,Defense Response To Bacterium (GO:0042742),3,0,0.46223,0.89161,0.9393504765535644,False
GO_BP_2023,Intracellular Iron Ion Homeostasis (GO:0006879),3,0,0.65646,0.89173,0.9582592433361996,False
GO_BP_2023,Regulation Of Fat Cell Differentiation (GO:0045598),3,0,0.80507,0.89189,0.976142569832402,False
Reactome_2022,Transcription-Coupled Nucleotide Excision Repair (TC-NER) R-HSA-6781827,3,0,0.66575,0.89192,0.9757301514332072,False
Reactome_2022,Muscle Contraction R-HSA-397014,3,0,0.83141,0.8923,0.976142569832402,False
Reactome_2022,"Gamma Carboxylation, Hypusine Formation And Arylsulfatase Activation R-HSA-163841",3,0,0.75174,0.89243,0.970808271219043,False
GO_BP_2023,Membrane Lipid Metabolic Process (GO:0006643),3,0,0.34427,0.89245,0.922255873493976,False
GO_BP_2023,Leukocyte Cell-Cell Adhesion (GO:0007159),3,0,0.71615,0.89247,0.9630497782415862,False
GO_BP_2023,Regulation Of Actin Filament Bundle Assembly (GO:0032231),3,0,0.4239,0.89264,0.9381720173535792,False
GO_BP_2023,Phosphate Ion Homeostasis (GO:0055062),3,0,0.69771,0.89269,0.9757301514332072,False
GO_BP_2023,Negative Regulation Of Wound Healing (GO:0061045),3,0,0.60383,0.89309,0.9541864256075874,False
GO_BP_2023,Negative Regulation Of Neuron Differentiation (GO:0045665),3,0,0.7723,0.89331,0.9802537908820615,False
GO_BP_2023,Secretory Granule Organization (GO:0033363),3,0,0.75027,0.89334,0.9636665240372516,False
GO_BP_2023,Negative Regulation Of JUN Kinase Activity (GO:0043508),3,0,0.6843,0.89352,0.9602724609909662,False
GO_BP_2023,Membrane Repolarization (GO:0086009),3,0,0.82345,0.89359,0.9735597498842056,False
GO_BP_2023,Regulation Of Endopeptidase Activity (GO:0052548),3,0,0.76889,0.89373,0.9678550061804696,False
Reactome_2022,Eicosanoid Ligand-Binding Receptors R-HSA-391903,3,0,0.74966,0.89378,0.9636665240372516,False
GO_BP_2023,Regulation Of RNA Splicing (GO:0043484),3,0,0.62508,0.8938,0.9541864256075874,False
GO_BP_2023,Positive Regulation Of Epithelial Cell Apoptotic Process (GO:1904037),3,0,0.84183,0.8939,0.976142569832402,False
Reactome_2022,Metabolism Of Fat-Soluble Vitamins R-HSA-6806667,3,0,0.85326,0.8941,0.976142569832402,False
Reactome_2022,COPI-mediated Anterograde Transport R-HSA-6807878,3,0,0.81636,0.89418,0.9735597498842056,False
GO_BP_2023,Regulation Of Lymphocyte Migration (GO:2000401),3,0,0.53331,0.89419,0.9505385600553824,False
GO_BP_2023,Positive Regulation Of Alpha-Beta T Cell Differentiation (GO:0046638),3,0,0.62166,0.89424,0.9750976857490864,False
Reactome_2022,Diseases Associated With Visual Transduction R-HSA-2474795,3,0,0.4682,0.89439,0.9393504765535644,False
Reactome_2022,Visual Phototransduction R-HSA-2187338,3,0,0.44285,0.89458,0.9393504765535644,False
Reactome_2022,Activation Of BAD And Translocation To Mitochondria R-HSA-111447,3,0,0.70953,0.89461,0.9625442194992008,False
GO_BP_2023,Regulation Of Intracellular Steroid Hormone Receptor Signaling Pathway (GO:0033143),3,0,0.75107,0.895,0.9636665240372516,False
Reactome_2022,Meiotic Synapsis R-HSA-1221632,3,0,0.70067,0.89511,0.9757301514332072,False
GO_BP_2023,Multivesicular Body Organization (GO:0036257),3,0,0.74867,0.8952,0.980245112945265,False
GO_BP_2023,Myeloid Cell Differentiation (GO:0030099),3,0,0.39465,0.89526,0.9336131578947368,False
Reactome_2022,NEP/NS2 Interacts With Cellular Export Machinery R-HSA-168333,3,0,0.6606,0.89554,0.9583676546024508,False
Reactome_2022,Glycerophospholipid Biosynthesis R-HSA-1483206,3,0,0.76456,0.89557,0.9802537908820615,False
GO_BP_2023,Negative Regulation Of Release Of Sequestered Calcium Ion Into Cytosol (GO:0051280),3,0,0.67721,0.89572,0.9757301514332072,False
GO_BP_2023,Negative Regulation Of Ryanodine-Sensitive Calcium-Release Channel Activity (GO:0060315),3,0,0.67721,0.89572,0.9757301514332072,False
GO_BP_2023,Protein Neddylation (GO:0045116),3,0,0.7183,0.89574,0.9753129231529528,False
GO_BP_2023,Melanosome Assembly (GO:1903232),3,0,0.8403,0.89576,0.976142569832402,False
GO_BP_2023,Positive Regulation Of T-helper 17 Type Immune Response (GO:2000318),3,0,0.54897,0.89586,0.9529937644341802,False
Reactome_2022,Interaction Between L1 And Ankyrins R-HSA-445095,3,0,0.84857,0.89591,0.982331397616468,False
GO_BP_2023,Megakaryocyte Differentiation (GO:0030219),3,0,0.75639,0.89611,0.9650268615692156,False
GO_BP_2023,Positive Regulation Of Vascular Permeability (GO:0043117),3,0,0.44003,0.89628,0.9673418390162102,False
GO_BP_2023,Negative Regulation Of B Cell Proliferation (GO:0030889),3,0,0.49075,0.89628,0.9720412317327768,False
GO_BP_2023,Negative Regulation Of Inflammatory Response (GO:0050728),3,0,0.41602,0.8963,0.9348970419426048,False
GO_BP_2023,Regulation Of Mitotic Nuclear Division (GO:0007088),3,0,0.28996,0.89706,0.9142010813887308,False
Reactome_2022,RHO GTPases Activate PKNs R-HSA-5625740,3,0,0.87134,0.89709,0.9838398102221264,False
Reactome_2022,Signaling By Hippo R-HSA-2028269,3,0,0.65237,0.89721,0.957209686691578,False
GO_BP_2023,Gonad Development (GO:0008406),3,0,0.72386,0.89754,0.9630497782415862,False
GO_BP_2023,Response To Fatty Acid (GO:0070542),3,0,0.82157,0.89775,0.9735597498842056,False
GO_BP_2023,Steroid Hormone Biosynthetic Process (GO:0120178),3,0,0.7911,0.89776,0.970808271219043,False
Reactome_2022,"Tristetraprolin (TTP, ZFP36) Binds And Destabilizes mRNA R-HSA-450513",3,0,0.59597,0.89781,0.9723050873586844,False
Reactome_2022,Canonical Retinoid Cycle In Rods (Twilight Vision) R-HSA-2453902,3,0,0.41876,0.89796,0.9349526315789474,False
Reactome_2022,Resolution Of AP Sites Via Multiple-Nucleotide Patch Replacement Pathway R-HSA-110373,3,0,0.8773,0.89799,0.9838880318006016,False
GO_BP_2023,Negative Regulation Of Adenylate Cyclase Activity (GO:0007194),3,0,0.86837,0.89821,0.977819322928116,False
GO_BP_2023,Regulation Of Inclusion Body Assembly (GO:0090083),3,0,0.86521,0.89842,0.9838880318006016,False
Reactome_2022,SHC-mediated cascade:FGFR1 R-HSA-5654688,3,0,0.8553,0.89843,0.976485253558719,False
GO_BP_2023,Regulation Of Endocytic Recycling (GO:2001135),3,0,0.66926,0.89864,0.959422346368715,False
GO_BP_2023,Positive Regulation Of Inflammatory Response (GO:0050729),3,0,0.82198,0.89881,0.9735597498842056,False
GO_BP_2023,Innate Immune Response In Mucosa (GO:0002227),3,0,0.28143,0.89919,0.9142010813887308,False
GO_BP_2023,Regulation Of Regulated Secretory Pathway (GO:1903305),3,0,0.6065,0.89925,0.972868324078748,False
GO_BP_2023,Positive Regulation Of Glycoprotein Biosynthetic Process (GO:0010560),3,0,0.31408,0.89927,0.9142010813887308,False
GO_BP_2023,Reverse Cholesterol Transport (GO:0043691),3,0,0.81444,0.89947,0.9838398102221264,False
Reactome_2022,Signaling By FGFR2 R-HSA-5654738,3,0,0.88413,0.89948,0.9790836304347826,False
GO_BP_2023,Nitrogen Compound Transport (GO:0071705),3,0,0.84152,0.89952,0.9834332444444444,False
GO_BP_2023,Positive Regulation Of Epidermal Growth Factor-Activated Receptor Activity (GO:0045741),3,0,0.46444,0.89964,0.9393504765535644,False
Reactome_2022,GPCR Ligand Binding R-HSA-500792,3,0,0.31945,0.89971,0.915540822072072,False
GO_BP_2023,B Cell Proliferation (GO:0042100),3,0,0.61226,0.89976,0.9541864256075874,False
GO_BP_2023,Positive Regulation Of Nuclear Division (GO:0051785),3,0,0.54686,0.89978,0.9529937644341802,False
GO_BP_2023,Hemopoiesis (GO:0030097),3,0,0.5115,0.89994,0.9454545718432512,False
Reactome_2022,Glucagon-type Ligand Receptors R-HSA-420092,3,0,0.708,0.90003,0.9625442194992008,False
GO_BP_2023,Regulation Of Vascular Associated Smooth Muscle Cell Migration (GO:1904752),3,0,0.086262,0.90019,0.9046810444874276,False
Reactome_2022,Assembly Of Collagen Fibrils And Other Multimeric Structures R-HSA-2022090,3,0,0.47043,0.90021,0.9722129199861448,False
GO_BP_2023,Response To Muramyl Dipeptide (GO:0032495),3,0,0.8463,0.90023,0.976142569832402,False
GO_BP_2023,Regulation Of Cellular Response To Growth Factor Stimulus (GO:0090287),3,0,0.3099,0.90032,0.9142010813887308,False
Reactome_2022,mRNA Splicing - Major Pathway R-HSA-72163,3,0,0.84283,0.90039,0.976142569832402,False
GO_BP_2023,Endoplasmic Reticulum Tubular Network Organization (GO:0071786),3,0,0.35748,0.90051,0.922255873493976,False
GO_BP_2023,Extracellular Matrix Assembly (GO:0085029),3,0,0.60557,0.90064,0.9541864256075874,False
GO_BP_2023,Oxoacid Metabolic Process (GO:0043436),3,0,0.76,0.90096,0.979543852065322,False
GO_BP_2023,Carboxylic Acid Metabolic Process (GO:0019752),3,0,0.73159,0.90118,0.9802537908820615,False
Reactome_2022,Cell-cell Junction Organization R-HSA-421270,3,0,0.7932,0.90119,0.970808271219043,False
Reactome_2022,Spry Regulation Of FGF Signaling R-HSA-1295596,3,0,0.87147,0.90129,0.977819322928116,False
GO_BP_2023,Mitochondrial Genome Maintenance (GO:0000002),3,0,0.86325,0.90132,0.9770830553702468,False
Reactome_2022,FOXO-mediated Transcription Of Cell Cycle Genes R-HSA-9617828,3,0,0.82368,0.90145,0.9735597498842056,False
GO_BP_2023,Regulation Of TORC1 Signaling (GO:1903432),3,0,0.41515,0.90166,0.9722129199861448,False
GO_BP_2023,Positive Regulation Of Immunoglobulin Production (GO:0002639),3,0,0.78637,0.90182,0.9783890083048364,False
GO_BP_2023,Copper Ion Homeostasis (GO:0055070),3,0,0.83051,0.90183,0.984280928938356,False
GO_BP_2023,Cellular Response To Hypoxia (GO:0071456),3,0,0.34847,0.90184,0.922255873493976,False
GO_BP_2023,Muscle Cell Development (GO:0055001),3,0,0.69792,0.90211,0.9757301514332072,False
Reactome_2022,Base Excision Repair R-HSA-73884,3,0,0.82993,0.90211,0.9834332444444444,False
GO_BP_2023,Regulation Of Mononuclear Cell Migration (GO:0071675),3,0,0.83401,0.90228,0.976142569832402,False
Reactome_2022,Peroxisomal Lipid Metabolism R-HSA-390918,3,0,0.63058,0.90245,0.9541864256075874,False
Reactome_2022,Synthesis Of PIPs At Late Endosome Membrane R-HSA-1660517,3,0,0.58492,0.90277,0.9750976857490864,False
Reactome_2022,Triglyceride Catabolism R-HSA-163560,3,0,0.77527,0.9028,0.9802537908820615,False
Reactome_2022,CTLA4 Inhibitory Signaling R-HSA-389513,3,0,0.61899,0.90287,0.9541864256075874,False
Reactome_2022,G Alpha (I) Signaling Events R-HSA-418594,3,0,0.65143,0.90296,0.957209686691578,False
Reactome_2022,Regulation Of TP53 Degradation R-HSA-6804757,3,0,0.65879,0.90306,0.9650268615692156,False
GO_BP_2023,Cellular Response To Gamma Radiation (GO:0071480),3,0,0.67161,0.9033,0.959422346368715,False
GO_BP_2023,Negative Regulation Of Protein Modification By Small Protein Conjugation Or Removal (GO:1903321),3,0,0.79426,0.90339,0.9834347762998792,False
GO_BP_2023,Carboxylic Acid Transport (GO:0046942),3,0,0.57042,0.90345,0.9533020999045498,False
GO_BP_2023,Macroautophagy (GO:0016236),3,0,0.59282,0.90345,0.9691778245983672,False
Reactome_2022,SARS-CoV-2 Targets Host Intracellular Signaling And Regulatory Pathways R-HSA-9755779,3,0,0.64838,0.90388,0.9602724609909662,False
GO_BP_2023,Histone H3-K4 Methylation (GO:0051568),3,0,0.85852,0.90425,0.9838880318006016,False
GO_BP_2023,Alanine Transport (GO:0032328),3,0,0.31796,0.90434,0.914765388951522,False
GO_BP_2023,Peptidyl-Lysine Modification (GO:0018205),3,0,0.62871,0.90456,0.9541864256075874,False
Reactome_2022,Vitamin B5 (Pantothenate) Metabolism R-HSA-199220,3,0,0.73467,0.90466,0.9789357831325302,False
Reactome_2022,Digestion And Absorption R-HSA-8963743,3,0,0.82629,0.90469,0.9843016620498616,False
GO_BP_2023,Centromere Complex Assembly (GO:0034508),3,0,0.7734,0.90481,0.9688883783783784,False
GO_BP_2023,Positive Regulation Of Cell Migration (GO:0030335),3,0,0.41142,0.90485,0.9673418390162102,False
GO_BP_2023,Regulation Of Toll-Like Receptor 9 Signaling Pathway (GO:0034163),3,0,0.57085,0.90521,0.9533020999045498,False
GO_BP_2023,Regulation Of Integrin Activation (GO:0033623),3,0,0.82235,0.90523,0.9735597498842056,False
Reactome_2022,Mitotic Prophase R-HSA-68875,3,0,0.59603,0.90528,0.9750976857490864,False
Reactome_2022,Beta-oxidation Of Very Long Chain Fatty Acids R-HSA-390247,3,0,0.62622,0.90548,0.9541864256075874,False
GO_BP_2023,Glucose 6-Phosphate Metabolic Process (GO:0051156),3,0,0.83639,0.90549,0.976142569832402,False
GO_BP_2023,Detection Of Mechanical Stimulus Involved In Sensory Perception (GO:0050974),3,0,0.8254,0.90559,0.9843016620498616,False
GO_BP_2023,Response To Organophosphorus (GO:0046683),3,0,0.52214,0.9057,0.9722129199861448,False
GO_BP_2023,Negative Regulation Of mRNA Catabolic Process (GO:1902373),3,0,0.67069,0.90579,0.9757301514332072,False
Reactome_2022,Defective B3GALT6 Causes EDSP2 And SEMDJL1 R-HSA-4420332,3,0,0.39195,0.90606,0.9336131578947368,False
Reactome_2022,Retinoid Metabolism And Transport R-HSA-975634,3,0,0.85155,0.90614,0.976142569832402,False
GO_BP_2023,Protein Targeting (GO:0006605),3,0,0.77403,0.90635,0.9802537908820615,False
GO_BP_2023,intra-Golgi Vesicle-Mediated Transport (GO:0006891),3,0,0.7277,0.90639,0.9735073273837482,False
GO_BP_2023,Regulation Of Gluconeogenesis (GO:0006111),3,0,0.39116,0.90649,0.9722129199861448,False
GO_BP_2023,Anterograde Trans-Synaptic Signaling (GO:0098916),3,0,0.64183,0.90665,0.9691778245983672,False
GO_BP_2023,Positive Regulation Of Cation Channel Activity (GO:2001259),3,0,0.8035,0.90707,0.9825365987640192,False
GO_BP_2023,Protein Destabilization (GO:0031648),3,0,0.64798,0.90708,0.9757301514332072,False
Reactome_2022,Activation Of Matrix Metalloproteinases R-HSA-1592389,3,0,0.70876,0.90721,0.9757301514332072,False
GO_BP_2023,Positive Regulation Of Cell Growth (GO:0030307),3,0,0.23125,0.90726,0.9673418390162102,False
Reactome_2022,Elevation Of Cytosolic Ca2+ Levels R-HSA-139853,3,0,0.26011,0.90733,0.9673418390162102,False
GO_BP_2023,Actin Crosslink Formation (GO:0051764),3,0,0.68436,0.90733,0.9757301514332072,False
Reactome_2022,Phospholipase C-mediated Cascade; FGFR3 R-HSA-5654227,3,0,0.77438,0.90744,0.9802537908820615,False
GO_BP_2023,Positive Regulation Of Alpha-Beta T Cell Proliferation (GO:0046641),3,0,0.72796,0.90753,0.978700579430227,False
Reactome_2022,G2/M DNA Damage Checkpoint R-HSA-69473,3,0,0.56579,0.90761,0.9529937644341802,False
GO_BP_2023,Neuron Projection Extension (GO:1990138),3,0,0.57883,0.90803,0.9673418390162102,False
Reactome_2022,Triglyceride Biosynthesis R-HSA-75109,3,0,0.79073,0.90806,0.977819322928116,False
GO_BP_2023,Sensory Perception Of Mechanical Stimulus (GO:0050954),3,0,0.82959,0.90834,0.9834332444444444,False
Reactome_2022,ADORA2B Mediated Anti-Inflammatory Cytokine Production R-HSA-9660821,3,0,0.807,0.90837,0.9716265846736044,False
Reactome_2022,Inwardly Rectifying K+ Channels R-HSA-1296065,3,0,0.83593,0.90861,0.976142569832402,False
Reactome_2022,"Synthesis Of IP2, IP, And Ins In Cytosol R-HSA-1855183",3,0,0.76857,0.90871,0.9802537908820615,False
GO_BP_2023,Organelle Assembly (GO:0070925),3,0,0.85641,0.90887,0.976142569832402,False
GO_BP_2023,Regulation Of Vascular Endothelial Growth Factor Production (GO:0010574),3,0,0.53067,0.90888,0.9505385600553824,False
GO_BP_2023,Megakaryocyte Development (GO:0035855),3,0,0.60533,0.90888,0.9750976857490864,False
GO_BP_2023,Positive Regulation Of Calcium Ion Transmembrane Transporter Activity (GO:1901021),3,0,0.58571,0.9091,0.9725014216806296,False
GO_BP_2023,Epithelial Cell Apoptotic Process (GO:1904019),3,0,0.53801,0.90919,0.9505385600553824,False
GO_BP_2023,Positive Regulation Of T Cell Receptor Signaling Pathway (GO:0050862),3,0,0.73744,0.90939,0.9802537908820615,False
GO_BP_2023,Spliceosomal tri-snRNP Complex Assembly (GO:0000244),3,0,0.68083,0.90961,0.9602724609909662,False
GO_BP_2023,Response To Amino Acid Starvation (GO:1990928),3,0,0.61216,0.90964,0.9750976857490864,False
GO_BP_2023,Protein Localization To Vacuole (GO:0072665),3,0,0.39336,0.90985,0.9722129199861448,False
Reactome_2022,RHO GTPases Activate NADPH Oxidases R-HSA-5668599,3,0,0.84832,0.90985,0.976142569832402,False
GO_BP_2023,Spindle Assembly (GO:0051225),3,0,0.28814,0.91013,0.9142010813887308,False
Reactome_2022,Trafficking Of GluR2-containing AMPA Receptors R-HSA-416993,3,0,0.88309,0.91015,0.9790836304347826,False
Reactome_2022,Activation Of AP-1 Family Of Transcription Factors R-HSA-450341,3,0,0.85096,0.91025,0.9838880318006016,False
GO_BP_2023,Regulation Of Hematopoietic Progenitor Cell Differentiation (GO:1901532),3,0,0.25491,0.91083,0.9673418390162102,False
Reactome_2022,Initiation Of Nuclear Envelope (NE) Reformation R-HSA-2995383,3,0,0.33114,0.91083,0.9689528907922912,False
GO_BP_2023,Regulation Of Flagellated Sperm Motility (GO:1901317),3,0,0.79173,0.91083,0.970808271219043,False
Reactome_2022,"PTK6 Regulates RHO GTPases, RAS GTPase And MAP Kinases R-HSA-8849471",3,0,0.5085,0.91088,0.9454545718432512,False
Reactome_2022,Regulation Of TP53 Expression And Degradation R-HSA-6806003,3,0,0.68004,0.91101,0.9691724552366936,False
GO_BP_2023,Negative Regulation Of Peptidase Activity (GO:0010466),3,0,0.70491,0.91143,0.9624195402298852,False
GO_BP_2023,Establishment Of Endothelial Intestinal Barrier (GO:0090557),3,0,0.55554,0.91144,0.972868324078748,False
GO_BP_2023,Telomere Maintenance In Response To DNA Damage (GO:0043247),3,0,0.44677,0.91146,0.9393504765535644,False
GO_BP_2023,Cellular Response To Estradiol Stimulus (GO:0071392),3,0,0.59952,0.91156,0.9691778245983672,False
Reactome_2022,Lysosome Vesicle Biogenesis R-HSA-432720,3,0,0.80302,0.91159,0.9803247365900382,False
Reactome_2022,"Defective EXT1 Causes Exostoses 1, TRPS2 And CHDS R-HSA-3656253",3,0,0.63334,0.91178,0.9550268877702102,False
GO_BP_2023,Positive Regulation Of Protein Secretion (GO:0050714),3,0,0.17794,0.912,0.9142010813887308,False
GO_BP_2023,Regulation Of Execution Phase Of Apoptosis (GO:1900117),3,0,0.73288,0.91214,0.9802537908820615,False
Reactome_2022,HuR (ELAVL1) Binds And Stabilizes mRNA R-HSA-450520,3,0,0.79029,0.9123,0.982381181352209,False
Reactome_2022,Export Of Viral Ribonucleoproteins From Nucleus R-HSA-168274,3,0,0.66005,0.91244,0.9583676546024508,False
GO_BP_2023,Synaptic Vesicle Transport (GO:0048489),3,0,0.56283,0.91278,0.9673418390162102,False
GO_BP_2023,Regulation Of Striated Muscle Contraction (GO:0006942),3,0,0.85129,0.91289,0.9816113039704926,False
Reactome_2022,Mitochondrial Iron-Sulfur Cluster Biogenesis R-HSA-1362409,3,0,0.64788,0.91313,0.957209686691578,False
GO_BP_2023,Positive Regulation Of Calcium-Mediated Signaling (GO:0050850),3,0,0.71625,0.91328,0.9789333959731544,False
GO_BP_2023,Positive Regulation Of Triglyceride Metabolic Process (GO:0090208),3,0,0.19238,0.91343,0.9142010813887308,False
Reactome_2022,Organic Anion Transporters R-HSA-428643,3,0,0.83037,0.91348,0.9843016620498616,False
Reactome_2022,Synthesis Of PE R-HSA-1483213,3,0,0.75304,0.9135,0.9637851646970078,False
GO_BP_2023,Negative Regulation Of Interferon-Beta Production (GO:0032688),3,0,0.32246,0.91374,0.9156606246514224,False
GO_BP_2023,Cardiac Muscle Contraction (GO:0060048),3,0,0.41478,0.91374,0.9348970419426048,False
GO_BP_2023,Positive Regulation Of Branching Involved In Ureteric Bud Morphogenesis (GO:0090190),3,0,0.73374,0.91375,0.9802537908820615,False
GO_BP_2023,Microtubule Bundle Formation (GO:0001578),3,0,0.27399,0.91429,0.9142010813887308,False
GO_BP_2023,Late Endosome To Vacuole Transport Via Multivesicular Body Sorting Pathway (GO:0032511),3,0,0.78882,0.91433,0.970808271219043,False
GO_BP_2023,Regulation Of Plasminogen Activation (GO:0010755),3,0,0.86813,0.91447,0.977819322928116,False
GO_BP_2023,Protein Localization To Plasma Membrane (GO:0072659),3,0,0.78763,0.91457,0.970808271219043,False
GO_BP_2023,Negative Regulation Of Response To Wounding (GO:1903035),3,0,0.29055,0.91483,0.9142010813887308,False
Reactome_2022,DNA Methylation R-HSA-5334118,3,0,0.69137,0.91483,0.9757301514332072,False
GO_BP_2023,Platelet Dense Granule Organization (GO:0060155),3,0,0.78976,0.91508,0.970808271219043,False
Reactome_2022,Synthesis Of Bile Acids And Bile Salts Via 7Alpha-Hydroxycholesterol R-HSA-193368,3,0,0.83252,0.91522,0.9825365987640192,False
GO_BP_2023,Cytidine To Uridine Editing (GO:0016554),3,0,0.68649,0.91531,0.9691778245983672,False
GO_BP_2023,Sympathetic Nervous System Development (GO:0048485),3,0,0.67711,0.91543,0.9757301514332072,False
GO_BP_2023,Response To Estradiol (GO:0032355),3,0,0.55854,0.91553,0.9691778245983672,False
GO_BP_2023,Purine Ribonucleoside Triphosphate Metabolic Process (GO:0009205),3,0,0.78824,0.9156,0.970808271219043,False
Reactome_2022,Presynaptic Function Of Kainate Receptors R-HSA-500657,3,0,0.68879,0.91606,0.9602724609909662,False
GO_BP_2023,Antimicrobial Humoral Response (GO:0019730),3,0,0.46128,0.91619,0.9393504765535644,False
GO_BP_2023,Negative Regulation Of Leukocyte Apoptotic Process (GO:2000107),3,0,0.88111,0.91711,0.985823103522801,False
GO_BP_2023,Bone Development (GO:0060348),3,0,0.73113,0.91717,0.9633276891405044,False
GO_BP_2023,Catecholamine Biosynthetic Process (GO:0042423),3,0,0.55916,0.91725,0.973169238476954,False
Reactome_2022,RAB Geranylgeranylation R-HSA-8873719,3,0,0.89179,0.91734,0.982938739714162,False
GO_BP_2023,Positive Regulation Of DNA-binding Transcription Factor Activity (GO:0051091),3,0,0.66586,0.91743,0.9757301514332072,False
GO_BP_2023,Protein Localization To Cell Surface (GO:0034394),3,0,0.70696,0.91791,0.9757301514332072,False
Hallmark_2020,IL-2/STAT5 Signaling,3,0,0.85289,0.91803,0.976142569832402,False
Hallmark_2020,Myc Targets V1,3,0,0.68493,0.91811,0.9757301514332072,False
GO_BP_2023,Regulation Of Cell Fate Commitment (GO:0010453),3,0,0.86651,0.91834,0.977819322928116,False
GO_BP_2023,Blood Vessel Morphogenesis (GO:0048514),3,0,0.70721,0.91857,0.9624195402298852,False
GO_BP_2023,Maturation Of SSU-rRNA (GO:0030490),3,0,0.68223,0.91871,0.9757301514332072,False
GO_BP_2023,"Maturation Of LSU-rRNA From Tricistronic rRNA Transcript (SSU-rRNA, 5.8S rRNA, LSU-rRNA) (GO:0000463)",3,0,0.75872,0.91873,0.9650268615692156,False
Reactome_2022,Amyloid Fiber Formation R-HSA-977225,3,0,0.85238,0.91909,0.9854805555555556,False
Reactome_2022,FGFR3 Ligand Binding And Activation R-HSA-190239,3,0,0.69413,0.91937,0.9757301514332072,False
GO_BP_2023,Oligosaccharide Biosynthetic Process (GO:0009312),3,0,0.50453,0.91949,0.9722129199861448,False
GO_BP_2023,Positive Regulation Of Reproductive Process (GO:2000243),3,0,0.88273,0.91949,0.9790836304347826,False
GO_BP_2023,Negative Regulation Of DNA Recombination (GO:0045910),3,0,0.14881,0.9195,0.9142010813887308,False
GO_BP_2023,Defense Response To Fungus (GO:0050832),3,0,0.86964,0.91952,0.9862213935648838,False
GO_BP_2023,Bicarbonate Transport (GO:0015701),3,0,0.69483,0.91969,0.961542032892963,False
GO_BP_2023,Embryonic Organ Morphogenesis (GO:0048562),3,0,0.59122,0.91971,0.9691778245983672,False
GO_BP_2023,Negative Regulation Of Ubiquitin-Protein Transferase Activity (GO:0051444),3,0,0.62304,0.92011,0.9725014216806296,False
Reactome_2022,SHC-mediated cascade:FGFR2 R-HSA-5654699,3,0,0.89454,0.92011,0.9862213935648838,False
GO_BP_2023,mRNA Catabolic Process (GO:0006402),3,0,0.81958,0.92014,0.9735597498842056,False
Reactome_2022,Neurotransmitter Receptors And Postsynaptic Signal Transmission R-HSA-112314,3,0,0.88754,0.9202,0.9859583566961396,False
GO_BP_2023,Cellular Response To Amino Acid Starvation (GO:0034198),3,0,0.52434,0.92031,0.9722129199861448,False
GO_BP_2023,Regulation Of Chromatin Binding (GO:0035561),3,0,0.74637,0.9204,0.9636665240372516,False
GO_BP_2023,Receptor Signaling Pathway Via JAK-STAT (GO:0007259),3,0,0.53734,0.92063,0.9505385600553824,False
GO_BP_2023,miRNA Metabolic Process (GO:0010586),3,0,0.45092,0.92088,0.9393504765535644,False
GO_BP_2023,Import Into Nucleus (GO:0051170),3,0,0.6372,0.92089,0.9560217647058824,False
GO_BP_2023,Positive Regulation Of Phosphate Metabolic Process (GO:0045937),3,0,0.65274,0.92109,0.9757301514332072,False
GO_BP_2023,Positive Regulation Of Epithelial Cell Proliferation (GO:0050679),3,0,0.84383,0.92134,0.977819322928116,False
GO_BP_2023,Outer Dynein Arm Assembly (GO:0036158),3,0,0.7097,0.92152,0.9625442194992008,False
GO_BP_2023,Self Proteolysis (GO:0097264),3,0,0.47784,0.92154,0.9722129199861448,False
GO_BP_2023,Positive Regulation Of Vascular Associated Smooth Muscle Cell Proliferation (GO:1904707),3,0,0.35853,0.92167,0.922255873493976,False
GO_BP_2023,Negative Regulation Of Immune Response (GO:0050777),3,0,0.78378,0.92235,0.970808271219043,False
GO_BP_2023,Response To Ketone (GO:1901654),3,0,0.81528,0.92267,0.9735597498842056,False
Reactome_2022,Thromboxane Signaling Thru TP Receptor R-HSA-428930,3,0,0.68028,0.92286,0.9602724609909662,False
GO_BP_2023,Protein Depolymerization (GO:0051261),3,0,0.85244,0.9229,0.9865069984094524,False
Reactome_2022,RAF Activation R-HSA-5673000,3,0,0.86799,0.92298,0.977819322928116,False
GO_BP_2023,Positive Regulation Of Cellular Extravasation (GO:0002693),3,0,0.89526,0.9235,0.9838398102221264,False
GO_BP_2023,Mast Cell Activation Involved In Immune Response (GO:0002279),3,0,0.70495,0.92378,0.9624195402298852,False
GO_BP_2023,Mast Cell Degranulation (GO:0043303),3,0,0.70495,0.92378,0.9624195402298852,False
Reactome_2022,Dissolution Of Fibrin Clot R-HSA-75205,3,0,0.8307,0.9238,0.975471787773933,False
GO_BP_2023,Negative Regulation Of Protein Ubiquitination (GO:0031397),3,0,0.88745,0.9239,0.9807035388623534,False
Reactome_2022,Ion Transport By P-type ATPases R-HSA-936837,3,0,0.78995,0.92402,0.970808271219043,False
Reactome_2022,G Beta:Gamma Signaling Thru PI3Kgamma R-HSA-392451,3,0,0.64955,0.92414,0.957209686691578,False
GO_BP_2023,Positive Regulation Of Cytokine Production (GO:0001819),3,0,0.73131,0.9242,0.9633276891405044,False
GO_BP_2023,Positive Regulation Of Chromosome Separation (GO:1905820),3,0,0.87374,0.9242,0.977819322928116,False
GO_BP_2023,Regulation Of B Cell Receptor Signaling Pathway (GO:0050855),3,0,0.84826,0.92466,0.9862213935648838,False
Reactome_2022,Acetylcholine Regulates Insulin Secretion R-HSA-399997,3,0,0.85133,0.92478,0.9848893154892496,False
GO_BP_2023,Transcription By RNA Polymerase I (GO:0006360),3,0,0.70021,0.92483,0.961542032892963,False
GO_BP_2023,Negative Regulation Of Natural Killer Cell Mediated Cytotoxicity (GO:0045953),3,0,0.71207,0.92497,0.9625746549893844,False
GO_BP_2023,Positive Regulation Of Secretion By Cell (GO:1903532),3,0,0.26346,0.92509,0.9142010813887308,False
GO_BP_2023,Regulation Of Granulocyte Chemotaxis (GO:0071622),3,0,0.81426,0.92514,0.9865069984094524,False
Reactome_2022,KSRP (KHSRP) Binds And Destabilizes mRNA R-HSA-450604,3,0,0.63834,0.92524,0.9757301514332072,False
GO_BP_2023,Regulation Of Double-Strand Break Repair Via Nonhomologous End Joining (GO:2001032),3,0,0.78948,0.9253,0.976142569832402,False
GO_BP_2023,Cardiac Muscle Cell Membrane Repolarization (GO:0099622),3,0,0.81788,0.92538,0.9862213935648838,False
Reactome_2022,Signal Amplification R-HSA-392518,3,0,0.56427,0.92539,0.9529937644341802,False
GO_BP_2023,Tetrahydrofolate Metabolic Process (GO:0046653),3,0,0.78077,0.92562,0.9790836304347826,False
Reactome_2022,Digestion R-HSA-8935690,3,0,0.86125,0.9257,0.976485253558719,False
Reactome_2022,Dual Incision In GG-NER R-HSA-5696400,3,0,0.83875,0.9258,0.9838880318006016,False
Reactome_2022,Integration Of Energy Metabolism R-HSA-163685,3,0,0.71483,0.92596,0.9630497782415862,False
GO_BP_2023,Regulation Of Lipopolysaccharide-Mediated Signaling Pathway (GO:0031664),3,0,0.24646,0.92608,0.9142010813887308,False
Reactome_2022,Formation Of beta-catenin:TCF Transactivating Complex R-HSA-201722,3,0,0.52173,0.92659,0.9722129199861448,False
GO_BP_2023,Regulated Exocytosis (GO:0045055),3,0,0.81606,0.92681,0.9834332444444444,False
GO_BP_2023,Establishment Of Vesicle Localization (GO:0051650),3,0,0.79767,0.92685,0.9789357831325302,False
GO_BP_2023,Regulation Of Bone Resorption (GO:0045124),3,0,0.63043,0.92703,0.9541864256075874,False
GO_BP_2023,Eye Morphogenesis (GO:0048592),3,0,0.82487,0.92725,0.9735597498842056,False
Reactome_2022,SUMOylation Of DNA Damage Response And Repair Proteins R-HSA-3108214,3,0,0.79858,0.92733,0.9716265846736044,False
GO_BP_2023,Regulation Of Angiogenesis (GO:0045765),3,0,0.90869,0.92735,0.9882077941490498,False
Reactome_2022,Post-translational Modification: Synthesis Of GPI-anchored Proteins R-HSA-163125,3,0,0.87369,0.92738,0.9872367447860676,False
Reactome_2022,Removal Of Flap Intermediate From C-strand R-HSA-174437,3,0,0.45191,0.92755,0.9393504765535644,False
GO_BP_2023,Potassium Ion Import Across Plasma Membrane (GO:1990573),3,0,0.69263,0.92761,0.9757301514332072,False
GO_BP_2023,Induction Of Positive Chemotaxis (GO:0050930),3,0,0.82924,0.92771,0.9847726772346984,False
Reactome_2022,Listeria Monocytogenes Entry Into Host Cells R-HSA-8876384,3,0,0.77485,0.92781,0.9802537908820615,False
GO_BP_2023,Negative Regulation Of Cellular Senescence (GO:2000773),3,0,0.78292,0.92808,0.9803695523856368,False
GO_BP_2023,Inflammatory Response (GO:0006954),3,0,0.61972,0.92812,0.9541864256075874,False
GO_BP_2023,Negative Regulation Of Cysteine-Type Endopeptidase Activity (GO:2000117),3,0,0.41919,0.92815,0.935003111305872,False
GO_BP_2023,Positive Regulation Of Ras Protein Signal Transduction (GO:0046579),3,0,0.81131,0.92817,0.9850338522253892,False
GO_BP_2023,Negative Regulation Of Lipid Metabolic Process (GO:0045833),3,0,0.72966,0.9282,0.9633276891405044,False
GO_BP_2023,Positive Regulation Of Cell Adhesion Mediated By Integrin (GO:0033630),3,0,0.65905,0.92853,0.9757301514332072,False
GO_BP_2023,Cilium Assembly (GO:0060271),3,0,0.75626,0.92858,0.9650268615692156,False
GO_BP_2023,Positive Regulation Of Endoplasmic Reticulum Unfolded Protein Response (GO:1900103),3,0,0.49779,0.92861,0.9409529977794228,False
GO_BP_2023,Negative Regulation Of Interleukin-1 Beta Production (GO:0032691),3,0,0.83764,0.92864,0.976142569832402,False
Reactome_2022,Late Endosomal Microautophagy R-HSA-9615710,3,0,0.67501,0.92875,0.9594529181792796,False
Reactome_2022,Interleukin-10 Signaling R-HSA-6783783,3,0,0.5263,0.92877,0.9491416578108396,False
GO_BP_2023,Regulation Of Keratinocyte Migration (GO:0051547),3,0,0.37906,0.92891,0.9673418390162102,False
GO_BP_2023,Extracellular Matrix Organization (GO:0030198),3,0,0.81014,0.92921,0.984280928938356,False
Reactome_2022,Processive Synthesis On C-strand Of Telomere R-HSA-174414,3,0,0.38726,0.92959,0.932385674025364,False
GO_BP_2023,Detection Of Chemical Stimulus Involved In Sensory Perception (GO:0050907),3,0,0.7747,0.92961,0.9716265846736044,False
GO_BP_2023,Regulation Of Transmembrane Transport (GO:0034762),3,0,0.78366,0.93001,0.9804848611452446,False
GO_BP_2023,Regulation Of Heart Rate By Cardiac Conduction (GO:0086091),3,0,0.8044,0.93004,0.9716265846736044,False
GO_BP_2023,Hexose Biosynthetic Process (GO:0019319),3,0,0.56734,0.93015,0.9529937644341802,False
GO_BP_2023,Cellular Response To Mechanical Stimulus (GO:0071260),3,0,0.64145,0.93037,0.9757301514332072,False
GO_BP_2023,Receptor Internalization (GO:0031623),3,0,0.62453,0.93046,0.9750976857490864,False
GO_BP_2023,Acylglycerol Biosynthetic Process (GO:0046463),3,0,0.72779,0.93046,0.9632415368639669,False
Reactome_2022,ERCC6 (CSB) And EHMT2 (G9a) Positively Regulate rRNA Expression R-HSA-427389,3,0,0.84903,0.93062,0.9859583566961396,False
GO_BP_2023,Epithelial Structure Maintenance (GO:0010669),3,0,0.61643,0.93071,0.9720412317327768,False
Reactome_2022,VEGFR2 Mediated Cell Proliferation R-HSA-5218921,3,0,0.8892,0.93084,0.9839391799055388,False
Reactome_2022,Translesion Synthesis By POLH R-HSA-110320,3,0,0.86176,0.93087,0.9842286126526084,False
GO_BP_2023,Regulation Of Long-Term Neuronal Synaptic Plasticity (GO:0048169),3,0,0.84112,0.93088,0.976142569832402,False
GO_BP_2023,Positive Regulation Of Cell Cycle G1/S Phase Transition (GO:1902808),3,0,0.73533,0.93094,0.9802537908820615,False
GO_BP_2023,Regulation Of Amyloid-Beta Clearance (GO:1900221),3,0,0.59356,0.93114,0.9540388679245284,False
GO_BP_2023,Amino Acid Import Across Plasma Membrane (GO:0089718),3,0,0.884,0.9312,0.9790836304347826,False
Reactome_2022,Amino Acid Transport Across Plasma Membrane R-HSA-352230,3,0,0.80611,0.93128,0.9716265846736044,False
GO_BP_2023,Positive Regulation Of Leukocyte Migration (GO:0002687),3,0,0.84213,0.93165,0.9862213935648838,False
GO_BP_2023,Regulation Of Neuronal Synaptic Plasticity (GO:0048168),3,0,0.59322,0.93174,0.9750976857490864,False
GO_BP_2023,Protein auto-ADP-ribosylation (GO:0070213),3,0,0.6773,0.93183,0.9602724609909662,False
Reactome_2022,Signaling By RAF1 Mutants R-HSA-9656223,3,0,0.84694,0.93211,0.9847726772346984,False
GO_BP_2023,Regulation Of Insulin Secretion (GO:0050796),3,0,0.43745,0.93228,0.9393504765535644,False
GO_BP_2023,Phospholipase C-activating G Protein-Coupled Receptor Signaling Pathway (GO:0007200),3,0,0.88263,0.93228,0.9850338522253892,False
Reactome_2022,G-protein Beta:Gamma Signaling R-HSA-397795,3,0,0.72349,0.9323,0.9630497782415862,False
GO_BP_2023,cAMP Metabolic Process (GO:0046058),3,0,0.89234,0.93257,0.9872367447860676,False
Reactome_2022,Intra-Golgi Traffic R-HSA-6811438,3,0,0.72969,0.93274,0.9802537908820615,False
Reactome_2022,Cell Surface Interactions At Vascular Wall R-HSA-202733,3,0,0.4819,0.93277,0.9393504765535644,False
GO_BP_2023,Sensory Perception Of Sound (GO:0007605),3,0,0.83072,0.93303,0.9834332444444444,False
Reactome_2022,Regulation Of Necroptotic Cell Death R-HSA-5675482,3,0,0.18726,0.9333,0.9649076779026218,False
GO_BP_2023,Adenylate Cyclase-Activating Adrenergic Receptor Signaling Pathway (GO:0071880),3,0,0.92164,0.93346,0.9886370624999998,False
GO_BP_2023,"Mitochondrial Electron Transport, Cytochrome C To Oxygen (GO:0006123)",3,0,0.63872,0.93351,0.9691778245983672,False
GO_BP_2023,Response To Insulin (GO:0032868),3,0,0.83921,0.93351,0.9859146284501062,False
GO_BP_2023,ATP Metabolic Process (GO:0046034),3,0,0.3115,0.93395,0.9142010813887308,False
Reactome_2022,Class A/1 (Rhodopsin-like Receptors) R-HSA-373076,3,0,0.43519,0.93414,0.9393504765535644,False
Reactome_2022,Signaling By BRAF And RAF1 Fusions R-HSA-6802952,3,0,0.91887,0.93427,0.987558130762783,False
GO_BP_2023,Negative Regulation Of Interleukin-1 Production (GO:0032692),3,0,0.86537,0.93444,0.9777432408435072,False
GO_BP_2023,Extrinsic Apoptotic Signaling Pathway Via Death Domain Receptors (GO:0008625),3,0,0.87354,0.93463,0.977819322928116,False
GO_BP_2023,Isotype Switching (GO:0045190),3,0,0.64444,0.93477,0.9571635833090166,False
Reactome_2022,Degradation Of Extracellular Matrix R-HSA-1474228,3,0,0.88712,0.93489,0.9872367447860676,False
GO_BP_2023,N-terminal Protein Amino Acid Acetylation (GO:0006474),3,0,0.72789,0.93498,0.9802537908820615,False
GO_BP_2023,Regulation Of Stem Cell Proliferation (GO:0072091),3,0,0.91761,0.93501,0.987558130762783,False
GO_BP_2023,Peptidyl-Tyrosine Phosphorylation (GO:0018108),3,0,0.43473,0.93512,0.9673418390162102,False
Reactome_2022,Paradoxical Activation Of RAF Signaling By Kinase Inactive BRAF R-HSA-6802955,3,0,0.82855,0.93524,0.985823103522801,False
GO_BP_2023,Signal Transduction In Response To DNA Damage (GO:0042770),3,0,0.74209,0.93544,0.9802537908820615,False
GO_BP_2023,Cardiac Conduction (GO:0061337),3,0,0.81087,0.93571,0.9735073273837482,False
GO_BP_2023,Nucleotide-Sugar Biosynthetic Process (GO:0009226),3,0,0.89695,0.93574,0.9838880318006016,False
GO_BP_2023,Protein Export From Nucleus (GO:0006611),3,0,0.21159,0.93589,0.9142010813887308,False
Reactome_2022,Defensins R-HSA-1461973,3,0,0.81389,0.93601,0.9735073273837482,False
GO_BP_2023,Inorganic Anion Transmembrane Transport (GO:0098661),3,0,0.87961,0.93617,0.9872367447860676,False
Reactome_2022,Ca2+ Pathway R-HSA-4086398,3,0,0.9018,0.93619,0.9862213935648838,False
Reactome_2022,N-glycan Trimming In ER And Calnexin/Calreticulin Cycle R-HSA-532668,3,0,0.78914,0.93674,0.9820676607186508,False
GO_BP_2023,Cellular Response To Zinc Ion (GO:0071294),3,0,0.51061,0.93697,0.9722129199861448,False
GO_BP_2023,Regulation Of Cell Fate Specification (GO:0042659),3,0,0.68305,0.937,0.9602724609909662,False
GO_BP_2023,Regulation Of Acrosome Reaction (GO:0060046),3,0,0.86204,0.9371,0.976485253558719,False
Reactome_2022,Glycoprotein Hormones R-HSA-209822,3,0,0.82646,0.93743,0.9737437398750288,False
GO_BP_2023,Negative Regulation Of Programmed Necrotic Cell Death (GO:0062099),3,0,0.7668,0.93748,0.9802537908820615,False
GO_BP_2023,Triglyceride Metabolic Process (GO:0006641),3,0,0.87657,0.93761,0.97888137340939,False
GO_BP_2023,Protein Insertion Into Membrane (GO:0051205),3,0,0.46767,0.93768,0.9722129199861448,False
GO_BP_2023,Protein Localization (GO:0008104),3,0,0.6917,0.93769,0.9757301514332072,False
Reactome_2022,Negative Regulation Of FLT3 R-HSA-9706369,3,0,0.87858,0.93887,0.9838880318006016,False
GO_BP_2023,Regulation Of Ubiquitin Protein Ligase Activity (GO:1904666),3,0,0.50284,0.93955,0.9673418390162102,False
GO_BP_2023,Regulation Of NLRP3 Inflammasome Complex Assembly (GO:1900225),3,0,0.67676,0.93956,0.960191332218506,False
GO_BP_2023,L-glutamate Transmembrane Transport (GO:0015813),3,0,0.71092,0.93957,0.9761951560818084,False
GO_BP_2023,Negative Regulation Of Response To External Stimulus (GO:0032102),3,0,0.62329,0.93966,0.9541864256075874,False
Reactome_2022,SMAD2/SMAD3:SMAD4 Heterotrimer Regulates Transcription R-HSA-2173796,3,0,0.52792,0.93984,0.9505385600553824,False
Reactome_2022,Cellular Hexose Transport R-HSA-189200,3,0,0.82277,0.93984,0.9847726772346984,False
GO_BP_2023,Positive Regulation Of Antigen Receptor-Mediated Signaling Pathway (GO:0050857),3,0,0.78163,0.94,0.9803695523856368,False
GO_BP_2023,Embryonic Heart Tube Development (GO:0035050),3,0,0.85299,0.94001,0.976142569832402,False
GO_BP_2023,tRNA Metabolic Process (GO:0006399),3,0,0.70023,0.94031,0.961542032892963,False
GO_BP_2023,Synaptic Vesicle Localization (GO:0097479),3,0,0.71641,0.94035,0.9725014216806296,False
GO_BP_2023,Positive Regulation Of Lymphocyte Migration (GO:2000403),3,0,0.8862,0.94043,0.9800599826200306,False
Reactome_2022,G Beta:Gamma Signaling Thru PLC Beta R-HSA-418217,3,0,0.73212,0.94057,0.9633276891405044,False
GO_BP_2023,Regulation Of Insulin-Like Growth Factor Receptor Signaling Pathway (GO:0043567),3,0,0.7517,0.9407,0.9802537908820615,False
Reactome_2022,Termination Of Translesion DNA Synthesis R-HSA-5656169,3,0,0.93342,0.9407,0.9900192061194956,False
Hallmark_2020,G2-M Checkpoint,3,0,0.87444,0.94083,0.9780047462096242,False
GO_BP_2023,Cellular Response To cAMP (GO:0071320),3,0,0.70625,0.94116,0.9757301514332072,False
GO_BP_2023,Epithelial Cell Differentiation (GO:0030855),3,0,0.55354,0.9412,0.9529937644341802,False
GO_BP_2023,Cardiac Muscle Cell Development (GO:0055013),3,0,0.92166,0.94129,0.9880474726200508,False
GO_BP_2023,Response To Amino Acid (GO:0043200),3,0,0.56192,0.94133,0.973169238476954,False
GO_BP_2023,Cell Morphogenesis Involved In Differentiation (GO:0000904),3,0,0.88033,0.94134,0.9790836304347826,False
GO_BP_2023,Regulation Of Adenylate Cyclase Activity (GO:0045761),3,0,0.89018,0.94134,0.982331397616468,False
Reactome_2022,Estrogen-dependent Gene Expression R-HSA-9018519,3,0,0.52477,0.94141,0.9722129199861448,False
GO_BP_2023,Positive Regulation Of Lymphocyte Activation (GO:0051251),3,0,0.69989,0.94148,0.9757301514332072,False
Reactome_2022,Formation Of Cornified Envelope R-HSA-6809371,3,0,0.68414,0.94158,0.9757301514332072,False
GO_BP_2023,Neural Crest Cell Differentiation (GO:0014033),3,0,0.68815,0.94159,0.9602724609909662,False
GO_BP_2023,Positive Regulation Of Excitatory Postsynaptic Potential (GO:2000463),3,0,0.74718,0.94182,0.9802537908820615,False
GO_BP_2023,Regulation Of T Cell Migration (GO:2000404),3,0,0.91455,0.94188,0.9890306040833508,False
GO_BP_2023,Mitochondrial Protein Processing (GO:0034982),3,0,0.85947,0.94195,0.985823103522801,False
GO_BP_2023,Cellular Response To Acetylcholine (GO:1905145),3,0,0.81807,0.94196,0.9735597498842056,False
GO_BP_2023,Regulation Of Biomineral Tissue Development (GO:0070167),3,0,0.66069,0.94202,0.9583676546024508,False
GO_BP_2023,Relaxation Of Cardiac Muscle (GO:0055119),3,0,0.8748,0.94227,0.9872367447860676,False
GO_BP_2023,Epithelial Cilium Movement Involved In Extracellular Fluid Movement (GO:0003351),3,0,0.4529,0.94309,0.9393504765535644,False
GO_BP_2023,Regulation Of Calcium-Mediated Signaling (GO:0050848),3,0,0.50295,0.94348,0.9722129199861448,False
Reactome_2022,Signaling By FGFR R-HSA-190236,3,0,0.87991,0.94356,0.9872367447860676,False
GO_BP_2023,Ribonucleoprotein Complex Biogenesis (GO:0022613),3,0,0.59544,0.94373,0.9750976857490864,False
GO_BP_2023,Negative Regulation Of Mitochondrial Outer Membrane Permeabilization Involved In Apoptotic Signaling Pathway (GO:1901029),3,0,0.8987,0.94402,0.9838880318006016,False
GO_BP_2023,Protein Transmembrane Import Into Intracellular Organelle (GO:0044743),3,0,0.71175,0.94408,0.9625746549893844,False
GO_BP_2023,Adenylate Cyclase-Activating G Protein-Coupled Receptor Signaling Pathway (GO:0007189),3,0,0.78791,0.94411,0.970808271219043,False
GO_BP_2023,Positive Regulation Of T-helper Cell Differentiation (GO:0045624),3,0,0.87145,0.94425,0.9790836304347826,False
GO_BP_2023,Negative Regulation Of Reproductive Process (GO:2000242),3,0,0.76306,0.94428,0.9802537908820615,False
Reactome_2022,Regulation Of FOXO Transcriptional Activity By Acetylation R-HSA-9617629,3,0,0.67352,0.94476,0.9757301514332072,False
Reactome_2022,Regulation Of TP53 Activity Thru Association With Co-factors R-HSA-6804759,3,0,0.74555,0.94519,0.970808271219043,False
GO_BP_2023,Cellular Response To Forskolin (GO:1904322),3,0,0.7859,0.94525,0.9812312668463612,False
GO_BP_2023,Response To Forskolin (GO:1904321),3,0,0.7859,0.94525,0.9812312668463612,False
GO_BP_2023,Positive Regulation Of Phospholipase Activity (GO:0010518),3,0,0.82519,0.94525,0.9735597498842056,False
GO_BP_2023,L-glutamate Import (GO:0051938),3,0,0.80958,0.94527,0.9865069984094524,False
GO_BP_2023,Mitochondrial RNA Metabolic Process (GO:0000959),3,0,0.84087,0.94536,0.9865069984094524,False
GO_BP_2023,Positive Regulation Of Lipid Storage (GO:0010884),3,0,0.82161,0.94537,0.9735597498842056,False
Reactome_2022,PCNA-Dependent Long Patch Base Excision Repair R-HSA-5651801,3,0,0.90163,0.94557,0.9872367447860676,False
GO_BP_2023,tRNA Wobble Uridine Modification (GO:0002098),3,0,0.85552,0.94595,0.976142569832402,False
GO_BP_2023,Cellular Response To Copper Ion (GO:0071280),3,0,0.69487,0.94604,0.9757301514332072,False
GO_BP_2023,Regulation Of Epidermal Growth Factor-Activated Receptor Activity (GO:0007176),3,0,0.24507,0.94618,0.9142010813887308,False
Reactome_2022,Negative Regulation Of FGFR3 Signaling R-HSA-5654732,3,0,0.89198,0.94667,0.9872367447860676,False
GO_BP_2023,Positive Regulation Of Nitrogen Compound Metabolic Process (GO:0051173),3,0,0.74615,0.94679,0.9636665240372516,False
GO_BP_2023,CRD-mediated mRNA Stabilization (GO:0070934),3,0,0.83881,0.94717,0.9783701558042572,False
GO_BP_2023,Phospholipid Translocation (GO:0045332),3,0,0.93115,0.94735,0.9893541510221108,False
Reactome_2022,FGFR2 Mutant Receptor Activation R-HSA-1839126,3,0,0.81171,0.94777,0.9865069984094524,False
GO_BP_2023,Positive Regulation Of TOR Signaling (GO:0032008),3,0,0.81506,0.94801,0.9865069984094524,False
GO_BP_2023,Intracellular Protein Transport (GO:0006886),3,0,0.76067,0.94831,0.965538728179551,False
GO_BP_2023,Establishment Of Protein Localization To Vacuole (GO:0072666),3,0,0.82492,0.94836,0.9865069984094524,False
GO_BP_2023,Negative Regulation Of Cytokine-Mediated Signaling Pathway (GO:0001960),3,0,0.34684,0.94843,0.922255873493976,False
GO_BP_2023,Protein Methylation (GO:0006479),3,0,0.64928,0.94849,0.957209686691578,False
Reactome_2022,Translesion Synthesis By Y Family DNA Polymerases Bypasses Lesions On DNA Template R-HSA-110313,3,0,0.93067,0.94861,0.9893107172470978,False
GO_BP_2023,Adrenergic Receptor Signaling Pathway (GO:0071875),3,0,0.76796,0.94869,0.9802537908820615,False
Reactome_2022,Presynaptic Depolarization And Calcium Channel Opening R-HSA-112308,3,0,0.91911,0.94879,0.9876359612141652,False
GO_BP_2023,Regulation Of Neuroinflammatory Response (GO:0150077),3,0,0.61881,0.9488,0.9541864256075874,False
GO_BP_2023,Interleukin-6-Mediated Signaling Pathway (GO:0070102),3,0,0.62344,0.94908,0.9541864256075874,False
Reactome_2022,Mismatch Repair R-HSA-5358508,3,0,0.93852,0.94911,0.9908722669973136,False
GO_BP_2023,Integrated Stress Response Signaling (GO:0140467),3,0,0.60756,0.94966,0.9541864256075874,False
Reactome_2022,FGFR3 Mutant Receptor Activation R-HSA-2033514,3,0,0.83311,0.94981,0.9865069984094524,False
GO_BP_2023,Camera-Type Eye Development (GO:0043010),3,0,0.88483,0.94984,0.9790836304347826,False
GO_BP_2023,Negative Regulation Of Epithelial To Mesenchymal Transition (GO:0010719),3,0,0.3896,0.9499,0.9673418390162102,False
Reactome_2022,Amine Ligand-Binding Receptors R-HSA-375280,3,0,0.89304,0.94992,0.9834646473388144,False
GO_BP_2023,Regulation Of Receptor Internalization (GO:0002090),3,0,0.90501,0.95027,0.9855283769410764,False
GO_BP_2023,Multivesicular Body Assembly (GO:0036258),3,0,0.86293,0.95031,0.9872367447860676,False
GO_BP_2023,Positive Regulation Of Protein Serine/Threonine Kinase Activity (GO:0071902),3,0,0.69243,0.95036,0.961542032892963,False
GO_BP_2023,Regulation Of Cell-Cell Adhesion Mediated By Cadherin (GO:2000047),3,0,0.19274,0.95043,0.9649076779026218,False
GO_BP_2023,Purine-Containing Compound Biosynthetic Process (GO:0072522),3,0,0.69153,0.95062,0.9757301514332072,False
GO_BP_2023,Protein Transport (GO:0015031),3,0,0.83636,0.95081,0.976142569832402,False
Hallmark_2020,Allograft Rejection,3,0,0.8785,0.95087,0.9790836304347826,False
GO_BP_2023,Pyruvate Metabolic Process (GO:0006090),3,0,0.32021,0.95088,0.9156606246514224,False
GO_BP_2023,Regulation Of Platelet-Derived Growth Factor Receptor Signaling Pathway (GO:0010640),3,0,0.70032,0.95088,0.9757301514332072,False
GO_BP_2023,Negative Regulation Of Execution Phase Of Apoptosis (GO:1900118),3,0,0.90875,0.95101,0.9882077941490498,False
GO_BP_2023,Regulation Of Intracellular Transport (GO:0032386),3,0,0.28523,0.95114,0.9142010813887308,False
GO_BP_2023,Regulation Of Membrane Depolarization (GO:0003254),3,0,0.76256,0.95117,0.9802537908820615,False
Reactome_2022,Regulation Of Gene Expression In Beta Cells R-HSA-210745,3,0,0.57241,0.95131,0.973169238476954,False
GO_BP_2023,Neural Tube Development (GO:0021915),3,0,0.90918,0.95156,0.9882077941490498,False
GO_BP_2023,"Negative Regulation Of Nuclear-Transcribed mRNA Catabolic Process, Deadenylation-Dependent Decay (GO:1900152)",3,0,0.734,0.9516,0.9633276891405044,False
GO_BP_2023,Response To Zinc Ion (GO:0010043),3,0,0.22728,0.95167,0.9600039730400852,False
Reactome_2022,RHOH GTPase Cycle R-HSA-9013407,3,0,0.90103,0.95176,0.9841249088178502,False
Reactome_2022,DNA Strand Elongation R-HSA-69190,3,0,0.73414,0.95186,0.9633276891405044,False
GO_BP_2023,Vacuole Fusion (GO:0097576),3,0,0.5864,0.95187,0.9533020999045498,False
GO_BP_2023,Detection Of Chemical Stimulus Involved In Sensory Perception Of Smell (GO:0050911),3,0,0.83865,0.95195,0.9790836304347826,False
GO_BP_2023,Homologous Chromosome Pairing At Meiosis (GO:0007129),3,0,0.77492,0.952,0.9802537908820615,False
GO_BP_2023,Cytokine-Mediated Signaling Pathway (GO:0019221),3,0,0.85371,0.95207,0.976142569832402,False
GO_BP_2023,Thymus Development (GO:0048538),3,0,0.59234,0.95261,0.9691778245983672,False
Reactome_2022,Establishment Of Sister Chromatid Cohesion R-HSA-2468052,3,0,0.74198,0.95278,0.9802537908820615,False
Reactome_2022,CD209 (DC-SIGN) Signaling R-HSA-5621575,3,0,0.72061,0.95289,0.9630497782415862,False
Reactome_2022,Lewis Blood Group Biosynthesis R-HSA-9037629,3,0,0.47227,0.95298,0.9722129199861448,False
Reactome_2022,Purine Ribonucleoside Monophosphate Biosynthesis R-HSA-73817,3,0,0.75312,0.95313,0.9802537908820615,False
GO_BP_2023,Ribosome Biogenesis (GO:0042254),3,0,0.4364,0.95316,0.9722129199861448,False
Reactome_2022,ADP Signaling Thru P2Y Purinoceptor 1 R-HSA-418592,3,0,0.53405,0.95327,0.9505385600553824,False
Reactome_2022,Mismatch Repair (MMR) Directed By MSH2:MSH3 (MutSbeta) R-HSA-5358606,3,0,0.91497,0.95349,0.9886370624999998,False
GO_BP_2023,Regulation Of Rho Protein Signal Transduction (GO:0035023),3,0,0.68793,0.95369,0.9757301514332072,False
GO_BP_2023,Nucleotide Biosynthetic Process (GO:0009165),3,0,0.6403,0.95378,0.9757301514332072,False
GO_BP_2023,Positive Regulation Of Transporter Activity (GO:0032411),3,0,0.81148,0.95379,0.9735073273837482,False
GO_BP_2023,DNA Deamination (GO:0045006),3,0,0.94042,0.95429,0.9900192061194956,False
GO_BP_2023,cGMP Metabolic Process (GO:0046068),3,0,0.84832,0.95458,0.976142569832402,False
Hallmark_2020,Coagulation,3,0,0.78302,0.95489,0.9803695523856368,False
Reactome_2022,Glucagon Signaling In Metabolic Regulation R-HSA-163359,3,0,0.89926,0.95493,0.9838880318006016,False
Reactome_2022,Zinc Influx Into Cells By SLC39 Gene Family R-HSA-442380,3,0,0.86442,0.95494,0.9872367447860676,False
GO_BP_2023,Positive Regulation Of T Cell Mediated Immunity (GO:0002711),3,0,0.41169,0.95498,0.9348970419426048,False
GO_BP_2023,Intracellular Monoatomic Ion Homeostasis (GO:0006873),3,0,0.83078,0.95516,0.975471787773933,False
GO_BP_2023,Purine Ribonucleotide Catabolic Process (GO:0009154),3,0,0.80789,0.95521,0.9722381323877068,False
Hallmark_2020,p53 Pathway,3,0,0.90964,0.95527,0.988274834578442,False
GO_BP_2023,Sensory Perception Of Smell (GO:0007608),3,0,0.87857,0.9553,0.9847726772346984,False
GO_BP_2023,Water Transport (GO:0006833),3,0,0.73829,0.95533,0.9802537908820615,False
Reactome_2022,Calnexin/calreticulin Cycle R-HSA-901042,3,0,0.87334,0.95535,0.977819322928116,False
GO_BP_2023,Protein Localization To Membrane (GO:0072657),3,0,0.90209,0.95547,0.9872367447860676,False
GO_BP_2023,Protein Insertion Into Mitochondrial Inner Membrane (GO:0045039),3,0,0.45535,0.9555,0.9393504765535644,False
GO_BP_2023,Meiosis I (GO:0007127),3,0,0.31547,0.95556,0.9142010813887308,False
GO_BP_2023,Cellular Lipid Catabolic Process (GO:0044242),3,0,0.57926,0.95561,0.9533020999045498,False
GO_BP_2023,Receptor Recycling (GO:0001881),3,0,0.66351,0.95582,0.959422346368715,False
GO_BP_2023,Regulation Of G Protein-Coupled Receptor Signaling Pathway (GO:0008277),3,0,0.77262,0.95589,0.9683909874415167,False
GO_BP_2023,Regulation Of Cytokine Production (GO:0001817),3,0,0.84888,0.95599,0.976142569832402,False
Reactome_2022,Triglyceride Metabolism R-HSA-8979227,3,0,0.85923,0.9562,0.9872367447860676,False
GO_BP_2023,cAMP-mediated Signaling (GO:0019933),3,0,0.83716,0.95621,0.9834332444444444,False
GO_BP_2023,Regulation Of Bone Remodeling (GO:0046850),3,0,0.19283,0.95637,0.9142010813887308,False
Reactome_2022,Oncogenic MAPK Signaling R-HSA-6802957,3,0,0.86788,0.95645,0.977819322928116,False
GO_BP_2023,Cellular Response To Interleukin-15 (GO:0071350),3,0,0.89544,0.9566,0.9872367447860676,False
GO_BP_2023,Interleukin-15-Mediated Signaling Pathway (GO:0035723),3,0,0.89544,0.9566,0.9872367447860676,False
GO_BP_2023,Iron Ion Transport (GO:0006826),3,0,0.93739,0.95683,0.9912444652128763,False
GO_BP_2023,Regulation Of B Cell Activation (GO:0050864),3,0,0.82623,0.95684,0.9865069984094524,False
GO_BP_2023,Response To Gamma Radiation (GO:0010332),3,0,0.84113,0.95687,0.976142569832402,False
GO_BP_2023,Positive Regulation Of NLRP3 Inflammasome Complex Assembly (GO:1900227),3,0,0.77896,0.95694,0.9695504643206256,False
Reactome_2022,Synthesis Of PA R-HSA-1483166,3,0,0.836,0.95699,0.9865069984094524,False
Reactome_2022,Telomere C-strand (Lagging Strand) Synthesis R-HSA-174417,3,0,0.4723,0.957,0.9393504765535644,False
GO_BP_2023,Peptide Metabolic Process (GO:0006518),3,0,0.49686,0.95716,0.9409529977794228,False
Hallmark_2020,Interferon Gamma Response,3,0,0.74799,0.95727,0.9802537908820615,False
Reactome_2022,Resolution Of Abasic Sites (AP Sites) R-HSA-73933,3,0,0.88026,0.95749,0.9872367447860676,False
GO_BP_2023,Golgi Organization (GO:0007030),3,0,0.85992,0.95767,0.9763535132723624,False
GO_BP_2023,Adherens Junction Organization (GO:0034332),3,0,0.81058,0.95775,0.9865069984094524,False
Reactome_2022,Mitochondrial tRNA Aminoacylation R-HSA-379726,3,0,0.86478,0.95775,0.9777277210128832,False
Reactome_2022,Activation Of G Protein Gated Potassium Channels R-HSA-1296041,3,0,0.91788,0.95784,0.9876359612141652,False
Reactome_2022,"Glutamate Binding, Activation Of AMPA Receptors And Synaptic Plasticity R-HSA-399721",3,0,0.88405,0.95796,0.9872367447860676,False
Reactome_2022,Glycolysis R-HSA-70171,3,0,0.91202,0.95818,0.9859146284501062,False
GO_BP_2023,Amyloid Fibril Formation (GO:1990000),3,0,0.24241,0.9582,0.9142010813887308,False
GO_BP_2023,Peptidyl-Tyrosine Modification (GO:0018212),3,0,0.35833,0.95828,0.9662928812415656,False
GO_BP_2023,Regulation Of Monoatomic Ion Transmembrane Transport (GO:0034765),3,0,0.79686,0.95844,0.9834347762998792,False
GO_BP_2023,Antimicrobial Humoral Immune Response Mediated By Antimicrobial Peptide (GO:0061844),3,0,0.53741,0.95846,0.9505385600553824,False
GO_BP_2023,Regulation Of Keratinocyte Proliferation (GO:0010837),3,0,0.92747,0.9586,0.98990960861462,False
GO_BP_2023,Negative Regulation Of Fibroblast Proliferation (GO:0048147),3,0,0.7654,0.95893,0.966254191468254,False
GO_BP_2023,Organonitrogen Compound Catabolic Process (GO:1901565),3,0,0.70317,0.95896,0.9624195402298852,False
Reactome_2022,Disorders Of Transmembrane Transporters R-HSA-5619115,3,0,0.77147,0.95896,0.9802537908820615,False
GO_BP_2023,Epithelial Cell Morphogenesis (GO:0003382),3,0,0.81568,0.95905,0.9735597498842056,False
GO_BP_2023,Myeloid Dendritic Cell Activation (GO:0001773),3,0,0.83893,0.95911,0.976142569832402,False
GO_BP_2023,"Negative Regulation Of CD4-positive, Alpha-Beta T Cell Activation (GO:2000515)",3,0,0.85806,0.95925,0.985823103522801,False
Reactome_2022,RND2 GTPase Cycle R-HSA-9696270,3,0,0.38815,0.95927,0.9722129199861448,False
GO_BP_2023,Protein Import Into Nucleus (GO:0006606),3,0,0.65321,0.95932,0.957209686691578,False
GO_BP_2023,Cristae Formation (GO:0042407),3,0,0.84375,0.95933,0.976142569832402,False
Reactome_2022,Glucose Metabolism R-HSA-70326,3,0,0.92414,0.95935,0.9893541021347844,False
GO_BP_2023,Central Nervous System Projection Neuron Axonogenesis (GO:0021952),3,0,0.54126,0.95944,0.9722129199861448,False
GO_BP_2023,Regulation Of Endothelial Cell Migration (GO:0010594),3,0,0.58851,0.95951,0.9533020999045498,False
GO_BP_2023,Epithelial Cell Development (GO:0002064),3,0,0.75753,0.95983,0.9650268615692156,False
Reactome_2022,Phospholipase C-mediated Cascade: FGFR1 R-HSA-5654219,3,0,0.87511,0.95985,0.985823103522801,False
GO_BP_2023,Calcium Ion Transmembrane Import Into Cytosol (GO:0097553),3,0,0.90818,0.96036,0.9882077941490498,False
GO_BP_2023,Kidney Development (GO:0001822),3,0,0.26277,0.96042,0.9689528907922912,False
Reactome_2022,Transport Of Nucleosides And Free Purine And Pyrimidine Bases Across Plasma Membrane R-HSA-83936,3,0,0.79886,0.96043,0.9834347762998792,False
Reactome_2022,Phase 0 - Rapid Depolarisation R-HSA-5576892,3,0,0.89822,0.96055,0.9872367447860676,False
Reactome_2022,Regulation Of Complement Cascade R-HSA-977606,3,0,0.93938,0.96058,0.992808218344156,False
GO_BP_2023,Polarized Epithelial Cell Differentiation (GO:0030859),3,0,0.40949,0.96081,0.9348970419426048,False
GO_BP_2023,Potassium Ion Transport (GO:0006813),3,0,0.872,0.96085,0.985823103522801,False
GO_BP_2023,Negative Regulation Of Transcription Regulatory Region DNA Binding (GO:2000678),3,0,0.62975,0.96102,0.975307179799209,False
Reactome_2022,TP53 Regulates Transcription Of Genes Involved In G1 Cell Cycle Arrest R-HSA-6804116,3,0,0.8509,0.96108,0.976142569832402,False
Reactome_2022,Senescence-Associated Secretory Phenotype (SASP) R-HSA-2559582,3,0,0.91356,0.96111,0.9866329019940604,False
GO_BP_2023,Serine Family Amino Acid Metabolic Process (GO:0009069),3,0,0.85724,0.96117,0.976142569832402,False
GO_BP_2023,Mitotic G1 DNA Damage Checkpoint Signaling (GO:0031571),3,0,0.79055,0.96121,0.982381181352209,False
GO_BP_2023,Regulation Of Low-Density Lipoprotein Particle Clearance (GO:0010988),3,0,0.74676,0.96146,0.9636665240372516,False
GO_BP_2023,Nuclear Export (GO:0051168),3,0,0.50614,0.96148,0.9454545718432512,False
GO_BP_2023,Ribosomal Small Subunit Biogenesis (GO:0042274),3,0,0.74564,0.96173,0.9802537908820615,False
GO_BP_2023,Pathway-Restricted SMAD Protein Phosphorylation (GO:0060389),3,0,0.91693,0.96195,0.9894705446069082,False
GO_BP_2023,Regulation Of Isotype Switching (GO:0045191),3,0,0.80686,0.96225,0.9716265846736044,False
GO_BP_2023,Acylglycerol Catabolic Process (GO:0046464),3,0,0.84528,0.96229,0.976142569832402,False
GO_BP_2023,Negative Regulation Of Neuroinflammatory Response (GO:0150079),3,0,0.44845,0.96276,0.9393504765535644,False
Reactome_2022,mRNA Decay By 5 To 3 Exoribonuclease R-HSA-430039,3,0,0.74693,0.96278,0.9636665240372516,False
GO_BP_2023,Negative Regulation Of Endothelial Cell Proliferation (GO:0001937),3,0,0.62481,0.9628,0.9541864256075874,False
Reactome_2022,Regulation Of Gene Expression By Hypoxia-inducible Factor R-HSA-1234158,3,0,0.71565,0.96291,0.978611630405587,False
Reactome_2022,Asparagine N-linked Glycosylation R-HSA-446203,3,0,0.82235,0.96295,0.9735597498842056,False
GO_BP_2023,Glucose Import (GO:0046323),3,0,0.82015,0.963,0.9735597498842056,False
GO_BP_2023,Positive Regulation Of Chemotaxis (GO:0050921),3,0,0.92696,0.96312,0.9893541021347844,False
Reactome_2022,Gap-filling DNA Repair Synthesis And Ligation In TC-NER R-HSA-6782210,3,0,0.80706,0.96323,0.985959995200384,False
GO_BP_2023,Negative Regulation Of T-helper Cell Differentiation (GO:0045623),3,0,0.8478,0.96345,0.9865069984094524,False
GO_BP_2023,Positive Regulation Of Release Of Sequestered Calcium Ion Into Cytosol (GO:0051281),3,0,0.94241,0.9635,0.9915273851226044,False
GO_BP_2023,Mitochondrial Membrane Organization (GO:0007006),3,0,0.90326,0.96353,0.984280928938356,False
GO_BP_2023,Cellular Component Disassembly (GO:0022411),3,0,0.44607,0.96355,0.9722129199861448,False
Reactome_2022,Keratinization R-HSA-6805567,3,0,0.76735,0.96355,0.9802537908820615,False
GO_BP_2023,Regulation Of Toll-Like Receptor 4 Signaling Pathway (GO:0034143),3,0,0.92177,0.96373,0.988413705263158,False
GO_BP_2023,Mast Cell Mediated Immunity (GO:0002448),3,0,0.72522,0.96376,0.9630497782415862,False
GO_BP_2023,Establishment Of Protein Localization To Membrane (GO:0090150),3,0,0.90648,0.96408,0.9882077941490498,False
GO_BP_2023,Negative Regulation Of Endothelial Cell Migration (GO:0010596),3,0,0.69431,0.96409,0.961542032892963,False
GO_BP_2023,Peptidyl-Lysine Methylation (GO:0018022),3,0,0.35092,0.96424,0.922255873493976,False
GO_BP_2023,Response To Unfolded Protein (GO:0006986),3,0,0.60419,0.96444,0.9541864256075874,False
GO_BP_2023,Regulation Of Monocyte Chemotaxis (GO:0090025),3,0,0.84108,0.96445,0.976142569832402,False
Reactome_2022,RIPK1-mediated Regulated Necrosis R-HSA-5213460,3,0,0.2103,0.96451,0.9689528907922912,False
GO_BP_2023,Neurotransmitter Uptake (GO:0001504),3,0,0.67461,0.96454,0.9757301514332072,False
GO_BP_2023,Negative Regulation Of Rho Protein Signal Transduction (GO:0035024),3,0,0.78817,0.96462,0.9818581355517494,False
GO_BP_2023,Chemokine-Mediated Signaling Pathway (GO:0070098),3,0,0.83003,0.96472,0.975471787773933,False
GO_BP_2023,Establishment Of Endothelial Barrier (GO:0061028),3,0,0.42453,0.96492,0.9691778245983672,False
GO_BP_2023,Lens Fiber Cell Differentiation (GO:0070306),3,0,0.70825,0.96507,0.9625442194992008,False
GO_BP_2023,Eosinophil Chemotaxis (GO:0048245),3,0,0.89066,0.96514,0.982331397616468,False
GO_BP_2023,Eosinophil Migration (GO:0072677),3,0,0.89066,0.96514,0.982331397616468,False
GO_BP_2023,Regulation Of rRNA Processing (GO:2000232),3,0,0.81382,0.96526,0.985823103522801,False
GO_BP_2023,Cellular Response To Chemokine (GO:1990869),3,0,0.92653,0.96526,0.9893541021347844,False
GO_BP_2023,Regulation Of Cell Growth (GO:0001558),3,0,0.91489,0.96534,0.9891181142493098,False
GO_BP_2023,Negative Regulation Of Mitotic Cell Cycle Phase Transition (GO:1901991),3,0,0.92234,0.96569,0.991003670886076,False
GO_BP_2023,Negative Regulation Of Epithelial Cell Migration (GO:0010633),3,0,0.64214,0.96581,0.9562800292397662,False
GO_BP_2023,Neuropeptide Signaling Pathway (GO:0007218),3,0,0.93307,0.96587,0.9894972719700124,False
GO_BP_2023,Modulation Of Excitatory Postsynaptic Potential (GO:0098815),3,0,0.76387,0.96598,0.9802537908820615,False
GO_BP_2023,Protein Localization To Cell Periphery (GO:1990778),3,0,0.92676,0.96613,0.9893541021347844,False
Hallmark_2020,Myc Targets V2,3,0,0.88535,0.96653,0.9872367447860676,False
GO_BP_2023,Regulation Of Receptor Recycling (GO:0001919),3,0,0.95779,0.96663,0.99306685621446,False
Reactome_2022,Cohesin Loading Onto Chromatin R-HSA-2470946,3,0,0.73454,0.96664,0.9802537908820615,False
GO_BP_2023,Positive Regulation Of Interleukin-2 Production (GO:0032743),3,0,0.80526,0.96691,0.9716265846736044,False
GO_BP_2023,Hexose Metabolic Process (GO:0019318),3,0,0.76114,0.96703,0.9658944402892048,False
Hallmark_2020,Protein Secretion,3,0,0.63183,0.96727,0.9757301514332072,False
GO_BP_2023,Mitotic Spindle Assembly (GO:0090307),3,0,0.84913,0.96734,0.976142569832402,False
GO_BP_2023,Protein Localization To Endoplasmic Reticulum (GO:0070972),3,0,0.86946,0.96738,0.977819322928116,False
GO_BP_2023,Melanosome Organization (GO:0032438),3,0,0.74259,0.96747,0.9802537908820615,False
GO_BP_2023,Positive Regulation Of Oxidoreductase Activity (GO:0051353),3,0,0.7595,0.96755,0.9802537908820615,False
GO_BP_2023,Negative Regulation Of Double-Strand Break Repair Via Homologous Recombination (GO:2000042),3,0,0.20763,0.9677,0.9142010813887308,False
GO_BP_2023,Protein Localization To Mitochondrion (GO:0070585),3,0,0.94855,0.96775,0.992769757401316,False
GO_BP_2023,Hippo Signaling (GO:0035329),3,0,0.80189,0.96783,0.9716265846736044,False
Reactome_2022,Transport To Golgi And Subsequent Modification R-HSA-948021,3,0,0.84095,0.96786,0.976142569832402,False
GO_BP_2023,Positive Regulation Of Isotype Switching (GO:0045830),3,0,0.728,0.96794,0.9632415368639669,False
Reactome_2022,ERKs Are Inactivated R-HSA-202670,3,0,0.60777,0.96804,0.9750976857490864,False
GO_BP_2023,Positive Regulation Of Interleukin-17 Production (GO:0032740),3,0,0.82135,0.96813,0.9865069984094524,False
GO_BP_2023,Epithelium Development (GO:0060429),3,0,0.93868,0.96815,0.993334892158839,False
Reactome_2022,Adherens Junctions Interactions R-HSA-418990,3,0,0.89685,0.96816,0.9872367447860676,False
GO_BP_2023,Triglyceride Catabolic Process (GO:0019433),3,0,0.8219,0.96819,0.9735597498842056,False
GO_BP_2023,Detection Of Mechanical Stimulus (GO:0050982),3,0,0.8708,0.96895,0.977819322928116,False
Reactome_2022,Regulation Of Insulin Secretion R-HSA-422356,3,0,0.94065,0.96895,0.9900192061194956,False
GO_BP_2023,3'-UTR-mediated mRNA Stabilization (GO:0070935),3,0,0.94451,0.96897,0.9915273851226044,False
GO_BP_2023,Lipid Translocation (GO:0034204),3,0,0.95228,0.96945,0.992808218344156,False
Hallmark_2020,Estrogen Response Early,3,0,0.36965,0.96948,0.97150681352459,False
GO_BP_2023,Mitotic Chromosome Condensation (GO:0007076),3,0,0.91566,0.96952,0.9874384322033898,False
GO_BP_2023,RNA Transport (GO:0050658),3,0,0.92366,0.96959,0.9893541021347844,False
GO_BP_2023,Cell-Cell Junction Organization (GO:0045216),3,0,0.53825,0.96965,0.9722129199861448,False
Reactome_2022,RHO GTPase Effectors R-HSA-195258,3,0,0.84552,0.96977,0.976142569832402,False
GO_BP_2023,Ethanol Metabolic Process (GO:0006067),3,0,0.72227,0.9698,0.9630497782415862,False
Reactome_2022,Mismatch Repair (MMR) Directed By MSH2:MSH6 (MutSalpha) R-HSA-5358565,3,0,0.96732,0.96982,0.993334892158839,False
GO_BP_2023,Renal System Development (GO:0072001),3,0,0.5687,0.96985,0.973169238476954,False
GO_BP_2023,Retinal Metabolic Process (GO:0042574),3,0,0.88007,0.96986,0.9872367447860676,False
Reactome_2022,tRNA Aminoacylation R-HSA-379724,3,0,0.81757,0.9701,0.9735597498842056,False
Reactome_2022,AKT Phosphorylates Targets In Nucleus R-HSA-198693,3,0,0.67006,0.97023,0.9757301514332072,False
GO_BP_2023,Regulation Of Microglial Cell Activation (GO:1903978),3,0,0.56558,0.97054,0.9529937644341802,False
Reactome_2022,Cargo Concentration In ER R-HSA-5694530,3,0,0.92264,0.97066,0.991003670886076,False
GO_BP_2023,"Protein Alpha-1,2-Demannosylation (GO:0036508)",3,0,0.93151,0.97066,0.9913661567087036,False
Reactome_2022,Bicarbonate Transporters R-HSA-425381,3,0,0.9282,0.97075,0.9885958289885296,False
GO_BP_2023,Regulation Of Protein Neddylation (GO:2000434),3,0,0.68218,0.97077,0.9757301514332072,False
GO_BP_2023,Regulation Of T Cell Proliferation (GO:0042129),3,0,0.85297,0.97078,0.9865069984094524,False
Reactome_2022,Immunoregulatory Interactions Between A Lymphoid And A non-Lymphoid Cell R-HSA-198933,3,0,0.83419,0.97091,0.9865069984094524,False
GO_BP_2023,Negative Regulation Of Vascular Permeability (GO:0043116),3,0,0.878,0.97097,0.9872367447860676,False
Hallmark_2020,E2F Targets,3,0,0.75109,0.97134,0.9802537908820615,False
GO_BP_2023,Maturation Of 5.8S rRNA (GO:0000460),3,0,0.76173,0.97136,0.9802537908820615,False
Reactome_2022,Neuronal System R-HSA-112316,3,0,0.88941,0.97158,0.9872367447860676,False
GO_BP_2023,Sulfur Amino Acid Metabolic Process (GO:0000096),3,0,0.79261,0.9716,0.970808271219043,False
Reactome_2022,Regulation Of PTEN mRNA Translation R-HSA-8943723,3,0,0.93986,0.97167,0.9934395741261552,False
GO_BP_2023,Regulation Of Nervous System Process (GO:0031644),3,0,0.8549,0.97181,0.9872367447860676,False
GO_BP_2023,tRNA Aminoacylation For Protein Translation (GO:0006418),3,0,0.69441,0.97185,0.961542032892963,False
Reactome_2022,Metabolism Of Angiotensinogen To Angiotensins R-HSA-2022377,3,0,0.86905,0.97194,0.977819322928116,False
GO_BP_2023,Bone Morphogenesis (GO:0060349),3,0,0.93824,0.97233,0.9913245122457452,False
GO_BP_2023,Artery Development (GO:0060840),3,0,0.81415,0.97248,0.9735073273837482,False
GO_BP_2023,Mitotic G1/S Transition Checkpoint Signaling (GO:0044819),3,0,0.9012,0.97249,0.9872367447860676,False
GO_BP_2023,Cellular Response To Interleukin-6 (GO:0071354),3,0,0.7944,0.97265,0.971293778525102,False
GO_BP_2023,Regulation Of T Cell Activation (GO:0050863),3,0,0.92845,0.97266,0.9893541021347844,False
GO_BP_2023,Negative Regulation Of Epithelial Cell Proliferation (GO:0050680),3,0,0.96204,0.973,0.9930609612654634,False
GO_BP_2023,Positive Regulation Of Calcium Ion Transport (GO:0051928),3,0,0.90676,0.97345,0.9843016620498616,False
Reactome_2022,Negative Regulation Of Activity Of TFAP2 (AP-2) Family Transcription Factors R-HSA-8866904,3,0,0.72,0.9735,0.9802537908820615,False
GO_BP_2023,Positive Regulation Of Keratinocyte Proliferation (GO:0010838),3,0,0.89108,0.97359,0.9872367447860676,False
GO_BP_2023,Ceramide Transport (GO:0035627),3,0,0.55394,0.97371,0.9529937644341802,False
Reactome_2022,Negative Regulation Of FGFR1 Signaling R-HSA-5654726,3,0,0.93407,0.97372,0.992162382641352,False
Reactome_2022,Activated PKN1 Stimulates Transcription Of Androgen Receptor Regulated KLK2 And KLK3 R-HSA-5625886,3,0,0.79698,0.97394,0.9834347762998792,False
GO_BP_2023,Negative Regulation Of Immune Effector Process (GO:0002698),3,0,0.91604,0.97419,0.9892675222740772,False
GO_BP_2023,Extracellular Matrix Disassembly (GO:0022617),3,0,0.5008,0.97443,0.9722129199861448,False
Reactome_2022,Tandem Pore Domain Potassium Channels R-HSA-1296346,3,0,0.96551,0.97462,0.9944039735099336,False
GO_BP_2023,Establishment Of Protein Localization To Organelle (GO:0072594),3,0,0.69697,0.97488,0.961542032892963,False
GO_BP_2023,Negative Regulation Of G1/S Transition Of Mitotic Cell Cycle (GO:2000134),3,0,0.9455,0.97491,0.994749508722679,False
GO_BP_2023,Inner Mitochondrial Membrane Organization (GO:0007007),3,0,0.78879,0.97516,0.970808271219043,False
GO_BP_2023,Regulation Of Macromolecule Metabolic Process (GO:0060255),3,0,0.89088,0.97525,0.9872367447860676,False
GO_BP_2023,Endomembrane System Organization (GO:0010256),3,0,0.92264,0.97535,0.991003670886076,False
GO_BP_2023,Regulation Of Epithelial Cell Proliferation (GO:0050678),3,0,0.96016,0.97538,0.992808218344156,False
GO_BP_2023,Positive Regulation Of Cardiac Muscle Hypertrophy (GO:0010613),3,0,0.8685,0.97548,0.977819322928116,False
GO_BP_2023,Dendritic Cell Chemotaxis (GO:0002407),3,0,0.60424,0.97556,0.9541864256075874,False
GO_BP_2023,Mitotic Sister Chromatid Segregation (GO:0000070),3,0,0.92785,0.976,0.9893541021347844,False
GO_BP_2023,Organophosphate Ester Transport (GO:0015748),3,0,0.75012,0.97617,0.9636665240372516,False
Reactome_2022,Activation Of Pre-Replicative Complex R-HSA-68962,3,0,0.75712,0.9768,0.9650268615692156,False
GO_BP_2023,Regulation Of T Cell Receptor Signaling Pathway (GO:0050856),3,0,0.85789,0.97688,0.9872367447860676,False
GO_BP_2023,Lytic Vacuole Organization (GO:0080171),3,0,0.9402,0.97731,0.9937573855396726,False
GO_BP_2023,Cellular Response To Interleukin-12 (GO:0071349),3,0,0.92744,0.97736,0.9893541021347844,False
GO_BP_2023,Regulation Of Interleukin-17 Production (GO:0032660),3,0,0.65369,0.97749,0.9757301514332072,False
GO_BP_2023,One-Carbon Compound Transport (GO:0019755),3,0,0.59831,0.97783,0.9541864256075874,False
GO_BP_2023,Release Of Sequestered Calcium Ion Into Cytosol (GO:0051209),3,0,0.89221,0.97784,0.9831887638016886,False
GO_BP_2023,Cell-Cell Junction Assembly (GO:0007043),3,0,0.74476,0.97792,0.9802537908820615,False
GO_BP_2023,Positive Regulation Of RNA Metabolic Process (GO:0051254),3,0,0.92814,0.97803,0.9893541021347844,False
Reactome_2022,FGFR1 Ligand Binding And Activation R-HSA-190242,3,0,0.90844,0.97804,0.9882077941490498,False
GO_BP_2023,Transport Across Blood-Brain Barrier (GO:0150104),3,0,0.95182,0.97807,0.9933448317549868,False
GO_BP_2023,Protein Acetylation (GO:0006473),3,0,0.71831,0.97842,0.9798931939978563,False
GO_BP_2023,Axonemal Dynein Complex Assembly (GO:0070286),3,0,0.79028,0.97842,0.970808271219043,False
GO_BP_2023,Regulation Of Protein K63-linked Ubiquitination (GO:1900044),3,0,0.44887,0.97843,0.9393504765535644,False
GO_BP_2023,Granulocyte Chemotaxis (GO:0071621),3,0,0.96061,0.97862,0.99306685621446,False
GO_BP_2023,Positive Regulation Of Syncytium Formation By Plasma Membrane Fusion (GO:0060143),3,0,0.81055,0.97881,0.9865069984094524,False
GO_BP_2023,Liver Development (GO:0001889),3,0,0.15308,0.97907,0.9142010813887308,False
GO_BP_2023,Respiratory System Development (GO:0060541),3,0,0.83438,0.97962,0.976142569832402,False
Reactome_2022,Golgi Associated Vesicle Biogenesis R-HSA-432722,3,0,0.91102,0.97974,0.988508164570454,False
GO_BP_2023,Skeletal System Morphogenesis (GO:0048705),3,0,0.87424,0.97986,0.9872367447860676,False
GO_BP_2023,Acute-Phase Response (GO:0006953),3,0,0.84741,0.98008,0.976142569832402,False
GO_BP_2023,Protein Targeting To Mitochondrion (GO:0006626),3,0,0.80612,0.98011,0.9716265846736044,False
GO_BP_2023,Negative Regulation Of Sequestering Of Calcium Ion (GO:0051283),3,0,0.92208,0.98012,0.9882895767530008,False
GO_BP_2023,Positive Regulation Of Smooth Muscle Cell Migration (GO:0014911),3,0,0.4753,0.98025,0.9393504765535644,False
Reactome_2022,Signaling By NODAL R-HSA-1181150,3,0,0.92414,0.98027,0.9893541021347844,False
GO_BP_2023,Cellular Response To Unfolded Protein (GO:0034620),3,0,0.84298,0.98042,0.976142569832402,False
Reactome_2022,Activation Of GABAB Receptors R-HSA-991365,3,0,0.96427,0.98055,0.9933068581832896,False
Reactome_2022,Processive Synthesis On Lagging Strand R-HSA-69183,3,0,0.82467,0.98057,0.9735597498842056,False
GO_BP_2023,Regulation Of Myoblast Fusion (GO:1901739),3,0,0.81219,0.981,0.9735073273837482,False
Reactome_2022,ER Quality Control Compartment (ERQC) R-HSA-901032,3,0,0.94336,0.98121,0.9915273851226044,False
GO_BP_2023,Regulation Of Intrinsic Apoptotic Signaling Pathway In Response To DNA Damage (GO:1902229),3,0,0.89734,0.98136,0.9838880318006016,False
GO_BP_2023,Carbohydrate Catabolic Process (GO:0016052),3,0,0.68042,0.98145,0.9602724609909662,False
Reactome_2022,Sensory Processing Of Sound By Outer Hair Cells Of Cochlea R-HSA-9662361,3,0,0.92904,0.98147,0.9917988067824997,False
Reactome_2022,Activation Of TFAP2 (AP-2) Family Of Transcription Factors R-HSA-8866907,3,0,0.96358,0.98155,0.9933068581832896,False
GO_BP_2023,DNA Damage Checkpoint Signaling (GO:0000077),3,0,0.88302,0.98168,0.9872367447860676,False
Reactome_2022,Phospholipase C-mediated Cascade; FGFR2 R-HSA-5654221,3,0,0.86886,0.9818,0.9872367447860676,False
GO_BP_2023,Regulation Of Nitrogen Compound Metabolic Process (GO:0051171),3,0,0.89447,0.98199,0.9838398102221264,False
Reactome_2022,Competing Endogenous RNAs (ceRNAs) Regulate PTEN Translation R-HSA-8948700,3,0,0.94413,0.98213,0.9939238262668044,False
Reactome_2022,"Adrenaline,noradrenaline Inhibits Insulin Secretion R-HSA-400042",3,0,0.89289,0.98225,0.9834646473388144,False
GO_BP_2023,Positive Regulation Of Muscle Hypertrophy (GO:0014742),3,0,0.89818,0.98231,0.9838880318006016,False
GO_BP_2023,Regulation Of Epithelial Cell Apoptotic Process (GO:1904035),3,0,0.79376,0.9824,0.970891206150889,False
Reactome_2022,Blood Group Systems Biosynthesis R-HSA-9033658,3,0,0.69391,0.98262,0.9757301514332072,False
GO_BP_2023,ncRNA Transcription (GO:0098781),3,0,0.78187,0.9827,0.970808271219043,False
GO_BP_2023,Chaperone-Mediated Protein Complex Assembly (GO:0051131),3,0,0.93271,0.9828,0.9920182407020476,False
Reactome_2022,Removal Of Flap Intermediate R-HSA-69166,3,0,0.88447,0.98284,0.9790836304347826,False
GO_BP_2023,Phagosome Maturation (GO:0090382),3,0,0.7005,0.98321,0.9757301514332072,False
GO_BP_2023,Regulation Of Glycogen Metabolic Process (GO:0070873),3,0,0.97606,0.98336,0.9960195268644748,False
GO_BP_2023,Positive Regulation Of Receptor Signaling Pathway Via JAK-STAT (GO:0046427),3,0,0.96095,0.98339,0.992808218344156,False
Reactome_2022,Metallothioneins Bind Metals R-HSA-5661231,3,0,0.91405,0.98347,0.9891181142493098,False
GO_BP_2023,Calcium Ion Homeostasis (GO:0055074),3,0,0.96589,0.98353,0.993334892158839,False
GO_BP_2023,Negative Regulation Of Nuclear Division (GO:0051784),3,0,0.8348,0.98397,0.9825365987640192,False
GO_BP_2023,Transport Along Microtubule (GO:0010970),3,0,0.87429,0.98399,0.9872367447860676,False
GO_BP_2023,Mitotic DNA Damage Checkpoint Signaling (GO:0044773),3,0,0.60266,0.98426,0.9750976857490864,False
Reactome_2022,Response To Metal Ions R-HSA-5660526,3,0,0.92664,0.98438,0.9916466078554926,False
Reactome_2022,RHO GTPases Activate CIT R-HSA-5625900,3,0,0.72893,0.98439,0.9632415368639669,False
GO_BP_2023,Lymphocyte Migration (GO:0072676),3,0,0.95217,0.98439,0.9939361206722008,False
GO_BP_2023,Embryonic Hemopoiesis (GO:0035162),3,0,0.79914,0.98455,0.9716265846736044,False
GO_BP_2023,Mitotic Spindle Assembly Checkpoint Signaling (GO:0007094),3,0,0.7575,0.98458,0.9802537908820615,False
GO_BP_2023,Mitotic Spindle Checkpoint Signaling (GO:0071174),3,0,0.7575,0.98458,0.9802537908820615,False
GO_BP_2023,Spindle Assembly Checkpoint Signaling (GO:0071173),3,0,0.7575,0.98458,0.9802537908820615,False
GO_BP_2023,Regulation Of Monoatomic Ion Transport (GO:0043269),3,0,0.93878,0.9846,0.9913661567087036,False
Reactome_2022,trans-Golgi Network Vesicle Budding R-HSA-199992,3,0,0.87458,0.98474,0.9872367447860676,False
Reactome_2022,Lagging Strand Synthesis R-HSA-69186,3,0,0.85122,0.98475,0.976142569832402,False
GO_BP_2023,Peptidyl-Lysine Trimethylation (GO:0018023),3,0,0.5212,0.98487,0.9478996096522356,False
GO_BP_2023,Positive Regulation Of Signaling Receptor Activity (GO:2000273),3,0,0.57343,0.98497,0.9533020999045498,False
Reactome_2022,Mitotic Telophase/Cytokinesis R-HSA-68884,3,0,0.66878,0.98499,0.9757301514332072,False
Reactome_2022,Antimicrobial Peptides R-HSA-6803157,3,0,0.9205,0.98514,0.9876359612141652,False
GO_BP_2023,"Positive Regulation Of Synaptic Transmission, Glutamatergic (GO:0051968)",3,0,0.83889,0.98519,0.9865069984094524,False
GO_BP_2023,Basement Membrane Organization (GO:0071711),3,0,0.89746,0.98526,0.9838880318006016,False
GO_BP_2023,Phosphatidylinositol Metabolic Process (GO:0046488),3,0,0.6947,0.98542,0.9757301514332072,False
GO_BP_2023,Ureteric Bud Morphogenesis (GO:0060675),3,0,0.96854,0.98554,0.9933448317549868,False
GO_BP_2023,Lysosome Organization (GO:0007040),3,0,0.96436,0.98566,0.9959306023119042,False
GO_BP_2023,Neutrophil Chemotaxis (GO:0030593),3,0,0.95477,0.98567,0.9931026994114064,False
GO_BP_2023,Cilium Movement (GO:0003341),3,0,0.67299,0.98583,0.959422346368715,False
Reactome_2022,Negative Regulation Of FGFR2 Signaling R-HSA-5654727,3,0,0.93164,0.98593,0.9918474905897116,False
Reactome_2022,Reproduction R-HSA-1474165,3,0,0.91735,0.986,0.9894705446069082,False
Reactome_2022,ER To Golgi Anterograde Transport R-HSA-199977,3,0,0.89887,0.98624,0.9838880318006016,False
Reactome_2022,Nucleotide Biosynthesis R-HSA-8956320,3,0,0.74869,0.98626,0.9802537908820615,False
GO_BP_2023,Antigen Processing And Presentation Of Endogenous Peptide Antigen Via MHC Class I Via ER Pathway (GO:0002484),3,0,0.61977,0.98627,0.9541864256075874,False
GO_BP_2023,"Antigen Processing And Presentation Of Endogenous Peptide Antigen Via MHC Class I Via ER Pathway, TAP-independent (GO:0002486)",3,0,0.61977,0.98627,0.9541864256075874,False
GO_BP_2023,Antigen Processing And Presentation Of Endogenous Peptide Antigen Via MHC Class Ib (GO:0002476),3,0,0.61977,0.98627,0.9541864256075874,False
GO_BP_2023,Antigen Processing And Presentation Of Peptide Antigen Via MHC Class Ib (GO:0002428),3,0,0.61977,0.98627,0.9541864256075874,False
GO_BP_2023,Lung Development (GO:0030324),3,0,0.95566,0.98629,0.992808218344156,False
GO_BP_2023,Regulation Of Lymphocyte Activation (GO:0051249),3,0,0.79909,0.98634,0.9716265846736044,False
GO_BP_2023,Regulation Of T Cell Cytokine Production (GO:0002724),3,0,0.93833,0.98666,0.9913245122457452,False
Reactome_2022,Potassium Channels R-HSA-1296071,3,0,0.94141,0.98667,0.9913661567087036,False
GO_BP_2023,Motile Cilium Assembly (GO:0044458),3,0,0.94968,0.98709,0.992808218344156,False
Reactome_2022,TNFs Bind Their Physiological Receptors R-HSA-5669034,3,0,0.9563,0.98726,0.992808218344156,False
GO_BP_2023,Positive Regulation Of Protein Polyubiquitination (GO:1902916),3,0,0.69608,0.98727,0.961542032892963,False
GO_BP_2023,Negative Regulation Of Cell Cycle G1/S Phase Transition (GO:1902807),3,0,0.97524,0.98733,0.99710685770751,False
GO_BP_2023,Positive Regulation Of Receptor Signaling Pathway Via STAT (GO:1904894),3,0,0.95928,0.98744,0.992808218344156,False
GO_BP_2023,Regulation Of Natural Killer Cell Activation (GO:0032814),3,0,0.96972,0.98745,0.9959775403225808,False
GO_BP_2023,Glucose Metabolic Process (GO:0006006),3,0,0.71696,0.98749,0.9630497782415862,False
GO_BP_2023,Regulation Of T-helper 17 Cell Differentiation (GO:2000319),3,0,0.89804,0.9876,0.9838880318006016,False
Reactome_2022,Digestion Of Dietary Carbohydrate R-HSA-189085,3,0,0.6748,0.98774,0.959422346368715,False
GO_BP_2023,Stem Cell Development (GO:0048864),3,0,0.94014,0.98788,0.9913661567087036,False
Reactome_2022,Apoptotic Execution Phase R-HSA-75153,3,0,0.31107,0.9881,0.9689528907922912,False
Reactome_2022,Metabolism Of Cofactors R-HSA-8978934,3,0,0.90248,0.98816,0.984280928938356,False
Reactome_2022,Phenylalanine And Tyrosine Metabolism R-HSA-8963691,3,0,0.53937,0.98833,0.9722129199861448,False
GO_BP_2023,Determination Of Bilateral Symmetry (GO:0009855),3,0,0.76596,0.98858,0.9664691125433812,False
GO_BP_2023,Phenol-Containing Compound Biosynthetic Process (GO:0046189),3,0,0.88715,0.9887,0.9872367447860676,False
Reactome_2022,Gamma-carboxylation Of Protein Precursors R-HSA-159740,3,0,0.90795,0.98879,0.9882077941490498,False
GO_BP_2023,Positive Chemotaxis (GO:0050918),3,0,0.83911,0.98907,0.9865069984094524,False
GO_BP_2023,Left/Right Pattern Formation (GO:0060972),3,0,0.8181,0.98913,0.9735597498842056,False
Reactome_2022,SUMOylation Of Transcription Factors R-HSA-3232118,3,0,0.96673,0.9893,0.993334892158839,False
GO_BP_2023,mRNA Metabolic Process (GO:0016071),3,0,0.94658,0.98934,0.994161407035176,False
GO_BP_2023,Neutrophil Migration (GO:1990266),3,0,0.98118,0.98939,0.99710685770751,False
Reactome_2022,Transcriptional Regulation By VENTX R-HSA-8853884,3,0,0.9572,0.98941,0.992808218344156,False
GO_BP_2023,Embryonic Organ Development (GO:0048568),3,0,0.97033,0.98947,0.9934395741261552,False
GO_BP_2023,Negative Regulation Of Angiogenesis (GO:0016525),3,0,0.97797,0.98974,0.996434446889378,False
GO_BP_2023,Stabilization Of Membrane Potential (GO:0030322),3,0,0.90719,0.98978,0.9862213935648838,False
GO_BP_2023,Negative Regulation Of Lymphocyte Activation (GO:0051250),3,0,0.87862,0.98982,0.9872367447860676,False
GO_BP_2023,Positive Regulation Of Leukocyte Chemotaxis (GO:0002690),3,0,0.9644,0.9899,0.9959306023119042,False
GO_BP_2023,Protein Homooligomerization (GO:0051260),3,0,0.95091,0.98993,0.9956566945180354,False
GO_BP_2023,Negative Regulation Of Small GTPase Mediated Signal Transduction (GO:0051058),3,0,0.88864,0.98995,0.9816113039704926,False
GO_BP_2023,Membrane Depolarization During Action Potential (GO:0086010),3,0,0.8456,0.99003,0.976142569832402,False
GO_BP_2023,Regulation Of Receptor Signaling Pathway Via STAT (GO:1904892),3,0,0.93835,0.99025,0.9913245122457452,False
GO_BP_2023,Negative Regulation Of Growth (GO:0045926),3,0,0.96919,0.99037,0.9934395741261552,False
GO_BP_2023,Mitotic intra-S DNA Damage Checkpoint Signaling (GO:0031573),3,0,0.83415,0.99057,0.9862213935648838,False
GO_BP_2023,Vascular Transport (GO:0010232),3,0,0.96929,0.99057,0.9959775403225808,False
Reactome_2022,Activated Point Mutants Of FGFR2 R-HSA-2033519,3,0,0.90191,0.99062,0.9872367447860676,False
GO_BP_2023,Angiogenesis Involved In Wound Healing (GO:0060055),3,0,0.34004,0.99063,0.922255873493976,False
Reactome_2022,Cardiac Conduction R-HSA-5576891,3,0,0.92695,0.99076,0.9916466078554926,False
GO_BP_2023,"Regulation Of Phagocytosis, Engulfment (GO:0060099)",3,0,0.88385,0.99079,0.9872367447860676,False
GO_BP_2023,Protein Transport To Vacuole Involved In Ubiquitin-Dependent Protein Catabolic Process Via The Multivesicular Body Sorting Pathway (GO:0043328),3,0,0.95986,0.99089,0.993334892158839,False
GO_BP_2023,Negative Regulation Of Mitotic Metaphase/Anaphase Transition (GO:0045841),3,0,0.79544,0.991,0.9834347762998792,False
GO_BP_2023,Response To Copper Ion (GO:0046688),3,0,0.86726,0.99104,0.9872367447860676,False
GO_BP_2023,Amide Transport (GO:0042886),3,0,0.94431,0.99107,0.9915273851226044,False
Reactome_2022,"Tetrahydrobiopterin (BH4) Synthesis, Recycling, Salvage And Regulation R-HSA-1474151",3,0,0.84974,0.99136,0.9865069984094524,False
Reactome_2022,TFAP2 (AP-2) Family Regulates Transcription Of Growth Factors And Their Receptors R-HSA-8866910,3,0,0.97148,0.99154,0.9934395741261552,False
GO_BP_2023,Glycerophospholipid Biosynthetic Process (GO:0046474),3,0,0.83776,0.99157,0.9865069984094524,False
GO_BP_2023,Positive Regulation Of Smooth Muscle Cell Proliferation (GO:0048661),3,0,0.82557,0.99187,0.9735597498842056,False
GO_BP_2023,Biogenic Amine Metabolic Process (GO:0006576),3,0,0.77945,0.99197,0.9695504643206256,False
GO_BP_2023,Potassium Ion Transmembrane Transport (GO:0071805),3,0,0.94273,0.9923,0.9937990474218265,False
Reactome_2022,SLC-mediated Transmembrane Transport R-HSA-425407,3,0,0.9807,0.99251,0.9976098519249752,False
Reactome_2022,Transcriptional Regulation By AP-2 (TFAP2) Family Of Transcription Factors R-HSA-8864260,3,0,0.98753,0.9927,0.99710685770751,False
Reactome_2022,Translesion Synthesis By POLI R-HSA-5656121,3,0,0.96022,0.99271,0.9951046884391904,False
GO_BP_2023,Branching Involved In Ureteric Bud Morphogenesis (GO:0001658),3,0,0.97746,0.99281,0.996434446889378,False
GO_BP_2023,Regulation Of Monoatomic Cation Transmembrane Transport (GO:1904062),3,0,0.8698,0.99294,0.9872367447860676,False
GO_BP_2023,Homologous Chromosome Segregation (GO:0045143),3,0,0.98454,0.99299,0.99710685770751,False
GO_BP_2023,Respiratory Tube Development (GO:0030323),3,0,0.93182,0.99316,0.9893541510221108,False
GO_BP_2023,Cardiac Ventricle Development (GO:0003231),3,0,0.87232,0.99325,0.9872367447860676,False
Reactome_2022,COPII-mediated Vesicle Transport R-HSA-204005,3,0,0.94505,0.9934,0.9915273851226044,False
GO_BP_2023,Glycolytic Process (GO:0006096),3,0,0.63799,0.99344,0.9560217647058824,False
GO_BP_2023,Acute Inflammatory Response (GO:0002526),3,0,0.94669,0.99369,0.9919003911074517,False
Reactome_2022,Meiotic Recombination R-HSA-912446,3,0,0.8406,0.9937,0.9865069984094524,False
Reactome_2022,Aggrephagy R-HSA-9646399,3,0,0.96812,0.99373,0.9959775403225808,False
GO_BP_2023,Intracellular Monoatomic Cation Homeostasis (GO:0030003),3,0,0.94018,0.99378,0.9913661567087036,False
Reactome_2022,Depolymerisation Of Nuclear Lamina R-HSA-4419969,3,0,0.76552,0.9939,0.9802537908820615,False
GO_BP_2023,Regulation Of Receptor Signaling Pathway Via JAK-STAT (GO:0046425),3,0,0.9709,0.99403,0.9934395741261552,False
GO_BP_2023,Axoneme Assembly (GO:0035082),3,0,0.61968,0.99413,0.9541864256075874,False
Reactome_2022,GABA Receptor Activation R-HSA-977443,3,0,0.98999,0.99415,0.99710685770751,False
Reactome_2022,Removal Of Aminoterminal Propeptides From Gamma-Carboxylated Proteins R-HSA-159782,3,0,0.98134,0.99432,0.9973335313923548,False
GO_BP_2023,Branching Involved In Blood Vessel Morphogenesis (GO:0001569),3,0,0.99123,0.9944,0.99710685770751,False
GO_BP_2023,Regulation Of T Cell Mediated Immunity (GO:0002709),3,0,0.90042,0.99441,0.9839391799055388,False
GO_BP_2023,Regulation Of Lymphocyte Differentiation (GO:0045619),3,0,0.90712,0.99444,0.9882077941490498,False
Reactome_2022,"Gamma-carboxylation, Transport, And Amino-Terminal Cleavage Of Proteins R-HSA-159854",3,0,0.97819,0.99458,0.99718185963521,False
GO_BP_2023,Negative Regulation Of Blood Vessel Morphogenesis (GO:2000181),3,0,0.98897,0.99474,0.99710685770751,False
GO_BP_2023,Secretion (GO:0046903),3,0,0.98702,0.99483,0.99710685770751,False
GO_BP_2023,Embryonic Cranial Skeleton Morphogenesis (GO:0048701),3,0,0.67827,0.99484,0.9757301514332072,False
Reactome_2022,SLC Transporter Disorders R-HSA-5619102,3,0,0.97478,0.99488,0.997709543901949,False
GO_BP_2023,Intracellular Calcium Ion Homeostasis (GO:0006874),3,0,0.90734,0.99501,0.9843016620498616,False
GO_BP_2023,Dendritic Cell Migration (GO:0036336),3,0,0.92747,0.99507,0.9893541021347844,False
Reactome_2022,Meiosis R-HSA-1500620,3,0,0.87723,0.99509,0.9872367447860676,False
GO_BP_2023,Cilium-Dependent Cell Motility (GO:0060285),3,0,0.94396,0.99512,0.9915273851226044,False
Reactome_2022,Gap-filling DNA Repair Synthesis And Ligation In GG-NER R-HSA-5696397,3,0,0.99046,0.99525,0.99710685770751,False
GO_BP_2023,Negative Regulation Of Tumor Necrosis Factor-Mediated Signaling Pathway (GO:0010804),3,0,0.94347,0.99537,0.9915273851226044,False
Reactome_2022,Translesion Synthesis By REV1 R-HSA-110312,3,0,0.98138,0.99543,0.99718185963521,False
GO_BP_2023,Morphogenesis Of A Polarized Epithelium (GO:0001738),3,0,0.75908,0.99553,0.9651041708291708,False
GO_BP_2023,Regulation Of Smooth Muscle Cell Proliferation (GO:0048660),3,0,0.97647,0.9957,0.99710685770751,False
GO_BP_2023,Negative Regulation Of Interleukin-8 Production (GO:0032717),3,0,0.9045,0.99576,0.9843016620498616,False
GO_BP_2023,Monocyte Chemotaxis (GO:0002548),3,0,0.99454,0.99584,0.997996771017917,False
Reactome_2022,Transport Of Inorganic Cations/Anions And Amino Acids/Oligopeptides R-HSA-425393,3,0,0.99261,0.99592,0.9976098519249752,False
GO_BP_2023,Positive Regulation Of Growth (GO:0045927),3,0,0.87213,0.99639,0.9872367447860676,False
GO_BP_2023,Protein Homotrimerization (GO:0070207),3,0,0.98719,0.9964,0.99710685770751,False
GO_BP_2023,Protein Trimerization (GO:0070206),3,0,0.98719,0.9964,0.99710685770751,False
Reactome_2022,Translesion Synthesis By POLK R-HSA-5655862,3,0,0.98939,0.99662,0.9978912339585392,False
Reactome_2022,Apoptotic Cleavage Of Cellular Proteins R-HSA-111465,3,0,0.32234,0.99665,0.9689528907922912,False
GO_BP_2023,Negative Regulation Of Cell Growth (GO:0030308),3,0,0.90043,0.99671,0.9839391799055388,False
GO_BP_2023,Negative Regulation Of Ras Protein Signal Transduction (GO:0046580),3,0,0.95843,0.99716,0.9956566945180354,False
GO_BP_2023,Positive Regulation Of Mononuclear Cell Migration (GO:0071677),3,0,0.98781,0.99716,0.99710685770751,False
Reactome_2022,FGFR2 Ligand Binding And Activation R-HSA-190241,3,0,0.97029,0.99735,0.9959775403225808,False
Reactome_2022,Regulation Of Localization Of FOXO Transcription Factors R-HSA-9614399,3,0,0.94284,0.99771,0.9937990474218265,False
GO_BP_2023,Determination Of Left/Right Symmetry (GO:0007368),3,0,0.82386,0.99798,0.9735597498842056,False
GO_BP_2023,Mitotic Spindle Elongation (GO:0000022),3,0,0.99539,0.99799,0.9977823355651833,False
GO_BP_2023,Mitotic Spindle Midzone Assembly (GO:0051256),3,0,0.99539,0.99799,0.9977823355651833,False
GO_BP_2023,Positive Regulation Of Cell Population Proliferation (GO:0008284),3,0,0.98864,0.99829,0.9980791215284616,False
GO_BP_2023,Cardiac Muscle Cell Contraction (GO:0086003),3,0,0.97679,0.99832,0.996434446889378,False
Reactome_2022,Apoptotic Cleavage Of Cell Adhesion Proteins R-HSA-351906,3,0,0.71978,0.99833,0.9802537908820615,False
GO_BP_2023,Positive Regulation Of Monocyte Chemotaxis (GO:0090026),3,0,0.97998,0.99837,0.9970214271437136,False
GO_BP_2023,Membrane Depolarization During Cardiac Muscle Cell Action Potential (GO:0086012),3,0,0.84836,0.99845,0.976142569832402,False
GO_BP_2023,Cardiac Muscle Cell Action Potential (GO:0086001),3,0,0.9292,0.99846,0.9893541510221108,False
GO_BP_2023,Phospholipid Transport (GO:0015914),3,0,0.89461,0.99888,0.9838398102221264,False
GO_BP_2023,Branching Morphogenesis Of An Epithelial Tube (GO:0048754),3,0,0.99625,0.999,0.9981404916420848,False
GO_BP_2023,Regulation Of Lymphocyte Proliferation (GO:0050670),3,0,0.96263,0.99921,0.9959306023119042,False
GO_BP_2023,Protein Localization To Phagophore Assembly Site (GO:0034497),3,0,0.87582,0.99936,0.9783701558042572,False
GO_BP_2023,Inner Dynein Arm Assembly (GO:0036159),3,0,0.91889,0.99949,0.9876359612141652,False
Reactome_2022,Phase 4 - Resting Membrane Potential R-HSA-5576886,3,0,0.96482,0.99962,0.9959306023119042,False
Reactome_2022,FGFR2b Ligand Binding And Activation R-HSA-190377,3,0,0.9739,0.99988,0.9974146881287728,False
